WARNING - 2025-02-07 08:40:19 --> [DEPRECATED] Passing lowercase HTTP method "get" is deprecated. Use uppercase HTTP method like "GET". in SYSTEMPATH/Router/RouteCollection.php on line 1026.
 1 SYSTEMPATH/Router/RouteCollection.php(1026): trigger_error('Passing lowercase HTTP method "get" is deprecated. Use uppercase HTTP method like "GET".', 16384)
 2 ROOTPATH/Modules/Templates/Config/Routes.php(7): CodeIgniter\Router\RouteCollection->match([...], '/', 'Templates::index')
 3 SYSTEMPATH/Router/RouteCollection.php(799): CodeIgniter\Router\RouteCollection::{closure}(Object(CodeIgniter\Router\RouteCollection))
 4 ROOTPATH/Modules/Templates/Config/Routes.php(4): CodeIgniter\Router\RouteCollection->group('', [...], Object(Closure))
 5 SYSTEMPATH/Router/RouteCollection.php(372): include('/Users/alanmartin/Sites/localhost/hmvc-master/Ci4/Modules/Templates/Config/Routes.php')
 6 SYSTEMPATH/Router/RouteCollection.php(342): CodeIgniter\Router\RouteCollection->discoverRoutes()
 7 SYSTEMPATH/CodeIgniter.php(821): CodeIgniter\Router\RouteCollection->loadRoutes()
 8 SYSTEMPATH/CodeIgniter.php(455): CodeIgniter\CodeIgniter->tryToRouteIt(null)
 9 SYSTEMPATH/CodeIgniter.php(354): CodeIgniter\CodeIgniter->handleRequest(null, Object(Config\Cache), false)
10 SYSTEMPATH/Boot.php(334): CodeIgniter\CodeIgniter->run()
11 SYSTEMPATH/Boot.php(67): CodeIgniter\Boot::runCodeIgniter(Object(CodeIgniter\CodeIgniter))
12 FCPATH/index.php(56): CodeIgniter\Boot::bootWeb(Object(Config\Paths))
WARNING - 2025-02-07 08:40:19 --> [DEPRECATED] Passing lowercase HTTP method "post" is deprecated. Use uppercase HTTP method like "POST". in SYSTEMPATH/Router/RouteCollection.php on line 1026.
 1 SYSTEMPATH/Router/RouteCollection.php(1026): trigger_error('Passing lowercase HTTP method "post" is deprecated. Use uppercase HTTP method like "POST".', 16384)
 2 ROOTPATH/Modules/Templates/Config/Routes.php(7): CodeIgniter\Router\RouteCollection->match([...], '/', 'Templates::index')
 3 SYSTEMPATH/Router/RouteCollection.php(799): CodeIgniter\Router\RouteCollection::{closure}(Object(CodeIgniter\Router\RouteCollection))
 4 ROOTPATH/Modules/Templates/Config/Routes.php(4): CodeIgniter\Router\RouteCollection->group('', [...], Object(Closure))
 5 SYSTEMPATH/Router/RouteCollection.php(372): include('/Users/alanmartin/Sites/localhost/hmvc-master/Ci4/Modules/Templates/Config/Routes.php')
 6 SYSTEMPATH/Router/RouteCollection.php(342): CodeIgniter\Router\RouteCollection->discoverRoutes()
 7 SYSTEMPATH/CodeIgniter.php(821): CodeIgniter\Router\RouteCollection->loadRoutes()
 8 SYSTEMPATH/CodeIgniter.php(455): CodeIgniter\CodeIgniter->tryToRouteIt(null)
 9 SYSTEMPATH/CodeIgniter.php(354): CodeIgniter\CodeIgniter->handleRequest(null, Object(Config\Cache), false)
10 SYSTEMPATH/Boot.php(334): CodeIgniter\CodeIgniter->run()
11 SYSTEMPATH/Boot.php(67): CodeIgniter\Boot::runCodeIgniter(Object(CodeIgniter\CodeIgniter))
12 FCPATH/index.php(56): CodeIgniter\Boot::bootWeb(Object(Config\Paths))
DEBUG - 2025-02-07 08:40:19 --> Session: Class initialized using 'CodeIgniter\Session\Handlers\FileHandler' driver.
WARNING - 2025-02-07 08:40:19 --> [DEPRECATED] Passing lowercase HTTP method "get" is deprecated. Use uppercase HTTP method like "GET". in SYSTEMPATH/Router/RouteCollection.php on line 1026.
 1 SYSTEMPATH/Router/RouteCollection.php(1026): trigger_error('Passing lowercase HTTP method "get" is deprecated. Use uppercase HTTP method like "GET".', 16384)
 2 ROOTPATH/Modules/Templates/Config/Routes.php(7): CodeIgniter\Router\RouteCollection->match([...], '/', 'Templates::index')
 3 SYSTEMPATH/Router/RouteCollection.php(799): CodeIgniter\Router\RouteCollection::{closure}(Object(CodeIgniter\Router\RouteCollection))
 4 ROOTPATH/Modules/Templates/Config/Routes.php(4): CodeIgniter\Router\RouteCollection->group('', [...], Object(Closure))
 5 SYSTEMPATH/Router/RouteCollection.php(372): include('/Users/alanmartin/Sites/localhost/hmvc-master/Ci4/Modules/Templates/Config/Routes.php')
 6 SYSTEMPATH/Router/RouteCollection.php(342): CodeIgniter\Router\RouteCollection->discoverRoutes()
 7 SYSTEMPATH/CodeIgniter.php(821): CodeIgniter\Router\RouteCollection->loadRoutes()
 8 SYSTEMPATH/CodeIgniter.php(455): CodeIgniter\CodeIgniter->tryToRouteIt(null)
 9 SYSTEMPATH/CodeIgniter.php(354): CodeIgniter\CodeIgniter->handleRequest(null, Object(Config\Cache), false)
10 SYSTEMPATH/Boot.php(334): CodeIgniter\CodeIgniter->run()
11 SYSTEMPATH/Boot.php(67): CodeIgniter\Boot::runCodeIgniter(Object(CodeIgniter\CodeIgniter))
12 FCPATH/index.php(56): CodeIgniter\Boot::bootWeb(Object(Config\Paths))
WARNING - 2025-02-07 08:40:19 --> [DEPRECATED] Passing lowercase HTTP method "post" is deprecated. Use uppercase HTTP method like "POST". in SYSTEMPATH/Router/RouteCollection.php on line 1026.
 1 SYSTEMPATH/Router/RouteCollection.php(1026): trigger_error('Passing lowercase HTTP method "post" is deprecated. Use uppercase HTTP method like "POST".', 16384)
 2 ROOTPATH/Modules/Templates/Config/Routes.php(7): CodeIgniter\Router\RouteCollection->match([...], '/', 'Templates::index')
 3 SYSTEMPATH/Router/RouteCollection.php(799): CodeIgniter\Router\RouteCollection::{closure}(Object(CodeIgniter\Router\RouteCollection))
 4 ROOTPATH/Modules/Templates/Config/Routes.php(4): CodeIgniter\Router\RouteCollection->group('', [...], Object(Closure))
 5 SYSTEMPATH/Router/RouteCollection.php(372): include('/Users/alanmartin/Sites/localhost/hmvc-master/Ci4/Modules/Templates/Config/Routes.php')
 6 SYSTEMPATH/Router/RouteCollection.php(342): CodeIgniter\Router\RouteCollection->discoverRoutes()
 7 SYSTEMPATH/CodeIgniter.php(821): CodeIgniter\Router\RouteCollection->loadRoutes()
 8 SYSTEMPATH/CodeIgniter.php(455): CodeIgniter\CodeIgniter->tryToRouteIt(null)
 9 SYSTEMPATH/CodeIgniter.php(354): CodeIgniter\CodeIgniter->handleRequest(null, Object(Config\Cache), false)
10 SYSTEMPATH/Boot.php(334): CodeIgniter\CodeIgniter->run()
11 SYSTEMPATH/Boot.php(67): CodeIgniter\Boot::runCodeIgniter(Object(CodeIgniter\CodeIgniter))
12 FCPATH/index.php(56): CodeIgniter\Boot::bootWeb(Object(Config\Paths))
DEBUG - 2025-02-07 08:40:20 --> Session: Class initialized using 'CodeIgniter\Session\Handlers\FileHandler' driver.
WARNING - 2025-02-07 08:40:29 --> [DEPRECATED] Passing lowercase HTTP method "get" is deprecated. Use uppercase HTTP method like "GET". in SYSTEMPATH/Router/RouteCollection.php on line 1026.
 1 SYSTEMPATH/Router/RouteCollection.php(1026): trigger_error('Passing lowercase HTTP method "get" is deprecated. Use uppercase HTTP method like "GET".', 16384)
 2 ROOTPATH/Modules/Templates/Config/Routes.php(7): CodeIgniter\Router\RouteCollection->match([...], '/', 'Templates::index')
 3 SYSTEMPATH/Router/RouteCollection.php(799): CodeIgniter\Router\RouteCollection::{closure}(Object(CodeIgniter\Router\RouteCollection))
 4 ROOTPATH/Modules/Templates/Config/Routes.php(4): CodeIgniter\Router\RouteCollection->group('', [...], Object(Closure))
 5 SYSTEMPATH/Router/RouteCollection.php(372): include('/Users/alanmartin/Sites/localhost/hmvc-master/Ci4/Modules/Templates/Config/Routes.php')
 6 SYSTEMPATH/Router/RouteCollection.php(342): CodeIgniter\Router\RouteCollection->discoverRoutes()
 7 SYSTEMPATH/CodeIgniter.php(821): CodeIgniter\Router\RouteCollection->loadRoutes()
 8 SYSTEMPATH/CodeIgniter.php(455): CodeIgniter\CodeIgniter->tryToRouteIt(null)
 9 SYSTEMPATH/CodeIgniter.php(354): CodeIgniter\CodeIgniter->handleRequest(null, Object(Config\Cache), false)
10 SYSTEMPATH/Boot.php(334): CodeIgniter\CodeIgniter->run()
11 SYSTEMPATH/Boot.php(67): CodeIgniter\Boot::runCodeIgniter(Object(CodeIgniter\CodeIgniter))
12 FCPATH/index.php(56): CodeIgniter\Boot::bootWeb(Object(Config\Paths))
WARNING - 2025-02-07 08:40:29 --> [DEPRECATED] Passing lowercase HTTP method "post" is deprecated. Use uppercase HTTP method like "POST". in SYSTEMPATH/Router/RouteCollection.php on line 1026.
 1 SYSTEMPATH/Router/RouteCollection.php(1026): trigger_error('Passing lowercase HTTP method "post" is deprecated. Use uppercase HTTP method like "POST".', 16384)
 2 ROOTPATH/Modules/Templates/Config/Routes.php(7): CodeIgniter\Router\RouteCollection->match([...], '/', 'Templates::index')
 3 SYSTEMPATH/Router/RouteCollection.php(799): CodeIgniter\Router\RouteCollection::{closure}(Object(CodeIgniter\Router\RouteCollection))
 4 ROOTPATH/Modules/Templates/Config/Routes.php(4): CodeIgniter\Router\RouteCollection->group('', [...], Object(Closure))
 5 SYSTEMPATH/Router/RouteCollection.php(372): include('/Users/alanmartin/Sites/localhost/hmvc-master/Ci4/Modules/Templates/Config/Routes.php')
 6 SYSTEMPATH/Router/RouteCollection.php(342): CodeIgniter\Router\RouteCollection->discoverRoutes()
 7 SYSTEMPATH/CodeIgniter.php(821): CodeIgniter\Router\RouteCollection->loadRoutes()
 8 SYSTEMPATH/CodeIgniter.php(455): CodeIgniter\CodeIgniter->tryToRouteIt(null)
 9 SYSTEMPATH/CodeIgniter.php(354): CodeIgniter\CodeIgniter->handleRequest(null, Object(Config\Cache), false)
10 SYSTEMPATH/Boot.php(334): CodeIgniter\CodeIgniter->run()
11 SYSTEMPATH/Boot.php(67): CodeIgniter\Boot::runCodeIgniter(Object(CodeIgniter\CodeIgniter))
12 FCPATH/index.php(56): CodeIgniter\Boot::bootWeb(Object(Config\Paths))
DEBUG - 2025-02-07 08:40:29 --> Session: Class initialized using 'CodeIgniter\Session\Handlers\FileHandler' driver.
WARNING - 2025-02-07 08:40:29 --> [DEPRECATED] Creation of dynamic property Modules\Quiz\Controllers\Quiz::$db is deprecated in ROOTPATH/Modules/Quiz/Controllers/Quiz.php on line 40.
 1 SYSTEMPATH/CodeIgniter.php(903): Modules\Quiz\Controllers\Quiz->__construct()
 2 SYSTEMPATH/CodeIgniter.php(498): CodeIgniter\CodeIgniter->createController()
 3 SYSTEMPATH/CodeIgniter.php(354): CodeIgniter\CodeIgniter->handleRequest(null, Object(Config\Cache), false)
 4 SYSTEMPATH/Boot.php(334): CodeIgniter\CodeIgniter->run()
 5 SYSTEMPATH/Boot.php(67): CodeIgniter\Boot::runCodeIgniter(Object(CodeIgniter\CodeIgniter))
 6 FCPATH/index.php(56): CodeIgniter\Boot::bootWeb(Object(Config\Paths))
WARNING - 2025-02-07 08:40:29 --> Session: Sessions is enabled, and one exists. Please don't $session->start();
WARNING - 2025-02-07 08:40:29 --> [DEPRECATED] Passing lowercase HTTP method "get" is deprecated. Use uppercase HTTP method like "GET". in SYSTEMPATH/Router/RouteCollection.php on line 1026.
 1 SYSTEMPATH/Router/RouteCollection.php(1026): trigger_error('Passing lowercase HTTP method "get" is deprecated. Use uppercase HTTP method like "GET".', 16384)
 2 ROOTPATH/Modules/Templates/Config/Routes.php(7): CodeIgniter\Router\RouteCollection->match([...], '/', 'Templates::index')
 3 SYSTEMPATH/Router/RouteCollection.php(799): CodeIgniter\Router\RouteCollection::{closure}(Object(CodeIgniter\Router\RouteCollection))
 4 ROOTPATH/Modules/Templates/Config/Routes.php(4): CodeIgniter\Router\RouteCollection->group('', [...], Object(Closure))
 5 SYSTEMPATH/Router/RouteCollection.php(372): include('/Users/alanmartin/Sites/localhost/hmvc-master/Ci4/Modules/Templates/Config/Routes.php')
 6 SYSTEMPATH/Router/RouteCollection.php(342): CodeIgniter\Router\RouteCollection->discoverRoutes()
 7 SYSTEMPATH/CodeIgniter.php(821): CodeIgniter\Router\RouteCollection->loadRoutes()
 8 SYSTEMPATH/CodeIgniter.php(455): CodeIgniter\CodeIgniter->tryToRouteIt(null)
 9 SYSTEMPATH/CodeIgniter.php(354): CodeIgniter\CodeIgniter->handleRequest(null, Object(Config\Cache), false)
10 SYSTEMPATH/Boot.php(334): CodeIgniter\CodeIgniter->run()
11 SYSTEMPATH/Boot.php(67): CodeIgniter\Boot::runCodeIgniter(Object(CodeIgniter\CodeIgniter))
12 FCPATH/index.php(56): CodeIgniter\Boot::bootWeb(Object(Config\Paths))
WARNING - 2025-02-07 08:40:29 --> [DEPRECATED] Passing lowercase HTTP method "post" is deprecated. Use uppercase HTTP method like "POST". in SYSTEMPATH/Router/RouteCollection.php on line 1026.
 1 SYSTEMPATH/Router/RouteCollection.php(1026): trigger_error('Passing lowercase HTTP method "post" is deprecated. Use uppercase HTTP method like "POST".', 16384)
 2 ROOTPATH/Modules/Templates/Config/Routes.php(7): CodeIgniter\Router\RouteCollection->match([...], '/', 'Templates::index')
 3 SYSTEMPATH/Router/RouteCollection.php(799): CodeIgniter\Router\RouteCollection::{closure}(Object(CodeIgniter\Router\RouteCollection))
 4 ROOTPATH/Modules/Templates/Config/Routes.php(4): CodeIgniter\Router\RouteCollection->group('', [...], Object(Closure))
 5 SYSTEMPATH/Router/RouteCollection.php(372): include('/Users/alanmartin/Sites/localhost/hmvc-master/Ci4/Modules/Templates/Config/Routes.php')
 6 SYSTEMPATH/Router/RouteCollection.php(342): CodeIgniter\Router\RouteCollection->discoverRoutes()
 7 SYSTEMPATH/CodeIgniter.php(821): CodeIgniter\Router\RouteCollection->loadRoutes()
 8 SYSTEMPATH/CodeIgniter.php(455): CodeIgniter\CodeIgniter->tryToRouteIt(null)
 9 SYSTEMPATH/CodeIgniter.php(354): CodeIgniter\CodeIgniter->handleRequest(null, Object(Config\Cache), false)
10 SYSTEMPATH/Boot.php(334): CodeIgniter\CodeIgniter->run()
11 SYSTEMPATH/Boot.php(67): CodeIgniter\Boot::runCodeIgniter(Object(CodeIgniter\CodeIgniter))
12 FCPATH/index.php(56): CodeIgniter\Boot::bootWeb(Object(Config\Paths))
DEBUG - 2025-02-07 08:40:29 --> Session: Class initialized using 'CodeIgniter\Session\Handlers\FileHandler' driver.
WARNING - 2025-02-07 08:40:34 --> [DEPRECATED] Passing lowercase HTTP method "get" is deprecated. Use uppercase HTTP method like "GET". in SYSTEMPATH/Router/RouteCollection.php on line 1026.
 1 SYSTEMPATH/Router/RouteCollection.php(1026): trigger_error('Passing lowercase HTTP method "get" is deprecated. Use uppercase HTTP method like "GET".', 16384)
 2 ROOTPATH/Modules/Templates/Config/Routes.php(7): CodeIgniter\Router\RouteCollection->match([...], '/', 'Templates::index')
 3 SYSTEMPATH/Router/RouteCollection.php(799): CodeIgniter\Router\RouteCollection::{closure}(Object(CodeIgniter\Router\RouteCollection))
 4 ROOTPATH/Modules/Templates/Config/Routes.php(4): CodeIgniter\Router\RouteCollection->group('', [...], Object(Closure))
 5 SYSTEMPATH/Router/RouteCollection.php(372): include('/Users/alanmartin/Sites/localhost/hmvc-master/Ci4/Modules/Templates/Config/Routes.php')
 6 SYSTEMPATH/Router/RouteCollection.php(342): CodeIgniter\Router\RouteCollection->discoverRoutes()
 7 SYSTEMPATH/CodeIgniter.php(821): CodeIgniter\Router\RouteCollection->loadRoutes()
 8 SYSTEMPATH/CodeIgniter.php(455): CodeIgniter\CodeIgniter->tryToRouteIt(null)
 9 SYSTEMPATH/CodeIgniter.php(354): CodeIgniter\CodeIgniter->handleRequest(null, Object(Config\Cache), false)
10 SYSTEMPATH/Boot.php(334): CodeIgniter\CodeIgniter->run()
11 SYSTEMPATH/Boot.php(67): CodeIgniter\Boot::runCodeIgniter(Object(CodeIgniter\CodeIgniter))
12 FCPATH/index.php(56): CodeIgniter\Boot::bootWeb(Object(Config\Paths))
WARNING - 2025-02-07 08:40:34 --> [DEPRECATED] Passing lowercase HTTP method "post" is deprecated. Use uppercase HTTP method like "POST". in SYSTEMPATH/Router/RouteCollection.php on line 1026.
 1 SYSTEMPATH/Router/RouteCollection.php(1026): trigger_error('Passing lowercase HTTP method "post" is deprecated. Use uppercase HTTP method like "POST".', 16384)
 2 ROOTPATH/Modules/Templates/Config/Routes.php(7): CodeIgniter\Router\RouteCollection->match([...], '/', 'Templates::index')
 3 SYSTEMPATH/Router/RouteCollection.php(799): CodeIgniter\Router\RouteCollection::{closure}(Object(CodeIgniter\Router\RouteCollection))
 4 ROOTPATH/Modules/Templates/Config/Routes.php(4): CodeIgniter\Router\RouteCollection->group('', [...], Object(Closure))
 5 SYSTEMPATH/Router/RouteCollection.php(372): include('/Users/alanmartin/Sites/localhost/hmvc-master/Ci4/Modules/Templates/Config/Routes.php')
 6 SYSTEMPATH/Router/RouteCollection.php(342): CodeIgniter\Router\RouteCollection->discoverRoutes()
 7 SYSTEMPATH/CodeIgniter.php(821): CodeIgniter\Router\RouteCollection->loadRoutes()
 8 SYSTEMPATH/CodeIgniter.php(455): CodeIgniter\CodeIgniter->tryToRouteIt(null)
 9 SYSTEMPATH/CodeIgniter.php(354): CodeIgniter\CodeIgniter->handleRequest(null, Object(Config\Cache), false)
10 SYSTEMPATH/Boot.php(334): CodeIgniter\CodeIgniter->run()
11 SYSTEMPATH/Boot.php(67): CodeIgniter\Boot::runCodeIgniter(Object(CodeIgniter\CodeIgniter))
12 FCPATH/index.php(56): CodeIgniter\Boot::bootWeb(Object(Config\Paths))
DEBUG - 2025-02-07 08:40:34 --> Session: Class initialized using 'CodeIgniter\Session\Handlers\FileHandler' driver.
WARNING - 2025-02-07 08:40:34 --> [DEPRECATED] Creation of dynamic property Modules\Quiz\Controllers\Quiz::$db is deprecated in ROOTPATH/Modules/Quiz/Controllers/Quiz.php on line 40.
 1 SYSTEMPATH/CodeIgniter.php(903): Modules\Quiz\Controllers\Quiz->__construct()
 2 SYSTEMPATH/CodeIgniter.php(498): CodeIgniter\CodeIgniter->createController()
 3 SYSTEMPATH/CodeIgniter.php(354): CodeIgniter\CodeIgniter->handleRequest(null, Object(Config\Cache), false)
 4 SYSTEMPATH/Boot.php(334): CodeIgniter\CodeIgniter->run()
 5 SYSTEMPATH/Boot.php(67): CodeIgniter\Boot::runCodeIgniter(Object(CodeIgniter\CodeIgniter))
 6 FCPATH/index.php(56): CodeIgniter\Boot::bootWeb(Object(Config\Paths))
WARNING - 2025-02-07 08:40:34 --> Session: Sessions is enabled, and one exists. Please don't $session->start();
CRITICAL - 2025-02-07 08:40:34 --> TypeError: Modules\Quiz\Model\QuizModel::getNumRows(): Return value must be of type string|int, none returned
[Method: GET, Route: create]
in ROOTPATH/Modules/Quiz/Model/QuizModel.php on line 72.
 1 ROOTPATH/Modules/Quiz/Controllers/Quiz.php(227): Modules\Quiz\Model\QuizModel->getNumRows()
 2 ROOTPATH/Modules/Quiz/Controllers/Quiz.php(269): Modules\Quiz\Controllers\Quiz->submit_create_form()
 3 SYSTEMPATH/CodeIgniter.php(933): Modules\Quiz\Controllers\Quiz->create()
 4 SYSTEMPATH/CodeIgniter.php(507): CodeIgniter\CodeIgniter->runController(Object(Modules\Quiz\Controllers\Quiz))
 5 SYSTEMPATH/CodeIgniter.php(354): CodeIgniter\CodeIgniter->handleRequest(null, Object(Config\Cache), false)
 6 SYSTEMPATH/Boot.php(334): CodeIgniter\CodeIgniter->run()
 7 SYSTEMPATH/Boot.php(67): CodeIgniter\Boot::runCodeIgniter(Object(CodeIgniter\CodeIgniter))
 8 FCPATH/index.php(56): CodeIgniter\Boot::bootWeb(Object(Config\Paths))
WARNING - 2025-02-07 09:01:10 --> [DEPRECATED] Passing lowercase HTTP method "get" is deprecated. Use uppercase HTTP method like "GET". in SYSTEMPATH/Router/RouteCollection.php on line 1026.
 1 SYSTEMPATH/Router/RouteCollection.php(1026): trigger_error('Passing lowercase HTTP method "get" is deprecated. Use uppercase HTTP method like "GET".', 16384)
 2 ROOTPATH/Modules/Templates/Config/Routes.php(7): CodeIgniter\Router\RouteCollection->match([...], '/', 'Templates::index')
 3 SYSTEMPATH/Router/RouteCollection.php(799): CodeIgniter\Router\RouteCollection::{closure}(Object(CodeIgniter\Router\RouteCollection))
 4 ROOTPATH/Modules/Templates/Config/Routes.php(4): CodeIgniter\Router\RouteCollection->group('', [...], Object(Closure))
 5 SYSTEMPATH/Router/RouteCollection.php(372): include('/Users/alanmartin/Sites/localhost/hmvc-master/Ci4/Modules/Templates/Config/Routes.php')
 6 SYSTEMPATH/Router/RouteCollection.php(342): CodeIgniter\Router\RouteCollection->discoverRoutes()
 7 SYSTEMPATH/CodeIgniter.php(821): CodeIgniter\Router\RouteCollection->loadRoutes()
 8 SYSTEMPATH/CodeIgniter.php(455): CodeIgniter\CodeIgniter->tryToRouteIt(null)
 9 SYSTEMPATH/CodeIgniter.php(354): CodeIgniter\CodeIgniter->handleRequest(null, Object(Config\Cache), false)
10 SYSTEMPATH/Boot.php(334): CodeIgniter\CodeIgniter->run()
11 SYSTEMPATH/Boot.php(67): CodeIgniter\Boot::runCodeIgniter(Object(CodeIgniter\CodeIgniter))
12 FCPATH/index.php(56): CodeIgniter\Boot::bootWeb(Object(Config\Paths))
WARNING - 2025-02-07 09:01:10 --> [DEPRECATED] Passing lowercase HTTP method "post" is deprecated. Use uppercase HTTP method like "POST". in SYSTEMPATH/Router/RouteCollection.php on line 1026.
 1 SYSTEMPATH/Router/RouteCollection.php(1026): trigger_error('Passing lowercase HTTP method "post" is deprecated. Use uppercase HTTP method like "POST".', 16384)
 2 ROOTPATH/Modules/Templates/Config/Routes.php(7): CodeIgniter\Router\RouteCollection->match([...], '/', 'Templates::index')
 3 SYSTEMPATH/Router/RouteCollection.php(799): CodeIgniter\Router\RouteCollection::{closure}(Object(CodeIgniter\Router\RouteCollection))
 4 ROOTPATH/Modules/Templates/Config/Routes.php(4): CodeIgniter\Router\RouteCollection->group('', [...], Object(Closure))
 5 SYSTEMPATH/Router/RouteCollection.php(372): include('/Users/alanmartin/Sites/localhost/hmvc-master/Ci4/Modules/Templates/Config/Routes.php')
 6 SYSTEMPATH/Router/RouteCollection.php(342): CodeIgniter\Router\RouteCollection->discoverRoutes()
 7 SYSTEMPATH/CodeIgniter.php(821): CodeIgniter\Router\RouteCollection->loadRoutes()
 8 SYSTEMPATH/CodeIgniter.php(455): CodeIgniter\CodeIgniter->tryToRouteIt(null)
 9 SYSTEMPATH/CodeIgniter.php(354): CodeIgniter\CodeIgniter->handleRequest(null, Object(Config\Cache), false)
10 SYSTEMPATH/Boot.php(334): CodeIgniter\CodeIgniter->run()
11 SYSTEMPATH/Boot.php(67): CodeIgniter\Boot::runCodeIgniter(Object(CodeIgniter\CodeIgniter))
12 FCPATH/index.php(56): CodeIgniter\Boot::bootWeb(Object(Config\Paths))
DEBUG - 2025-02-07 09:01:10 --> Session: Class initialized using 'CodeIgniter\Session\Handlers\FileHandler' driver.
WARNING - 2025-02-07 09:01:10 --> [DEPRECATED] Passing lowercase HTTP method "get" is deprecated. Use uppercase HTTP method like "GET". in SYSTEMPATH/Router/RouteCollection.php on line 1026.
 1 SYSTEMPATH/Router/RouteCollection.php(1026): trigger_error('Passing lowercase HTTP method "get" is deprecated. Use uppercase HTTP method like "GET".', 16384)
 2 ROOTPATH/Modules/Templates/Config/Routes.php(7): CodeIgniter\Router\RouteCollection->match([...], '/', 'Templates::index')
 3 SYSTEMPATH/Router/RouteCollection.php(799): CodeIgniter\Router\RouteCollection::{closure}(Object(CodeIgniter\Router\RouteCollection))
 4 ROOTPATH/Modules/Templates/Config/Routes.php(4): CodeIgniter\Router\RouteCollection->group('', [...], Object(Closure))
 5 SYSTEMPATH/Router/RouteCollection.php(372): include('/Users/alanmartin/Sites/localhost/hmvc-master/Ci4/Modules/Templates/Config/Routes.php')
 6 SYSTEMPATH/Router/RouteCollection.php(342): CodeIgniter\Router\RouteCollection->discoverRoutes()
 7 SYSTEMPATH/CodeIgniter.php(821): CodeIgniter\Router\RouteCollection->loadRoutes()
 8 SYSTEMPATH/CodeIgniter.php(455): CodeIgniter\CodeIgniter->tryToRouteIt(null)
 9 SYSTEMPATH/CodeIgniter.php(354): CodeIgniter\CodeIgniter->handleRequest(null, Object(Config\Cache), false)
10 SYSTEMPATH/Boot.php(334): CodeIgniter\CodeIgniter->run()
11 SYSTEMPATH/Boot.php(67): CodeIgniter\Boot::runCodeIgniter(Object(CodeIgniter\CodeIgniter))
12 FCPATH/index.php(56): CodeIgniter\Boot::bootWeb(Object(Config\Paths))
WARNING - 2025-02-07 09:01:10 --> [DEPRECATED] Passing lowercase HTTP method "post" is deprecated. Use uppercase HTTP method like "POST". in SYSTEMPATH/Router/RouteCollection.php on line 1026.
 1 SYSTEMPATH/Router/RouteCollection.php(1026): trigger_error('Passing lowercase HTTP method "post" is deprecated. Use uppercase HTTP method like "POST".', 16384)
 2 ROOTPATH/Modules/Templates/Config/Routes.php(7): CodeIgniter\Router\RouteCollection->match([...], '/', 'Templates::index')
 3 SYSTEMPATH/Router/RouteCollection.php(799): CodeIgniter\Router\RouteCollection::{closure}(Object(CodeIgniter\Router\RouteCollection))
 4 ROOTPATH/Modules/Templates/Config/Routes.php(4): CodeIgniter\Router\RouteCollection->group('', [...], Object(Closure))
 5 SYSTEMPATH/Router/RouteCollection.php(372): include('/Users/alanmartin/Sites/localhost/hmvc-master/Ci4/Modules/Templates/Config/Routes.php')
 6 SYSTEMPATH/Router/RouteCollection.php(342): CodeIgniter\Router\RouteCollection->discoverRoutes()
 7 SYSTEMPATH/CodeIgniter.php(821): CodeIgniter\Router\RouteCollection->loadRoutes()
 8 SYSTEMPATH/CodeIgniter.php(455): CodeIgniter\CodeIgniter->tryToRouteIt(null)
 9 SYSTEMPATH/CodeIgniter.php(354): CodeIgniter\CodeIgniter->handleRequest(null, Object(Config\Cache), false)
10 SYSTEMPATH/Boot.php(334): CodeIgniter\CodeIgniter->run()
11 SYSTEMPATH/Boot.php(67): CodeIgniter\Boot::runCodeIgniter(Object(CodeIgniter\CodeIgniter))
12 FCPATH/index.php(56): CodeIgniter\Boot::bootWeb(Object(Config\Paths))
DEBUG - 2025-02-07 09:01:10 --> Session: Class initialized using 'CodeIgniter\Session\Handlers\FileHandler' driver.
WARNING - 2025-02-07 09:01:21 --> [DEPRECATED] Passing lowercase HTTP method "get" is deprecated. Use uppercase HTTP method like "GET". in SYSTEMPATH/Router/RouteCollection.php on line 1026.
 1 SYSTEMPATH/Router/RouteCollection.php(1026): trigger_error('Passing lowercase HTTP method "get" is deprecated. Use uppercase HTTP method like "GET".', 16384)
 2 ROOTPATH/Modules/Templates/Config/Routes.php(7): CodeIgniter\Router\RouteCollection->match([...], '/', 'Templates::index')
 3 SYSTEMPATH/Router/RouteCollection.php(799): CodeIgniter\Router\RouteCollection::{closure}(Object(CodeIgniter\Router\RouteCollection))
 4 ROOTPATH/Modules/Templates/Config/Routes.php(4): CodeIgniter\Router\RouteCollection->group('', [...], Object(Closure))
 5 SYSTEMPATH/Router/RouteCollection.php(372): include('/Users/alanmartin/Sites/localhost/hmvc-master/Ci4/Modules/Templates/Config/Routes.php')
 6 SYSTEMPATH/Router/RouteCollection.php(342): CodeIgniter\Router\RouteCollection->discoverRoutes()
 7 SYSTEMPATH/CodeIgniter.php(821): CodeIgniter\Router\RouteCollection->loadRoutes()
 8 SYSTEMPATH/CodeIgniter.php(455): CodeIgniter\CodeIgniter->tryToRouteIt(null)
 9 SYSTEMPATH/CodeIgniter.php(354): CodeIgniter\CodeIgniter->handleRequest(null, Object(Config\Cache), false)
10 SYSTEMPATH/Boot.php(334): CodeIgniter\CodeIgniter->run()
11 SYSTEMPATH/Boot.php(67): CodeIgniter\Boot::runCodeIgniter(Object(CodeIgniter\CodeIgniter))
12 FCPATH/index.php(56): CodeIgniter\Boot::bootWeb(Object(Config\Paths))
WARNING - 2025-02-07 09:01:21 --> [DEPRECATED] Passing lowercase HTTP method "post" is deprecated. Use uppercase HTTP method like "POST". in SYSTEMPATH/Router/RouteCollection.php on line 1026.
 1 SYSTEMPATH/Router/RouteCollection.php(1026): trigger_error('Passing lowercase HTTP method "post" is deprecated. Use uppercase HTTP method like "POST".', 16384)
 2 ROOTPATH/Modules/Templates/Config/Routes.php(7): CodeIgniter\Router\RouteCollection->match([...], '/', 'Templates::index')
 3 SYSTEMPATH/Router/RouteCollection.php(799): CodeIgniter\Router\RouteCollection::{closure}(Object(CodeIgniter\Router\RouteCollection))
 4 ROOTPATH/Modules/Templates/Config/Routes.php(4): CodeIgniter\Router\RouteCollection->group('', [...], Object(Closure))
 5 SYSTEMPATH/Router/RouteCollection.php(372): include('/Users/alanmartin/Sites/localhost/hmvc-master/Ci4/Modules/Templates/Config/Routes.php')
 6 SYSTEMPATH/Router/RouteCollection.php(342): CodeIgniter\Router\RouteCollection->discoverRoutes()
 7 SYSTEMPATH/CodeIgniter.php(821): CodeIgniter\Router\RouteCollection->loadRoutes()
 8 SYSTEMPATH/CodeIgniter.php(455): CodeIgniter\CodeIgniter->tryToRouteIt(null)
 9 SYSTEMPATH/CodeIgniter.php(354): CodeIgniter\CodeIgniter->handleRequest(null, Object(Config\Cache), false)
10 SYSTEMPATH/Boot.php(334): CodeIgniter\CodeIgniter->run()
11 SYSTEMPATH/Boot.php(67): CodeIgniter\Boot::runCodeIgniter(Object(CodeIgniter\CodeIgniter))
12 FCPATH/index.php(56): CodeIgniter\Boot::bootWeb(Object(Config\Paths))
DEBUG - 2025-02-07 09:01:21 --> Session: Class initialized using 'CodeIgniter\Session\Handlers\FileHandler' driver.
WARNING - 2025-02-07 09:01:21 --> [DEPRECATED] Creation of dynamic property Modules\Quiz\Controllers\Quiz::$db is deprecated in ROOTPATH/Modules/Quiz/Controllers/Quiz.php on line 40.
 1 SYSTEMPATH/CodeIgniter.php(903): Modules\Quiz\Controllers\Quiz->__construct()
 2 SYSTEMPATH/CodeIgniter.php(498): CodeIgniter\CodeIgniter->createController()
 3 SYSTEMPATH/CodeIgniter.php(354): CodeIgniter\CodeIgniter->handleRequest(null, Object(Config\Cache), false)
 4 SYSTEMPATH/Boot.php(334): CodeIgniter\CodeIgniter->run()
 5 SYSTEMPATH/Boot.php(67): CodeIgniter\Boot::runCodeIgniter(Object(CodeIgniter\CodeIgniter))
 6 FCPATH/index.php(56): CodeIgniter\Boot::bootWeb(Object(Config\Paths))
WARNING - 2025-02-07 09:01:21 --> Session: Sessions is enabled, and one exists. Please don't $session->start();
WARNING - 2025-02-07 09:01:21 --> [DEPRECATED] Passing lowercase HTTP method "get" is deprecated. Use uppercase HTTP method like "GET". in SYSTEMPATH/Router/RouteCollection.php on line 1026.
 1 SYSTEMPATH/Router/RouteCollection.php(1026): trigger_error('Passing lowercase HTTP method "get" is deprecated. Use uppercase HTTP method like "GET".', 16384)
 2 ROOTPATH/Modules/Templates/Config/Routes.php(7): CodeIgniter\Router\RouteCollection->match([...], '/', 'Templates::index')
 3 SYSTEMPATH/Router/RouteCollection.php(799): CodeIgniter\Router\RouteCollection::{closure}(Object(CodeIgniter\Router\RouteCollection))
 4 ROOTPATH/Modules/Templates/Config/Routes.php(4): CodeIgniter\Router\RouteCollection->group('', [...], Object(Closure))
 5 SYSTEMPATH/Router/RouteCollection.php(372): include('/Users/alanmartin/Sites/localhost/hmvc-master/Ci4/Modules/Templates/Config/Routes.php')
 6 SYSTEMPATH/Router/RouteCollection.php(342): CodeIgniter\Router\RouteCollection->discoverRoutes()
 7 SYSTEMPATH/CodeIgniter.php(821): CodeIgniter\Router\RouteCollection->loadRoutes()
 8 SYSTEMPATH/CodeIgniter.php(455): CodeIgniter\CodeIgniter->tryToRouteIt(null)
 9 SYSTEMPATH/CodeIgniter.php(354): CodeIgniter\CodeIgniter->handleRequest(null, Object(Config\Cache), false)
10 SYSTEMPATH/Boot.php(334): CodeIgniter\CodeIgniter->run()
11 SYSTEMPATH/Boot.php(67): CodeIgniter\Boot::runCodeIgniter(Object(CodeIgniter\CodeIgniter))
12 FCPATH/index.php(56): CodeIgniter\Boot::bootWeb(Object(Config\Paths))
WARNING - 2025-02-07 09:01:21 --> [DEPRECATED] Passing lowercase HTTP method "post" is deprecated. Use uppercase HTTP method like "POST". in SYSTEMPATH/Router/RouteCollection.php on line 1026.
 1 SYSTEMPATH/Router/RouteCollection.php(1026): trigger_error('Passing lowercase HTTP method "post" is deprecated. Use uppercase HTTP method like "POST".', 16384)
 2 ROOTPATH/Modules/Templates/Config/Routes.php(7): CodeIgniter\Router\RouteCollection->match([...], '/', 'Templates::index')
 3 SYSTEMPATH/Router/RouteCollection.php(799): CodeIgniter\Router\RouteCollection::{closure}(Object(CodeIgniter\Router\RouteCollection))
 4 ROOTPATH/Modules/Templates/Config/Routes.php(4): CodeIgniter\Router\RouteCollection->group('', [...], Object(Closure))
 5 SYSTEMPATH/Router/RouteCollection.php(372): include('/Users/alanmartin/Sites/localhost/hmvc-master/Ci4/Modules/Templates/Config/Routes.php')
 6 SYSTEMPATH/Router/RouteCollection.php(342): CodeIgniter\Router\RouteCollection->discoverRoutes()
 7 SYSTEMPATH/CodeIgniter.php(821): CodeIgniter\Router\RouteCollection->loadRoutes()
 8 SYSTEMPATH/CodeIgniter.php(455): CodeIgniter\CodeIgniter->tryToRouteIt(null)
 9 SYSTEMPATH/CodeIgniter.php(354): CodeIgniter\CodeIgniter->handleRequest(null, Object(Config\Cache), false)
10 SYSTEMPATH/Boot.php(334): CodeIgniter\CodeIgniter->run()
11 SYSTEMPATH/Boot.php(67): CodeIgniter\Boot::runCodeIgniter(Object(CodeIgniter\CodeIgniter))
12 FCPATH/index.php(56): CodeIgniter\Boot::bootWeb(Object(Config\Paths))
DEBUG - 2025-02-07 09:01:21 --> Session: Class initialized using 'CodeIgniter\Session\Handlers\FileHandler' driver.
WARNING - 2025-02-07 09:01:24 --> [DEPRECATED] Passing lowercase HTTP method "get" is deprecated. Use uppercase HTTP method like "GET". in SYSTEMPATH/Router/RouteCollection.php on line 1026.
 1 SYSTEMPATH/Router/RouteCollection.php(1026): trigger_error('Passing lowercase HTTP method "get" is deprecated. Use uppercase HTTP method like "GET".', 16384)
 2 ROOTPATH/Modules/Templates/Config/Routes.php(7): CodeIgniter\Router\RouteCollection->match([...], '/', 'Templates::index')
 3 SYSTEMPATH/Router/RouteCollection.php(799): CodeIgniter\Router\RouteCollection::{closure}(Object(CodeIgniter\Router\RouteCollection))
 4 ROOTPATH/Modules/Templates/Config/Routes.php(4): CodeIgniter\Router\RouteCollection->group('', [...], Object(Closure))
 5 SYSTEMPATH/Router/RouteCollection.php(372): include('/Users/alanmartin/Sites/localhost/hmvc-master/Ci4/Modules/Templates/Config/Routes.php')
 6 SYSTEMPATH/Router/RouteCollection.php(342): CodeIgniter\Router\RouteCollection->discoverRoutes()
 7 SYSTEMPATH/CodeIgniter.php(821): CodeIgniter\Router\RouteCollection->loadRoutes()
 8 SYSTEMPATH/CodeIgniter.php(455): CodeIgniter\CodeIgniter->tryToRouteIt(null)
 9 SYSTEMPATH/CodeIgniter.php(354): CodeIgniter\CodeIgniter->handleRequest(null, Object(Config\Cache), false)
10 SYSTEMPATH/Boot.php(334): CodeIgniter\CodeIgniter->run()
11 SYSTEMPATH/Boot.php(67): CodeIgniter\Boot::runCodeIgniter(Object(CodeIgniter\CodeIgniter))
12 FCPATH/index.php(56): CodeIgniter\Boot::bootWeb(Object(Config\Paths))
WARNING - 2025-02-07 09:01:24 --> [DEPRECATED] Passing lowercase HTTP method "post" is deprecated. Use uppercase HTTP method like "POST". in SYSTEMPATH/Router/RouteCollection.php on line 1026.
 1 SYSTEMPATH/Router/RouteCollection.php(1026): trigger_error('Passing lowercase HTTP method "post" is deprecated. Use uppercase HTTP method like "POST".', 16384)
 2 ROOTPATH/Modules/Templates/Config/Routes.php(7): CodeIgniter\Router\RouteCollection->match([...], '/', 'Templates::index')
 3 SYSTEMPATH/Router/RouteCollection.php(799): CodeIgniter\Router\RouteCollection::{closure}(Object(CodeIgniter\Router\RouteCollection))
 4 ROOTPATH/Modules/Templates/Config/Routes.php(4): CodeIgniter\Router\RouteCollection->group('', [...], Object(Closure))
 5 SYSTEMPATH/Router/RouteCollection.php(372): include('/Users/alanmartin/Sites/localhost/hmvc-master/Ci4/Modules/Templates/Config/Routes.php')
 6 SYSTEMPATH/Router/RouteCollection.php(342): CodeIgniter\Router\RouteCollection->discoverRoutes()
 7 SYSTEMPATH/CodeIgniter.php(821): CodeIgniter\Router\RouteCollection->loadRoutes()
 8 SYSTEMPATH/CodeIgniter.php(455): CodeIgniter\CodeIgniter->tryToRouteIt(null)
 9 SYSTEMPATH/CodeIgniter.php(354): CodeIgniter\CodeIgniter->handleRequest(null, Object(Config\Cache), false)
10 SYSTEMPATH/Boot.php(334): CodeIgniter\CodeIgniter->run()
11 SYSTEMPATH/Boot.php(67): CodeIgniter\Boot::runCodeIgniter(Object(CodeIgniter\CodeIgniter))
12 FCPATH/index.php(56): CodeIgniter\Boot::bootWeb(Object(Config\Paths))
DEBUG - 2025-02-07 09:01:24 --> Session: Class initialized using 'CodeIgniter\Session\Handlers\FileHandler' driver.
CRITICAL - 2025-02-07 09:01:24 --> Error: Call to a member function get_results() on null
[Method: GET, Route: result/index]
in ROOTPATH/Modules/Result/Controllers/Result.php on line 40.
 1 SYSTEMPATH/CodeIgniter.php(933): Modules\Result\Controllers\Result->index()
 2 SYSTEMPATH/CodeIgniter.php(507): CodeIgniter\CodeIgniter->runController(Object(Modules\Result\Controllers\Result))
 3 SYSTEMPATH/CodeIgniter.php(354): CodeIgniter\CodeIgniter->handleRequest(null, Object(Config\Cache), false)
 4 SYSTEMPATH/Boot.php(334): CodeIgniter\CodeIgniter->run()
 5 SYSTEMPATH/Boot.php(67): CodeIgniter\Boot::runCodeIgniter(Object(CodeIgniter\CodeIgniter))
 6 FCPATH/index.php(56): CodeIgniter\Boot::bootWeb(Object(Config\Paths))
WARNING - 2025-02-07 09:16:23 --> [DEPRECATED] Passing lowercase HTTP method "get" is deprecated. Use uppercase HTTP method like "GET". in SYSTEMPATH/Router/RouteCollection.php on line 1026.
 1 SYSTEMPATH/Router/RouteCollection.php(1026): trigger_error('Passing lowercase HTTP method "get" is deprecated. Use uppercase HTTP method like "GET".', 16384)
 2 ROOTPATH/Modules/Templates/Config/Routes.php(7): CodeIgniter\Router\RouteCollection->match([...], '/', 'Templates::index')
 3 SYSTEMPATH/Router/RouteCollection.php(799): CodeIgniter\Router\RouteCollection::{closure}(Object(CodeIgniter\Router\RouteCollection))
 4 ROOTPATH/Modules/Templates/Config/Routes.php(4): CodeIgniter\Router\RouteCollection->group('', [...], Object(Closure))
 5 SYSTEMPATH/Router/RouteCollection.php(372): include('/Users/alanmartin/Sites/localhost/hmvc-master/Ci4/Modules/Templates/Config/Routes.php')
 6 SYSTEMPATH/Router/RouteCollection.php(342): CodeIgniter\Router\RouteCollection->discoverRoutes()
 7 SYSTEMPATH/CodeIgniter.php(821): CodeIgniter\Router\RouteCollection->loadRoutes()
 8 SYSTEMPATH/CodeIgniter.php(455): CodeIgniter\CodeIgniter->tryToRouteIt(null)
 9 SYSTEMPATH/CodeIgniter.php(354): CodeIgniter\CodeIgniter->handleRequest(null, Object(Config\Cache), false)
10 SYSTEMPATH/Boot.php(334): CodeIgniter\CodeIgniter->run()
11 SYSTEMPATH/Boot.php(67): CodeIgniter\Boot::runCodeIgniter(Object(CodeIgniter\CodeIgniter))
12 FCPATH/index.php(56): CodeIgniter\Boot::bootWeb(Object(Config\Paths))
WARNING - 2025-02-07 09:16:23 --> [DEPRECATED] Passing lowercase HTTP method "post" is deprecated. Use uppercase HTTP method like "POST". in SYSTEMPATH/Router/RouteCollection.php on line 1026.
 1 SYSTEMPATH/Router/RouteCollection.php(1026): trigger_error('Passing lowercase HTTP method "post" is deprecated. Use uppercase HTTP method like "POST".', 16384)
 2 ROOTPATH/Modules/Templates/Config/Routes.php(7): CodeIgniter\Router\RouteCollection->match([...], '/', 'Templates::index')
 3 SYSTEMPATH/Router/RouteCollection.php(799): CodeIgniter\Router\RouteCollection::{closure}(Object(CodeIgniter\Router\RouteCollection))
 4 ROOTPATH/Modules/Templates/Config/Routes.php(4): CodeIgniter\Router\RouteCollection->group('', [...], Object(Closure))
 5 SYSTEMPATH/Router/RouteCollection.php(372): include('/Users/alanmartin/Sites/localhost/hmvc-master/Ci4/Modules/Templates/Config/Routes.php')
 6 SYSTEMPATH/Router/RouteCollection.php(342): CodeIgniter\Router\RouteCollection->discoverRoutes()
 7 SYSTEMPATH/CodeIgniter.php(821): CodeIgniter\Router\RouteCollection->loadRoutes()
 8 SYSTEMPATH/CodeIgniter.php(455): CodeIgniter\CodeIgniter->tryToRouteIt(null)
 9 SYSTEMPATH/CodeIgniter.php(354): CodeIgniter\CodeIgniter->handleRequest(null, Object(Config\Cache), false)
10 SYSTEMPATH/Boot.php(334): CodeIgniter\CodeIgniter->run()
11 SYSTEMPATH/Boot.php(67): CodeIgniter\Boot::runCodeIgniter(Object(CodeIgniter\CodeIgniter))
12 FCPATH/index.php(56): CodeIgniter\Boot::bootWeb(Object(Config\Paths))
DEBUG - 2025-02-07 09:16:23 --> Session: Class initialized using 'CodeIgniter\Session\Handlers\FileHandler' driver.
CRITICAL - 2025-02-07 09:16:23 --> Error: Call to a member function get_results() on null
[Method: GET, Route: result/index]
in ROOTPATH/Modules/Result/Controllers/Result.php on line 40.
 1 SYSTEMPATH/CodeIgniter.php(933): Modules\Result\Controllers\Result->index()
 2 SYSTEMPATH/CodeIgniter.php(507): CodeIgniter\CodeIgniter->runController(Object(Modules\Result\Controllers\Result))
 3 SYSTEMPATH/CodeIgniter.php(354): CodeIgniter\CodeIgniter->handleRequest(null, Object(Config\Cache), false)
 4 SYSTEMPATH/Boot.php(334): CodeIgniter\CodeIgniter->run()
 5 SYSTEMPATH/Boot.php(67): CodeIgniter\Boot::runCodeIgniter(Object(CodeIgniter\CodeIgniter))
 6 FCPATH/index.php(56): CodeIgniter\Boot::bootWeb(Object(Config\Paths))
WARNING - 2025-02-07 09:17:26 --> [DEPRECATED] Passing lowercase HTTP method "get" is deprecated. Use uppercase HTTP method like "GET". in SYSTEMPATH/Router/RouteCollection.php on line 1026.
 1 SYSTEMPATH/Router/RouteCollection.php(1026): trigger_error('Passing lowercase HTTP method "get" is deprecated. Use uppercase HTTP method like "GET".', 16384)
 2 ROOTPATH/Modules/Templates/Config/Routes.php(7): CodeIgniter\Router\RouteCollection->match([...], '/', 'Templates::index')
 3 SYSTEMPATH/Router/RouteCollection.php(799): CodeIgniter\Router\RouteCollection::{closure}(Object(CodeIgniter\Router\RouteCollection))
 4 ROOTPATH/Modules/Templates/Config/Routes.php(4): CodeIgniter\Router\RouteCollection->group('', [...], Object(Closure))
 5 SYSTEMPATH/Router/RouteCollection.php(372): include('/Users/alanmartin/Sites/localhost/hmvc-master/Ci4/Modules/Templates/Config/Routes.php')
 6 SYSTEMPATH/Router/RouteCollection.php(342): CodeIgniter\Router\RouteCollection->discoverRoutes()
 7 SYSTEMPATH/CodeIgniter.php(821): CodeIgniter\Router\RouteCollection->loadRoutes()
 8 SYSTEMPATH/CodeIgniter.php(455): CodeIgniter\CodeIgniter->tryToRouteIt(null)
 9 SYSTEMPATH/CodeIgniter.php(354): CodeIgniter\CodeIgniter->handleRequest(null, Object(Config\Cache), false)
10 SYSTEMPATH/Boot.php(334): CodeIgniter\CodeIgniter->run()
11 SYSTEMPATH/Boot.php(67): CodeIgniter\Boot::runCodeIgniter(Object(CodeIgniter\CodeIgniter))
12 FCPATH/index.php(56): CodeIgniter\Boot::bootWeb(Object(Config\Paths))
WARNING - 2025-02-07 09:17:26 --> [DEPRECATED] Passing lowercase HTTP method "post" is deprecated. Use uppercase HTTP method like "POST". in SYSTEMPATH/Router/RouteCollection.php on line 1026.
 1 SYSTEMPATH/Router/RouteCollection.php(1026): trigger_error('Passing lowercase HTTP method "post" is deprecated. Use uppercase HTTP method like "POST".', 16384)
 2 ROOTPATH/Modules/Templates/Config/Routes.php(7): CodeIgniter\Router\RouteCollection->match([...], '/', 'Templates::index')
 3 SYSTEMPATH/Router/RouteCollection.php(799): CodeIgniter\Router\RouteCollection::{closure}(Object(CodeIgniter\Router\RouteCollection))
 4 ROOTPATH/Modules/Templates/Config/Routes.php(4): CodeIgniter\Router\RouteCollection->group('', [...], Object(Closure))
 5 SYSTEMPATH/Router/RouteCollection.php(372): include('/Users/alanmartin/Sites/localhost/hmvc-master/Ci4/Modules/Templates/Config/Routes.php')
 6 SYSTEMPATH/Router/RouteCollection.php(342): CodeIgniter\Router\RouteCollection->discoverRoutes()
 7 SYSTEMPATH/CodeIgniter.php(821): CodeIgniter\Router\RouteCollection->loadRoutes()
 8 SYSTEMPATH/CodeIgniter.php(455): CodeIgniter\CodeIgniter->tryToRouteIt(null)
 9 SYSTEMPATH/CodeIgniter.php(354): CodeIgniter\CodeIgniter->handleRequest(null, Object(Config\Cache), false)
10 SYSTEMPATH/Boot.php(334): CodeIgniter\CodeIgniter->run()
11 SYSTEMPATH/Boot.php(67): CodeIgniter\Boot::runCodeIgniter(Object(CodeIgniter\CodeIgniter))
12 FCPATH/index.php(56): CodeIgniter\Boot::bootWeb(Object(Config\Paths))
DEBUG - 2025-02-07 09:17:26 --> Session: Class initialized using 'CodeIgniter\Session\Handlers\FileHandler' driver.
CRITICAL - 2025-02-07 09:17:26 --> ErrorException: Attempt to read property "username" on null
[Method: GET, Route: result/index]
in ROOTPATH/Modules/Result/Model/ResultModel.php on line 28.
 1 ROOTPATH/Modules/Result/Model/ResultModel.php(28): CodeIgniter\Debug\Exceptions->errorHandler(2, 'Attempt to read property "username" on null', '/Users/alanmartin/Sites/localhost/hmvc-master/Ci4/Modules/Result/Model/ResultModel.php', 28)
 2 ROOTPATH/Modules/Result/Controllers/Result.php(40): Modules\Result\Model\ResultModel->get_results()
 3 SYSTEMPATH/CodeIgniter.php(933): Modules\Result\Controllers\Result->index()
 4 SYSTEMPATH/CodeIgniter.php(507): CodeIgniter\CodeIgniter->runController(Object(Modules\Result\Controllers\Result))
 5 SYSTEMPATH/CodeIgniter.php(354): CodeIgniter\CodeIgniter->handleRequest(null, Object(Config\Cache), false)
 6 SYSTEMPATH/Boot.php(334): CodeIgniter\CodeIgniter->run()
 7 SYSTEMPATH/Boot.php(67): CodeIgniter\Boot::runCodeIgniter(Object(CodeIgniter\CodeIgniter))
 8 FCPATH/index.php(56): CodeIgniter\Boot::bootWeb(Object(Config\Paths))
WARNING - 2025-02-07 09:18:35 --> [DEPRECATED] Passing lowercase HTTP method "get" is deprecated. Use uppercase HTTP method like "GET". in SYSTEMPATH/Router/RouteCollection.php on line 1026.
 1 SYSTEMPATH/Router/RouteCollection.php(1026): trigger_error('Passing lowercase HTTP method "get" is deprecated. Use uppercase HTTP method like "GET".', 16384)
 2 ROOTPATH/Modules/Templates/Config/Routes.php(7): CodeIgniter\Router\RouteCollection->match([...], '/', 'Templates::index')
 3 SYSTEMPATH/Router/RouteCollection.php(799): CodeIgniter\Router\RouteCollection::{closure}(Object(CodeIgniter\Router\RouteCollection))
 4 ROOTPATH/Modules/Templates/Config/Routes.php(4): CodeIgniter\Router\RouteCollection->group('', [...], Object(Closure))
 5 SYSTEMPATH/Router/RouteCollection.php(372): include('/Users/alanmartin/Sites/localhost/hmvc-master/Ci4/Modules/Templates/Config/Routes.php')
 6 SYSTEMPATH/Router/RouteCollection.php(342): CodeIgniter\Router\RouteCollection->discoverRoutes()
 7 SYSTEMPATH/CodeIgniter.php(821): CodeIgniter\Router\RouteCollection->loadRoutes()
 8 SYSTEMPATH/CodeIgniter.php(455): CodeIgniter\CodeIgniter->tryToRouteIt(null)
 9 SYSTEMPATH/CodeIgniter.php(354): CodeIgniter\CodeIgniter->handleRequest(null, Object(Config\Cache), false)
10 SYSTEMPATH/Boot.php(334): CodeIgniter\CodeIgniter->run()
11 SYSTEMPATH/Boot.php(67): CodeIgniter\Boot::runCodeIgniter(Object(CodeIgniter\CodeIgniter))
12 FCPATH/index.php(56): CodeIgniter\Boot::bootWeb(Object(Config\Paths))
WARNING - 2025-02-07 09:18:35 --> [DEPRECATED] Passing lowercase HTTP method "post" is deprecated. Use uppercase HTTP method like "POST". in SYSTEMPATH/Router/RouteCollection.php on line 1026.
 1 SYSTEMPATH/Router/RouteCollection.php(1026): trigger_error('Passing lowercase HTTP method "post" is deprecated. Use uppercase HTTP method like "POST".', 16384)
 2 ROOTPATH/Modules/Templates/Config/Routes.php(7): CodeIgniter\Router\RouteCollection->match([...], '/', 'Templates::index')
 3 SYSTEMPATH/Router/RouteCollection.php(799): CodeIgniter\Router\RouteCollection::{closure}(Object(CodeIgniter\Router\RouteCollection))
 4 ROOTPATH/Modules/Templates/Config/Routes.php(4): CodeIgniter\Router\RouteCollection->group('', [...], Object(Closure))
 5 SYSTEMPATH/Router/RouteCollection.php(372): include('/Users/alanmartin/Sites/localhost/hmvc-master/Ci4/Modules/Templates/Config/Routes.php')
 6 SYSTEMPATH/Router/RouteCollection.php(342): CodeIgniter\Router\RouteCollection->discoverRoutes()
 7 SYSTEMPATH/CodeIgniter.php(821): CodeIgniter\Router\RouteCollection->loadRoutes()
 8 SYSTEMPATH/CodeIgniter.php(455): CodeIgniter\CodeIgniter->tryToRouteIt(null)
 9 SYSTEMPATH/CodeIgniter.php(354): CodeIgniter\CodeIgniter->handleRequest(null, Object(Config\Cache), false)
10 SYSTEMPATH/Boot.php(334): CodeIgniter\CodeIgniter->run()
11 SYSTEMPATH/Boot.php(67): CodeIgniter\Boot::runCodeIgniter(Object(CodeIgniter\CodeIgniter))
12 FCPATH/index.php(56): CodeIgniter\Boot::bootWeb(Object(Config\Paths))
DEBUG - 2025-02-07 09:18:35 --> Session: Class initialized using 'CodeIgniter\Session\Handlers\FileHandler' driver.
WARNING - 2025-02-07 09:18:35 --> [DEPRECATED] Passing lowercase HTTP method "get" is deprecated. Use uppercase HTTP method like "GET". in SYSTEMPATH/Router/RouteCollection.php on line 1026.
 1 SYSTEMPATH/Router/RouteCollection.php(1026): trigger_error('Passing lowercase HTTP method "get" is deprecated. Use uppercase HTTP method like "GET".', 16384)
 2 ROOTPATH/Modules/Templates/Config/Routes.php(7): CodeIgniter\Router\RouteCollection->match([...], '/', 'Templates::index')
 3 SYSTEMPATH/Router/RouteCollection.php(799): CodeIgniter\Router\RouteCollection::{closure}(Object(CodeIgniter\Router\RouteCollection))
 4 ROOTPATH/Modules/Templates/Config/Routes.php(4): CodeIgniter\Router\RouteCollection->group('', [...], Object(Closure))
 5 SYSTEMPATH/Router/RouteCollection.php(372): include('/Users/alanmartin/Sites/localhost/hmvc-master/Ci4/Modules/Templates/Config/Routes.php')
 6 SYSTEMPATH/Router/RouteCollection.php(342): CodeIgniter\Router\RouteCollection->discoverRoutes()
 7 SYSTEMPATH/CodeIgniter.php(821): CodeIgniter\Router\RouteCollection->loadRoutes()
 8 SYSTEMPATH/CodeIgniter.php(455): CodeIgniter\CodeIgniter->tryToRouteIt(null)
 9 SYSTEMPATH/CodeIgniter.php(354): CodeIgniter\CodeIgniter->handleRequest(null, Object(Config\Cache), false)
10 SYSTEMPATH/Boot.php(334): CodeIgniter\CodeIgniter->run()
11 SYSTEMPATH/Boot.php(67): CodeIgniter\Boot::runCodeIgniter(Object(CodeIgniter\CodeIgniter))
12 FCPATH/index.php(56): CodeIgniter\Boot::bootWeb(Object(Config\Paths))
WARNING - 2025-02-07 09:18:35 --> [DEPRECATED] Passing lowercase HTTP method "post" is deprecated. Use uppercase HTTP method like "POST". in SYSTEMPATH/Router/RouteCollection.php on line 1026.
 1 SYSTEMPATH/Router/RouteCollection.php(1026): trigger_error('Passing lowercase HTTP method "post" is deprecated. Use uppercase HTTP method like "POST".', 16384)
 2 ROOTPATH/Modules/Templates/Config/Routes.php(7): CodeIgniter\Router\RouteCollection->match([...], '/', 'Templates::index')
 3 SYSTEMPATH/Router/RouteCollection.php(799): CodeIgniter\Router\RouteCollection::{closure}(Object(CodeIgniter\Router\RouteCollection))
 4 ROOTPATH/Modules/Templates/Config/Routes.php(4): CodeIgniter\Router\RouteCollection->group('', [...], Object(Closure))
 5 SYSTEMPATH/Router/RouteCollection.php(372): include('/Users/alanmartin/Sites/localhost/hmvc-master/Ci4/Modules/Templates/Config/Routes.php')
 6 SYSTEMPATH/Router/RouteCollection.php(342): CodeIgniter\Router\RouteCollection->discoverRoutes()
 7 SYSTEMPATH/CodeIgniter.php(821): CodeIgniter\Router\RouteCollection->loadRoutes()
 8 SYSTEMPATH/CodeIgniter.php(455): CodeIgniter\CodeIgniter->tryToRouteIt(null)
 9 SYSTEMPATH/CodeIgniter.php(354): CodeIgniter\CodeIgniter->handleRequest(null, Object(Config\Cache), false)
10 SYSTEMPATH/Boot.php(334): CodeIgniter\CodeIgniter->run()
11 SYSTEMPATH/Boot.php(67): CodeIgniter\Boot::runCodeIgniter(Object(CodeIgniter\CodeIgniter))
12 FCPATH/index.php(56): CodeIgniter\Boot::bootWeb(Object(Config\Paths))
DEBUG - 2025-02-07 09:18:35 --> Session: Class initialized using 'CodeIgniter\Session\Handlers\FileHandler' driver.
WARNING - 2025-02-07 09:18:41 --> [DEPRECATED] Passing lowercase HTTP method "get" is deprecated. Use uppercase HTTP method like "GET". in SYSTEMPATH/Router/RouteCollection.php on line 1026.
 1 SYSTEMPATH/Router/RouteCollection.php(1026): trigger_error('Passing lowercase HTTP method "get" is deprecated. Use uppercase HTTP method like "GET".', 16384)
 2 ROOTPATH/Modules/Templates/Config/Routes.php(7): CodeIgniter\Router\RouteCollection->match([...], '/', 'Templates::index')
 3 SYSTEMPATH/Router/RouteCollection.php(799): CodeIgniter\Router\RouteCollection::{closure}(Object(CodeIgniter\Router\RouteCollection))
 4 ROOTPATH/Modules/Templates/Config/Routes.php(4): CodeIgniter\Router\RouteCollection->group('', [...], Object(Closure))
 5 SYSTEMPATH/Router/RouteCollection.php(372): include('/Users/alanmartin/Sites/localhost/hmvc-master/Ci4/Modules/Templates/Config/Routes.php')
 6 SYSTEMPATH/Router/RouteCollection.php(342): CodeIgniter\Router\RouteCollection->discoverRoutes()
 7 SYSTEMPATH/CodeIgniter.php(821): CodeIgniter\Router\RouteCollection->loadRoutes()
 8 SYSTEMPATH/CodeIgniter.php(455): CodeIgniter\CodeIgniter->tryToRouteIt(null)
 9 SYSTEMPATH/CodeIgniter.php(354): CodeIgniter\CodeIgniter->handleRequest(null, Object(Config\Cache), false)
10 SYSTEMPATH/Boot.php(334): CodeIgniter\CodeIgniter->run()
11 SYSTEMPATH/Boot.php(67): CodeIgniter\Boot::runCodeIgniter(Object(CodeIgniter\CodeIgniter))
12 FCPATH/index.php(56): CodeIgniter\Boot::bootWeb(Object(Config\Paths))
WARNING - 2025-02-07 09:18:41 --> [DEPRECATED] Passing lowercase HTTP method "post" is deprecated. Use uppercase HTTP method like "POST". in SYSTEMPATH/Router/RouteCollection.php on line 1026.
 1 SYSTEMPATH/Router/RouteCollection.php(1026): trigger_error('Passing lowercase HTTP method "post" is deprecated. Use uppercase HTTP method like "POST".', 16384)
 2 ROOTPATH/Modules/Templates/Config/Routes.php(7): CodeIgniter\Router\RouteCollection->match([...], '/', 'Templates::index')
 3 SYSTEMPATH/Router/RouteCollection.php(799): CodeIgniter\Router\RouteCollection::{closure}(Object(CodeIgniter\Router\RouteCollection))
 4 ROOTPATH/Modules/Templates/Config/Routes.php(4): CodeIgniter\Router\RouteCollection->group('', [...], Object(Closure))
 5 SYSTEMPATH/Router/RouteCollection.php(372): include('/Users/alanmartin/Sites/localhost/hmvc-master/Ci4/Modules/Templates/Config/Routes.php')
 6 SYSTEMPATH/Router/RouteCollection.php(342): CodeIgniter\Router\RouteCollection->discoverRoutes()
 7 SYSTEMPATH/CodeIgniter.php(821): CodeIgniter\Router\RouteCollection->loadRoutes()
 8 SYSTEMPATH/CodeIgniter.php(455): CodeIgniter\CodeIgniter->tryToRouteIt(null)
 9 SYSTEMPATH/CodeIgniter.php(354): CodeIgniter\CodeIgniter->handleRequest(null, Object(Config\Cache), false)
10 SYSTEMPATH/Boot.php(334): CodeIgniter\CodeIgniter->run()
11 SYSTEMPATH/Boot.php(67): CodeIgniter\Boot::runCodeIgniter(Object(CodeIgniter\CodeIgniter))
12 FCPATH/index.php(56): CodeIgniter\Boot::bootWeb(Object(Config\Paths))
DEBUG - 2025-02-07 09:18:41 --> Session: Class initialized using 'CodeIgniter\Session\Handlers\FileHandler' driver.
DEBUG - 2025-02-07 09:18:41 --> Session: Class initialized using 'CodeIgniter\Session\Handlers\FileHandler' driver.
WARNING - 2025-02-07 09:18:46 --> [DEPRECATED] Passing lowercase HTTP method "get" is deprecated. Use uppercase HTTP method like "GET". in SYSTEMPATH/Router/RouteCollection.php on line 1026.
 1 SYSTEMPATH/Router/RouteCollection.php(1026): trigger_error('Passing lowercase HTTP method "get" is deprecated. Use uppercase HTTP method like "GET".', 16384)
 2 ROOTPATH/Modules/Templates/Config/Routes.php(7): CodeIgniter\Router\RouteCollection->match([...], '/', 'Templates::index')
 3 SYSTEMPATH/Router/RouteCollection.php(799): CodeIgniter\Router\RouteCollection::{closure}(Object(CodeIgniter\Router\RouteCollection))
 4 ROOTPATH/Modules/Templates/Config/Routes.php(4): CodeIgniter\Router\RouteCollection->group('', [...], Object(Closure))
 5 SYSTEMPATH/Router/RouteCollection.php(372): include('/Users/alanmartin/Sites/localhost/hmvc-master/Ci4/Modules/Templates/Config/Routes.php')
 6 SYSTEMPATH/Router/RouteCollection.php(342): CodeIgniter\Router\RouteCollection->discoverRoutes()
 7 SYSTEMPATH/CodeIgniter.php(821): CodeIgniter\Router\RouteCollection->loadRoutes()
 8 SYSTEMPATH/CodeIgniter.php(455): CodeIgniter\CodeIgniter->tryToRouteIt(null)
 9 SYSTEMPATH/CodeIgniter.php(354): CodeIgniter\CodeIgniter->handleRequest(null, Object(Config\Cache), false)
10 SYSTEMPATH/Boot.php(334): CodeIgniter\CodeIgniter->run()
11 SYSTEMPATH/Boot.php(67): CodeIgniter\Boot::runCodeIgniter(Object(CodeIgniter\CodeIgniter))
12 FCPATH/index.php(56): CodeIgniter\Boot::bootWeb(Object(Config\Paths))
WARNING - 2025-02-07 09:18:46 --> [DEPRECATED] Passing lowercase HTTP method "post" is deprecated. Use uppercase HTTP method like "POST". in SYSTEMPATH/Router/RouteCollection.php on line 1026.
 1 SYSTEMPATH/Router/RouteCollection.php(1026): trigger_error('Passing lowercase HTTP method "post" is deprecated. Use uppercase HTTP method like "POST".', 16384)
 2 ROOTPATH/Modules/Templates/Config/Routes.php(7): CodeIgniter\Router\RouteCollection->match([...], '/', 'Templates::index')
 3 SYSTEMPATH/Router/RouteCollection.php(799): CodeIgniter\Router\RouteCollection::{closure}(Object(CodeIgniter\Router\RouteCollection))
 4 ROOTPATH/Modules/Templates/Config/Routes.php(4): CodeIgniter\Router\RouteCollection->group('', [...], Object(Closure))
 5 SYSTEMPATH/Router/RouteCollection.php(372): include('/Users/alanmartin/Sites/localhost/hmvc-master/Ci4/Modules/Templates/Config/Routes.php')
 6 SYSTEMPATH/Router/RouteCollection.php(342): CodeIgniter\Router\RouteCollection->discoverRoutes()
 7 SYSTEMPATH/CodeIgniter.php(821): CodeIgniter\Router\RouteCollection->loadRoutes()
 8 SYSTEMPATH/CodeIgniter.php(455): CodeIgniter\CodeIgniter->tryToRouteIt(null)
 9 SYSTEMPATH/CodeIgniter.php(354): CodeIgniter\CodeIgniter->handleRequest(null, Object(Config\Cache), false)
10 SYSTEMPATH/Boot.php(334): CodeIgniter\CodeIgniter->run()
11 SYSTEMPATH/Boot.php(67): CodeIgniter\Boot::runCodeIgniter(Object(CodeIgniter\CodeIgniter))
12 FCPATH/index.php(56): CodeIgniter\Boot::bootWeb(Object(Config\Paths))
DEBUG - 2025-02-07 09:18:47 --> Session: Class initialized using 'CodeIgniter\Session\Handlers\FileHandler' driver.
WARNING - 2025-02-07 09:18:47 --> [DEPRECATED] Passing lowercase HTTP method "get" is deprecated. Use uppercase HTTP method like "GET". in SYSTEMPATH/Router/RouteCollection.php on line 1026.
 1 SYSTEMPATH/Router/RouteCollection.php(1026): trigger_error('Passing lowercase HTTP method "get" is deprecated. Use uppercase HTTP method like "GET".', 16384)
 2 ROOTPATH/Modules/Templates/Config/Routes.php(7): CodeIgniter\Router\RouteCollection->match([...], '/', 'Templates::index')
 3 SYSTEMPATH/Router/RouteCollection.php(799): CodeIgniter\Router\RouteCollection::{closure}(Object(CodeIgniter\Router\RouteCollection))
 4 ROOTPATH/Modules/Templates/Config/Routes.php(4): CodeIgniter\Router\RouteCollection->group('', [...], Object(Closure))
 5 SYSTEMPATH/Router/RouteCollection.php(372): include('/Users/alanmartin/Sites/localhost/hmvc-master/Ci4/Modules/Templates/Config/Routes.php')
 6 SYSTEMPATH/Router/RouteCollection.php(342): CodeIgniter\Router\RouteCollection->discoverRoutes()
 7 SYSTEMPATH/CodeIgniter.php(821): CodeIgniter\Router\RouteCollection->loadRoutes()
 8 SYSTEMPATH/CodeIgniter.php(455): CodeIgniter\CodeIgniter->tryToRouteIt(null)
 9 SYSTEMPATH/CodeIgniter.php(354): CodeIgniter\CodeIgniter->handleRequest(null, Object(Config\Cache), false)
10 SYSTEMPATH/Boot.php(334): CodeIgniter\CodeIgniter->run()
11 SYSTEMPATH/Boot.php(67): CodeIgniter\Boot::runCodeIgniter(Object(CodeIgniter\CodeIgniter))
12 FCPATH/index.php(56): CodeIgniter\Boot::bootWeb(Object(Config\Paths))
WARNING - 2025-02-07 09:18:47 --> [DEPRECATED] Passing lowercase HTTP method "post" is deprecated. Use uppercase HTTP method like "POST". in SYSTEMPATH/Router/RouteCollection.php on line 1026.
 1 SYSTEMPATH/Router/RouteCollection.php(1026): trigger_error('Passing lowercase HTTP method "post" is deprecated. Use uppercase HTTP method like "POST".', 16384)
 2 ROOTPATH/Modules/Templates/Config/Routes.php(7): CodeIgniter\Router\RouteCollection->match([...], '/', 'Templates::index')
 3 SYSTEMPATH/Router/RouteCollection.php(799): CodeIgniter\Router\RouteCollection::{closure}(Object(CodeIgniter\Router\RouteCollection))
 4 ROOTPATH/Modules/Templates/Config/Routes.php(4): CodeIgniter\Router\RouteCollection->group('', [...], Object(Closure))
 5 SYSTEMPATH/Router/RouteCollection.php(372): include('/Users/alanmartin/Sites/localhost/hmvc-master/Ci4/Modules/Templates/Config/Routes.php')
 6 SYSTEMPATH/Router/RouteCollection.php(342): CodeIgniter\Router\RouteCollection->discoverRoutes()
 7 SYSTEMPATH/CodeIgniter.php(821): CodeIgniter\Router\RouteCollection->loadRoutes()
 8 SYSTEMPATH/CodeIgniter.php(455): CodeIgniter\CodeIgniter->tryToRouteIt(null)
 9 SYSTEMPATH/CodeIgniter.php(354): CodeIgniter\CodeIgniter->handleRequest(null, Object(Config\Cache), false)
10 SYSTEMPATH/Boot.php(334): CodeIgniter\CodeIgniter->run()
11 SYSTEMPATH/Boot.php(67): CodeIgniter\Boot::runCodeIgniter(Object(CodeIgniter\CodeIgniter))
12 FCPATH/index.php(56): CodeIgniter\Boot::bootWeb(Object(Config\Paths))
DEBUG - 2025-02-07 09:18:47 --> Session: Class initialized using 'CodeIgniter\Session\Handlers\FileHandler' driver.
WARNING - 2025-02-07 09:18:47 --> [DEPRECATED] Passing lowercase HTTP method "get" is deprecated. Use uppercase HTTP method like "GET". in SYSTEMPATH/Router/RouteCollection.php on line 1026.
 1 SYSTEMPATH/Router/RouteCollection.php(1026): trigger_error('Passing lowercase HTTP method "get" is deprecated. Use uppercase HTTP method like "GET".', 16384)
 2 ROOTPATH/Modules/Templates/Config/Routes.php(7): CodeIgniter\Router\RouteCollection->match([...], '/', 'Templates::index')
 3 SYSTEMPATH/Router/RouteCollection.php(799): CodeIgniter\Router\RouteCollection::{closure}(Object(CodeIgniter\Router\RouteCollection))
 4 ROOTPATH/Modules/Templates/Config/Routes.php(4): CodeIgniter\Router\RouteCollection->group('', [...], Object(Closure))
 5 SYSTEMPATH/Router/RouteCollection.php(372): include('/Users/alanmartin/Sites/localhost/hmvc-master/Ci4/Modules/Templates/Config/Routes.php')
 6 SYSTEMPATH/Router/RouteCollection.php(342): CodeIgniter\Router\RouteCollection->discoverRoutes()
 7 SYSTEMPATH/CodeIgniter.php(821): CodeIgniter\Router\RouteCollection->loadRoutes()
 8 SYSTEMPATH/CodeIgniter.php(455): CodeIgniter\CodeIgniter->tryToRouteIt(null)
 9 SYSTEMPATH/CodeIgniter.php(354): CodeIgniter\CodeIgniter->handleRequest(null, Object(Config\Cache), false)
10 SYSTEMPATH/Boot.php(334): CodeIgniter\CodeIgniter->run()
11 SYSTEMPATH/Boot.php(67): CodeIgniter\Boot::runCodeIgniter(Object(CodeIgniter\CodeIgniter))
12 FCPATH/index.php(56): CodeIgniter\Boot::bootWeb(Object(Config\Paths))
WARNING - 2025-02-07 09:18:47 --> [DEPRECATED] Passing lowercase HTTP method "post" is deprecated. Use uppercase HTTP method like "POST". in SYSTEMPATH/Router/RouteCollection.php on line 1026.
 1 SYSTEMPATH/Router/RouteCollection.php(1026): trigger_error('Passing lowercase HTTP method "post" is deprecated. Use uppercase HTTP method like "POST".', 16384)
 2 ROOTPATH/Modules/Templates/Config/Routes.php(7): CodeIgniter\Router\RouteCollection->match([...], '/', 'Templates::index')
 3 SYSTEMPATH/Router/RouteCollection.php(799): CodeIgniter\Router\RouteCollection::{closure}(Object(CodeIgniter\Router\RouteCollection))
 4 ROOTPATH/Modules/Templates/Config/Routes.php(4): CodeIgniter\Router\RouteCollection->group('', [...], Object(Closure))
 5 SYSTEMPATH/Router/RouteCollection.php(372): include('/Users/alanmartin/Sites/localhost/hmvc-master/Ci4/Modules/Templates/Config/Routes.php')
 6 SYSTEMPATH/Router/RouteCollection.php(342): CodeIgniter\Router\RouteCollection->discoverRoutes()
 7 SYSTEMPATH/CodeIgniter.php(821): CodeIgniter\Router\RouteCollection->loadRoutes()
 8 SYSTEMPATH/CodeIgniter.php(455): CodeIgniter\CodeIgniter->tryToRouteIt(null)
 9 SYSTEMPATH/CodeIgniter.php(354): CodeIgniter\CodeIgniter->handleRequest(null, Object(Config\Cache), false)
10 SYSTEMPATH/Boot.php(334): CodeIgniter\CodeIgniter->run()
11 SYSTEMPATH/Boot.php(67): CodeIgniter\Boot::runCodeIgniter(Object(CodeIgniter\CodeIgniter))
12 FCPATH/index.php(56): CodeIgniter\Boot::bootWeb(Object(Config\Paths))
DEBUG - 2025-02-07 09:18:47 --> Session: Class initialized using 'CodeIgniter\Session\Handlers\FileHandler' driver.
WARNING - 2025-02-07 09:18:54 --> [DEPRECATED] Passing lowercase HTTP method "get" is deprecated. Use uppercase HTTP method like "GET". in SYSTEMPATH/Router/RouteCollection.php on line 1026.
 1 SYSTEMPATH/Router/RouteCollection.php(1026): trigger_error('Passing lowercase HTTP method "get" is deprecated. Use uppercase HTTP method like "GET".', 16384)
 2 ROOTPATH/Modules/Templates/Config/Routes.php(7): CodeIgniter\Router\RouteCollection->match([...], '/', 'Templates::index')
 3 SYSTEMPATH/Router/RouteCollection.php(799): CodeIgniter\Router\RouteCollection::{closure}(Object(CodeIgniter\Router\RouteCollection))
 4 ROOTPATH/Modules/Templates/Config/Routes.php(4): CodeIgniter\Router\RouteCollection->group('', [...], Object(Closure))
 5 SYSTEMPATH/Router/RouteCollection.php(372): include('/Users/alanmartin/Sites/localhost/hmvc-master/Ci4/Modules/Templates/Config/Routes.php')
 6 SYSTEMPATH/Router/RouteCollection.php(342): CodeIgniter\Router\RouteCollection->discoverRoutes()
 7 SYSTEMPATH/CodeIgniter.php(821): CodeIgniter\Router\RouteCollection->loadRoutes()
 8 SYSTEMPATH/CodeIgniter.php(455): CodeIgniter\CodeIgniter->tryToRouteIt(null)
 9 SYSTEMPATH/CodeIgniter.php(354): CodeIgniter\CodeIgniter->handleRequest(null, Object(Config\Cache), false)
10 SYSTEMPATH/Boot.php(334): CodeIgniter\CodeIgniter->run()
11 SYSTEMPATH/Boot.php(67): CodeIgniter\Boot::runCodeIgniter(Object(CodeIgniter\CodeIgniter))
12 FCPATH/index.php(56): CodeIgniter\Boot::bootWeb(Object(Config\Paths))
WARNING - 2025-02-07 09:18:54 --> [DEPRECATED] Passing lowercase HTTP method "post" is deprecated. Use uppercase HTTP method like "POST". in SYSTEMPATH/Router/RouteCollection.php on line 1026.
 1 SYSTEMPATH/Router/RouteCollection.php(1026): trigger_error('Passing lowercase HTTP method "post" is deprecated. Use uppercase HTTP method like "POST".', 16384)
 2 ROOTPATH/Modules/Templates/Config/Routes.php(7): CodeIgniter\Router\RouteCollection->match([...], '/', 'Templates::index')
 3 SYSTEMPATH/Router/RouteCollection.php(799): CodeIgniter\Router\RouteCollection::{closure}(Object(CodeIgniter\Router\RouteCollection))
 4 ROOTPATH/Modules/Templates/Config/Routes.php(4): CodeIgniter\Router\RouteCollection->group('', [...], Object(Closure))
 5 SYSTEMPATH/Router/RouteCollection.php(372): include('/Users/alanmartin/Sites/localhost/hmvc-master/Ci4/Modules/Templates/Config/Routes.php')
 6 SYSTEMPATH/Router/RouteCollection.php(342): CodeIgniter\Router\RouteCollection->discoverRoutes()
 7 SYSTEMPATH/CodeIgniter.php(821): CodeIgniter\Router\RouteCollection->loadRoutes()
 8 SYSTEMPATH/CodeIgniter.php(455): CodeIgniter\CodeIgniter->tryToRouteIt(null)
 9 SYSTEMPATH/CodeIgniter.php(354): CodeIgniter\CodeIgniter->handleRequest(null, Object(Config\Cache), false)
10 SYSTEMPATH/Boot.php(334): CodeIgniter\CodeIgniter->run()
11 SYSTEMPATH/Boot.php(67): CodeIgniter\Boot::runCodeIgniter(Object(CodeIgniter\CodeIgniter))
12 FCPATH/index.php(56): CodeIgniter\Boot::bootWeb(Object(Config\Paths))
DEBUG - 2025-02-07 09:18:54 --> Session: Class initialized using 'CodeIgniter\Session\Handlers\FileHandler' driver.
WARNING - 2025-02-07 09:18:54 --> [DEPRECATED] Creation of dynamic property Modules\Quiz\Controllers\Quiz::$db is deprecated in ROOTPATH/Modules/Quiz/Controllers/Quiz.php on line 40.
 1 SYSTEMPATH/CodeIgniter.php(903): Modules\Quiz\Controllers\Quiz->__construct()
 2 SYSTEMPATH/CodeIgniter.php(498): CodeIgniter\CodeIgniter->createController()
 3 SYSTEMPATH/CodeIgniter.php(354): CodeIgniter\CodeIgniter->handleRequest(null, Object(Config\Cache), false)
 4 SYSTEMPATH/Boot.php(334): CodeIgniter\CodeIgniter->run()
 5 SYSTEMPATH/Boot.php(67): CodeIgniter\Boot::runCodeIgniter(Object(CodeIgniter\CodeIgniter))
 6 FCPATH/index.php(56): CodeIgniter\Boot::bootWeb(Object(Config\Paths))
WARNING - 2025-02-07 09:18:54 --> Session: Sessions is enabled, and one exists. Please don't $session->start();
WARNING - 2025-02-07 09:18:54 --> [DEPRECATED] Creation of dynamic property Modules\Quiz\Model\QuizModel::$user is deprecated in ROOTPATH/Modules/Quiz/Model/QuizModel.php on line 108.
 1 ROOTPATH/Modules/Quiz/Controllers/Quiz.php(305): Modules\Quiz\Model\QuizModel->get_quiz()
 2 SYSTEMPATH/CodeIgniter.php(933): Modules\Quiz\Controllers\Quiz->display()
 3 SYSTEMPATH/CodeIgniter.php(507): CodeIgniter\CodeIgniter->runController(Object(Modules\Quiz\Controllers\Quiz))
 4 SYSTEMPATH/CodeIgniter.php(354): CodeIgniter\CodeIgniter->handleRequest(null, Object(Config\Cache), false)
 5 SYSTEMPATH/Boot.php(334): CodeIgniter\CodeIgniter->run()
 6 SYSTEMPATH/Boot.php(67): CodeIgniter\Boot::runCodeIgniter(Object(CodeIgniter\CodeIgniter))
 7 FCPATH/index.php(56): CodeIgniter\Boot::bootWeb(Object(Config\Paths))
WARNING - 2025-02-07 09:18:54 --> [DEPRECATED] Passing lowercase HTTP method "get" is deprecated. Use uppercase HTTP method like "GET". in SYSTEMPATH/Router/RouteCollection.php on line 1026.
 1 SYSTEMPATH/Router/RouteCollection.php(1026): trigger_error('Passing lowercase HTTP method "get" is deprecated. Use uppercase HTTP method like "GET".', 16384)
 2 ROOTPATH/Modules/Templates/Config/Routes.php(7): CodeIgniter\Router\RouteCollection->match([...], '/', 'Templates::index')
 3 SYSTEMPATH/Router/RouteCollection.php(799): CodeIgniter\Router\RouteCollection::{closure}(Object(CodeIgniter\Router\RouteCollection))
 4 ROOTPATH/Modules/Templates/Config/Routes.php(4): CodeIgniter\Router\RouteCollection->group('', [...], Object(Closure))
 5 SYSTEMPATH/Router/RouteCollection.php(372): include('/Users/alanmartin/Sites/localhost/hmvc-master/Ci4/Modules/Templates/Config/Routes.php')
 6 SYSTEMPATH/Router/RouteCollection.php(342): CodeIgniter\Router\RouteCollection->discoverRoutes()
 7 SYSTEMPATH/CodeIgniter.php(821): CodeIgniter\Router\RouteCollection->loadRoutes()
 8 SYSTEMPATH/CodeIgniter.php(455): CodeIgniter\CodeIgniter->tryToRouteIt(null)
 9 SYSTEMPATH/CodeIgniter.php(354): CodeIgniter\CodeIgniter->handleRequest(null, Object(Config\Cache), false)
10 SYSTEMPATH/Boot.php(334): CodeIgniter\CodeIgniter->run()
11 SYSTEMPATH/Boot.php(67): CodeIgniter\Boot::runCodeIgniter(Object(CodeIgniter\CodeIgniter))
12 FCPATH/index.php(56): CodeIgniter\Boot::bootWeb(Object(Config\Paths))
WARNING - 2025-02-07 09:18:54 --> [DEPRECATED] Passing lowercase HTTP method "post" is deprecated. Use uppercase HTTP method like "POST". in SYSTEMPATH/Router/RouteCollection.php on line 1026.
 1 SYSTEMPATH/Router/RouteCollection.php(1026): trigger_error('Passing lowercase HTTP method "post" is deprecated. Use uppercase HTTP method like "POST".', 16384)
 2 ROOTPATH/Modules/Templates/Config/Routes.php(7): CodeIgniter\Router\RouteCollection->match([...], '/', 'Templates::index')
 3 SYSTEMPATH/Router/RouteCollection.php(799): CodeIgniter\Router\RouteCollection::{closure}(Object(CodeIgniter\Router\RouteCollection))
 4 ROOTPATH/Modules/Templates/Config/Routes.php(4): CodeIgniter\Router\RouteCollection->group('', [...], Object(Closure))
 5 SYSTEMPATH/Router/RouteCollection.php(372): include('/Users/alanmartin/Sites/localhost/hmvc-master/Ci4/Modules/Templates/Config/Routes.php')
 6 SYSTEMPATH/Router/RouteCollection.php(342): CodeIgniter\Router\RouteCollection->discoverRoutes()
 7 SYSTEMPATH/CodeIgniter.php(821): CodeIgniter\Router\RouteCollection->loadRoutes()
 8 SYSTEMPATH/CodeIgniter.php(455): CodeIgniter\CodeIgniter->tryToRouteIt(null)
 9 SYSTEMPATH/CodeIgniter.php(354): CodeIgniter\CodeIgniter->handleRequest(null, Object(Config\Cache), false)
10 SYSTEMPATH/Boot.php(334): CodeIgniter\CodeIgniter->run()
11 SYSTEMPATH/Boot.php(67): CodeIgniter\Boot::runCodeIgniter(Object(CodeIgniter\CodeIgniter))
12 FCPATH/index.php(56): CodeIgniter\Boot::bootWeb(Object(Config\Paths))
DEBUG - 2025-02-07 09:18:54 --> Session: Class initialized using 'CodeIgniter\Session\Handlers\FileHandler' driver.
WARNING - 2025-02-07 09:19:11 --> [DEPRECATED] Passing lowercase HTTP method "get" is deprecated. Use uppercase HTTP method like "GET". in SYSTEMPATH/Router/RouteCollection.php on line 1026.
 1 SYSTEMPATH/Router/RouteCollection.php(1026): trigger_error('Passing lowercase HTTP method "get" is deprecated. Use uppercase HTTP method like "GET".', 16384)
 2 ROOTPATH/Modules/Templates/Config/Routes.php(7): CodeIgniter\Router\RouteCollection->match([...], '/', 'Templates::index')
 3 SYSTEMPATH/Router/RouteCollection.php(799): CodeIgniter\Router\RouteCollection::{closure}(Object(CodeIgniter\Router\RouteCollection))
 4 ROOTPATH/Modules/Templates/Config/Routes.php(4): CodeIgniter\Router\RouteCollection->group('', [...], Object(Closure))
 5 SYSTEMPATH/Router/RouteCollection.php(372): include('/Users/alanmartin/Sites/localhost/hmvc-master/Ci4/Modules/Templates/Config/Routes.php')
 6 SYSTEMPATH/Router/RouteCollection.php(342): CodeIgniter\Router\RouteCollection->discoverRoutes()
 7 SYSTEMPATH/CodeIgniter.php(821): CodeIgniter\Router\RouteCollection->loadRoutes()
 8 SYSTEMPATH/CodeIgniter.php(455): CodeIgniter\CodeIgniter->tryToRouteIt(null)
 9 SYSTEMPATH/CodeIgniter.php(354): CodeIgniter\CodeIgniter->handleRequest(null, Object(Config\Cache), false)
10 SYSTEMPATH/Boot.php(334): CodeIgniter\CodeIgniter->run()
11 SYSTEMPATH/Boot.php(67): CodeIgniter\Boot::runCodeIgniter(Object(CodeIgniter\CodeIgniter))
12 FCPATH/index.php(56): CodeIgniter\Boot::bootWeb(Object(Config\Paths))
WARNING - 2025-02-07 09:19:11 --> [DEPRECATED] Passing lowercase HTTP method "post" is deprecated. Use uppercase HTTP method like "POST". in SYSTEMPATH/Router/RouteCollection.php on line 1026.
 1 SYSTEMPATH/Router/RouteCollection.php(1026): trigger_error('Passing lowercase HTTP method "post" is deprecated. Use uppercase HTTP method like "POST".', 16384)
 2 ROOTPATH/Modules/Templates/Config/Routes.php(7): CodeIgniter\Router\RouteCollection->match([...], '/', 'Templates::index')
 3 SYSTEMPATH/Router/RouteCollection.php(799): CodeIgniter\Router\RouteCollection::{closure}(Object(CodeIgniter\Router\RouteCollection))
 4 ROOTPATH/Modules/Templates/Config/Routes.php(4): CodeIgniter\Router\RouteCollection->group('', [...], Object(Closure))
 5 SYSTEMPATH/Router/RouteCollection.php(372): include('/Users/alanmartin/Sites/localhost/hmvc-master/Ci4/Modules/Templates/Config/Routes.php')
 6 SYSTEMPATH/Router/RouteCollection.php(342): CodeIgniter\Router\RouteCollection->discoverRoutes()
 7 SYSTEMPATH/CodeIgniter.php(821): CodeIgniter\Router\RouteCollection->loadRoutes()
 8 SYSTEMPATH/CodeIgniter.php(455): CodeIgniter\CodeIgniter->tryToRouteIt(null)
 9 SYSTEMPATH/CodeIgniter.php(354): CodeIgniter\CodeIgniter->handleRequest(null, Object(Config\Cache), false)
10 SYSTEMPATH/Boot.php(334): CodeIgniter\CodeIgniter->run()
11 SYSTEMPATH/Boot.php(67): CodeIgniter\Boot::runCodeIgniter(Object(CodeIgniter\CodeIgniter))
12 FCPATH/index.php(56): CodeIgniter\Boot::bootWeb(Object(Config\Paths))
DEBUG - 2025-02-07 09:19:11 --> Session: Class initialized using 'CodeIgniter\Session\Handlers\FileHandler' driver.
WARNING - 2025-02-07 09:19:11 --> [DEPRECATED] Creation of dynamic property Modules\Quiz\Controllers\Quiz::$db is deprecated in ROOTPATH/Modules/Quiz/Controllers/Quiz.php on line 40.
 1 SYSTEMPATH/CodeIgniter.php(903): Modules\Quiz\Controllers\Quiz->__construct()
 2 SYSTEMPATH/CodeIgniter.php(498): CodeIgniter\CodeIgniter->createController()
 3 SYSTEMPATH/CodeIgniter.php(354): CodeIgniter\CodeIgniter->handleRequest(null, Object(Config\Cache), false)
 4 SYSTEMPATH/Boot.php(334): CodeIgniter\CodeIgniter->run()
 5 SYSTEMPATH/Boot.php(67): CodeIgniter\Boot::runCodeIgniter(Object(CodeIgniter\CodeIgniter))
 6 FCPATH/index.php(56): CodeIgniter\Boot::bootWeb(Object(Config\Paths))
WARNING - 2025-02-07 09:19:11 --> Session: Sessions is enabled, and one exists. Please don't $session->start();
WARNING - 2025-02-07 09:19:11 --> [DEPRECATED] Creation of dynamic property Modules\Quiz\Model\QuizModel::$user is deprecated in ROOTPATH/Modules/Quiz/Model/QuizModel.php on line 60.
 1 ROOTPATH/Modules/Quiz/Controllers/Quiz.php(227): Modules\Quiz\Model\QuizModel->getNumRows()
 2 ROOTPATH/Modules/Quiz/Controllers/Quiz.php(269): Modules\Quiz\Controllers\Quiz->submit_create_form()
 3 SYSTEMPATH/CodeIgniter.php(933): Modules\Quiz\Controllers\Quiz->create()
 4 SYSTEMPATH/CodeIgniter.php(507): CodeIgniter\CodeIgniter->runController(Object(Modules\Quiz\Controllers\Quiz))
 5 SYSTEMPATH/CodeIgniter.php(354): CodeIgniter\CodeIgniter->handleRequest(null, Object(Config\Cache), false)
 6 SYSTEMPATH/Boot.php(334): CodeIgniter\CodeIgniter->run()
 7 SYSTEMPATH/Boot.php(67): CodeIgniter\Boot::runCodeIgniter(Object(CodeIgniter\CodeIgniter))
 8 FCPATH/index.php(56): CodeIgniter\Boot::bootWeb(Object(Config\Paths))
WARNING - 2025-02-07 09:19:11 --> [DEPRECATED] Passing lowercase HTTP method "get" is deprecated. Use uppercase HTTP method like "GET". in SYSTEMPATH/Router/RouteCollection.php on line 1026.
 1 SYSTEMPATH/Router/RouteCollection.php(1026): trigger_error('Passing lowercase HTTP method "get" is deprecated. Use uppercase HTTP method like "GET".', 16384)
 2 ROOTPATH/Modules/Templates/Config/Routes.php(7): CodeIgniter\Router\RouteCollection->match([...], '/', 'Templates::index')
 3 SYSTEMPATH/Router/RouteCollection.php(799): CodeIgniter\Router\RouteCollection::{closure}(Object(CodeIgniter\Router\RouteCollection))
 4 ROOTPATH/Modules/Templates/Config/Routes.php(4): CodeIgniter\Router\RouteCollection->group('', [...], Object(Closure))
 5 SYSTEMPATH/Router/RouteCollection.php(372): include('/Users/alanmartin/Sites/localhost/hmvc-master/Ci4/Modules/Templates/Config/Routes.php')
 6 SYSTEMPATH/Router/RouteCollection.php(342): CodeIgniter\Router\RouteCollection->discoverRoutes()
 7 SYSTEMPATH/CodeIgniter.php(821): CodeIgniter\Router\RouteCollection->loadRoutes()
 8 SYSTEMPATH/CodeIgniter.php(455): CodeIgniter\CodeIgniter->tryToRouteIt(null)
 9 SYSTEMPATH/CodeIgniter.php(354): CodeIgniter\CodeIgniter->handleRequest(null, Object(Config\Cache), false)
10 SYSTEMPATH/Boot.php(334): CodeIgniter\CodeIgniter->run()
11 SYSTEMPATH/Boot.php(67): CodeIgniter\Boot::runCodeIgniter(Object(CodeIgniter\CodeIgniter))
12 FCPATH/index.php(56): CodeIgniter\Boot::bootWeb(Object(Config\Paths))
WARNING - 2025-02-07 09:19:11 --> [DEPRECATED] Passing lowercase HTTP method "post" is deprecated. Use uppercase HTTP method like "POST". in SYSTEMPATH/Router/RouteCollection.php on line 1026.
 1 SYSTEMPATH/Router/RouteCollection.php(1026): trigger_error('Passing lowercase HTTP method "post" is deprecated. Use uppercase HTTP method like "POST".', 16384)
 2 ROOTPATH/Modules/Templates/Config/Routes.php(7): CodeIgniter\Router\RouteCollection->match([...], '/', 'Templates::index')
 3 SYSTEMPATH/Router/RouteCollection.php(799): CodeIgniter\Router\RouteCollection::{closure}(Object(CodeIgniter\Router\RouteCollection))
 4 ROOTPATH/Modules/Templates/Config/Routes.php(4): CodeIgniter\Router\RouteCollection->group('', [...], Object(Closure))
 5 SYSTEMPATH/Router/RouteCollection.php(372): include('/Users/alanmartin/Sites/localhost/hmvc-master/Ci4/Modules/Templates/Config/Routes.php')
 6 SYSTEMPATH/Router/RouteCollection.php(342): CodeIgniter\Router\RouteCollection->discoverRoutes()
 7 SYSTEMPATH/CodeIgniter.php(821): CodeIgniter\Router\RouteCollection->loadRoutes()
 8 SYSTEMPATH/CodeIgniter.php(455): CodeIgniter\CodeIgniter->tryToRouteIt(null)
 9 SYSTEMPATH/CodeIgniter.php(354): CodeIgniter\CodeIgniter->handleRequest(null, Object(Config\Cache), false)
10 SYSTEMPATH/Boot.php(334): CodeIgniter\CodeIgniter->run()
11 SYSTEMPATH/Boot.php(67): CodeIgniter\Boot::runCodeIgniter(Object(CodeIgniter\CodeIgniter))
12 FCPATH/index.php(56): CodeIgniter\Boot::bootWeb(Object(Config\Paths))
DEBUG - 2025-02-07 09:19:11 --> Session: Class initialized using 'CodeIgniter\Session\Handlers\FileHandler' driver.
WARNING - 2025-02-07 09:19:16 --> [DEPRECATED] Passing lowercase HTTP method "get" is deprecated. Use uppercase HTTP method like "GET". in SYSTEMPATH/Router/RouteCollection.php on line 1026.
 1 SYSTEMPATH/Router/RouteCollection.php(1026): trigger_error('Passing lowercase HTTP method "get" is deprecated. Use uppercase HTTP method like "GET".', 16384)
 2 ROOTPATH/Modules/Templates/Config/Routes.php(7): CodeIgniter\Router\RouteCollection->match([...], '/', 'Templates::index')
 3 SYSTEMPATH/Router/RouteCollection.php(799): CodeIgniter\Router\RouteCollection::{closure}(Object(CodeIgniter\Router\RouteCollection))
 4 ROOTPATH/Modules/Templates/Config/Routes.php(4): CodeIgniter\Router\RouteCollection->group('', [...], Object(Closure))
 5 SYSTEMPATH/Router/RouteCollection.php(372): include('/Users/alanmartin/Sites/localhost/hmvc-master/Ci4/Modules/Templates/Config/Routes.php')
 6 SYSTEMPATH/Router/RouteCollection.php(342): CodeIgniter\Router\RouteCollection->discoverRoutes()
 7 SYSTEMPATH/CodeIgniter.php(821): CodeIgniter\Router\RouteCollection->loadRoutes()
 8 SYSTEMPATH/CodeIgniter.php(455): CodeIgniter\CodeIgniter->tryToRouteIt(null)
 9 SYSTEMPATH/CodeIgniter.php(354): CodeIgniter\CodeIgniter->handleRequest(null, Object(Config\Cache), false)
10 SYSTEMPATH/Boot.php(334): CodeIgniter\CodeIgniter->run()
11 SYSTEMPATH/Boot.php(67): CodeIgniter\Boot::runCodeIgniter(Object(CodeIgniter\CodeIgniter))
12 FCPATH/index.php(56): CodeIgniter\Boot::bootWeb(Object(Config\Paths))
WARNING - 2025-02-07 09:19:16 --> [DEPRECATED] Passing lowercase HTTP method "post" is deprecated. Use uppercase HTTP method like "POST". in SYSTEMPATH/Router/RouteCollection.php on line 1026.
 1 SYSTEMPATH/Router/RouteCollection.php(1026): trigger_error('Passing lowercase HTTP method "post" is deprecated. Use uppercase HTTP method like "POST".', 16384)
 2 ROOTPATH/Modules/Templates/Config/Routes.php(7): CodeIgniter\Router\RouteCollection->match([...], '/', 'Templates::index')
 3 SYSTEMPATH/Router/RouteCollection.php(799): CodeIgniter\Router\RouteCollection::{closure}(Object(CodeIgniter\Router\RouteCollection))
 4 ROOTPATH/Modules/Templates/Config/Routes.php(4): CodeIgniter\Router\RouteCollection->group('', [...], Object(Closure))
 5 SYSTEMPATH/Router/RouteCollection.php(372): include('/Users/alanmartin/Sites/localhost/hmvc-master/Ci4/Modules/Templates/Config/Routes.php')
 6 SYSTEMPATH/Router/RouteCollection.php(342): CodeIgniter\Router\RouteCollection->discoverRoutes()
 7 SYSTEMPATH/CodeIgniter.php(821): CodeIgniter\Router\RouteCollection->loadRoutes()
 8 SYSTEMPATH/CodeIgniter.php(455): CodeIgniter\CodeIgniter->tryToRouteIt(null)
 9 SYSTEMPATH/CodeIgniter.php(354): CodeIgniter\CodeIgniter->handleRequest(null, Object(Config\Cache), false)
10 SYSTEMPATH/Boot.php(334): CodeIgniter\CodeIgniter->run()
11 SYSTEMPATH/Boot.php(67): CodeIgniter\Boot::runCodeIgniter(Object(CodeIgniter\CodeIgniter))
12 FCPATH/index.php(56): CodeIgniter\Boot::bootWeb(Object(Config\Paths))
DEBUG - 2025-02-07 09:19:16 --> Session: Class initialized using 'CodeIgniter\Session\Handlers\FileHandler' driver.
WARNING - 2025-02-07 09:19:16 --> [DEPRECATED] Creation of dynamic property Modules\Quiz\Controllers\Quiz::$db is deprecated in ROOTPATH/Modules/Quiz/Controllers/Quiz.php on line 40.
 1 SYSTEMPATH/CodeIgniter.php(903): Modules\Quiz\Controllers\Quiz->__construct()
 2 SYSTEMPATH/CodeIgniter.php(498): CodeIgniter\CodeIgniter->createController()
 3 SYSTEMPATH/CodeIgniter.php(354): CodeIgniter\CodeIgniter->handleRequest(null, Object(Config\Cache), false)
 4 SYSTEMPATH/Boot.php(334): CodeIgniter\CodeIgniter->run()
 5 SYSTEMPATH/Boot.php(67): CodeIgniter\Boot::runCodeIgniter(Object(CodeIgniter\CodeIgniter))
 6 FCPATH/index.php(56): CodeIgniter\Boot::bootWeb(Object(Config\Paths))
WARNING - 2025-02-07 09:19:16 --> Session: Sessions is enabled, and one exists. Please don't $session->start();
WARNING - 2025-02-07 09:19:16 --> [DEPRECATED] Creation of dynamic property Modules\Quiz\Model\QuizModel::$user is deprecated in ROOTPATH/Modules/Quiz/Model/QuizModel.php on line 108.
 1 ROOTPATH/Modules/Quiz/Controllers/Quiz.php(305): Modules\Quiz\Model\QuizModel->get_quiz()
 2 SYSTEMPATH/CodeIgniter.php(933): Modules\Quiz\Controllers\Quiz->display()
 3 SYSTEMPATH/CodeIgniter.php(507): CodeIgniter\CodeIgniter->runController(Object(Modules\Quiz\Controllers\Quiz))
 4 SYSTEMPATH/CodeIgniter.php(354): CodeIgniter\CodeIgniter->handleRequest(null, Object(Config\Cache), false)
 5 SYSTEMPATH/Boot.php(334): CodeIgniter\CodeIgniter->run()
 6 SYSTEMPATH/Boot.php(67): CodeIgniter\Boot::runCodeIgniter(Object(CodeIgniter\CodeIgniter))
 7 FCPATH/index.php(56): CodeIgniter\Boot::bootWeb(Object(Config\Paths))
WARNING - 2025-02-07 09:19:16 --> [DEPRECATED] Passing lowercase HTTP method "get" is deprecated. Use uppercase HTTP method like "GET". in SYSTEMPATH/Router/RouteCollection.php on line 1026.
 1 SYSTEMPATH/Router/RouteCollection.php(1026): trigger_error('Passing lowercase HTTP method "get" is deprecated. Use uppercase HTTP method like "GET".', 16384)
 2 ROOTPATH/Modules/Templates/Config/Routes.php(7): CodeIgniter\Router\RouteCollection->match([...], '/', 'Templates::index')
 3 SYSTEMPATH/Router/RouteCollection.php(799): CodeIgniter\Router\RouteCollection::{closure}(Object(CodeIgniter\Router\RouteCollection))
 4 ROOTPATH/Modules/Templates/Config/Routes.php(4): CodeIgniter\Router\RouteCollection->group('', [...], Object(Closure))
 5 SYSTEMPATH/Router/RouteCollection.php(372): include('/Users/alanmartin/Sites/localhost/hmvc-master/Ci4/Modules/Templates/Config/Routes.php')
 6 SYSTEMPATH/Router/RouteCollection.php(342): CodeIgniter\Router\RouteCollection->discoverRoutes()
 7 SYSTEMPATH/CodeIgniter.php(821): CodeIgniter\Router\RouteCollection->loadRoutes()
 8 SYSTEMPATH/CodeIgniter.php(455): CodeIgniter\CodeIgniter->tryToRouteIt(null)
 9 SYSTEMPATH/CodeIgniter.php(354): CodeIgniter\CodeIgniter->handleRequest(null, Object(Config\Cache), false)
10 SYSTEMPATH/Boot.php(334): CodeIgniter\CodeIgniter->run()
11 SYSTEMPATH/Boot.php(67): CodeIgniter\Boot::runCodeIgniter(Object(CodeIgniter\CodeIgniter))
12 FCPATH/index.php(56): CodeIgniter\Boot::bootWeb(Object(Config\Paths))
WARNING - 2025-02-07 09:19:16 --> [DEPRECATED] Passing lowercase HTTP method "post" is deprecated. Use uppercase HTTP method like "POST". in SYSTEMPATH/Router/RouteCollection.php on line 1026.
 1 SYSTEMPATH/Router/RouteCollection.php(1026): trigger_error('Passing lowercase HTTP method "post" is deprecated. Use uppercase HTTP method like "POST".', 16384)
 2 ROOTPATH/Modules/Templates/Config/Routes.php(7): CodeIgniter\Router\RouteCollection->match([...], '/', 'Templates::index')
 3 SYSTEMPATH/Router/RouteCollection.php(799): CodeIgniter\Router\RouteCollection::{closure}(Object(CodeIgniter\Router\RouteCollection))
 4 ROOTPATH/Modules/Templates/Config/Routes.php(4): CodeIgniter\Router\RouteCollection->group('', [...], Object(Closure))
 5 SYSTEMPATH/Router/RouteCollection.php(372): include('/Users/alanmartin/Sites/localhost/hmvc-master/Ci4/Modules/Templates/Config/Routes.php')
 6 SYSTEMPATH/Router/RouteCollection.php(342): CodeIgniter\Router\RouteCollection->discoverRoutes()
 7 SYSTEMPATH/CodeIgniter.php(821): CodeIgniter\Router\RouteCollection->loadRoutes()
 8 SYSTEMPATH/CodeIgniter.php(455): CodeIgniter\CodeIgniter->tryToRouteIt(null)
 9 SYSTEMPATH/CodeIgniter.php(354): CodeIgniter\CodeIgniter->handleRequest(null, Object(Config\Cache), false)
10 SYSTEMPATH/Boot.php(334): CodeIgniter\CodeIgniter->run()
11 SYSTEMPATH/Boot.php(67): CodeIgniter\Boot::runCodeIgniter(Object(CodeIgniter\CodeIgniter))
12 FCPATH/index.php(56): CodeIgniter\Boot::bootWeb(Object(Config\Paths))
DEBUG - 2025-02-07 09:19:16 --> Session: Class initialized using 'CodeIgniter\Session\Handlers\FileHandler' driver.
WARNING - 2025-02-07 09:19:28 --> [DEPRECATED] Passing lowercase HTTP method "get" is deprecated. Use uppercase HTTP method like "GET". in SYSTEMPATH/Router/RouteCollection.php on line 1026.
 1 SYSTEMPATH/Router/RouteCollection.php(1026): trigger_error('Passing lowercase HTTP method "get" is deprecated. Use uppercase HTTP method like "GET".', 16384)
 2 ROOTPATH/Modules/Templates/Config/Routes.php(7): CodeIgniter\Router\RouteCollection->match([...], '/', 'Templates::index')
 3 SYSTEMPATH/Router/RouteCollection.php(799): CodeIgniter\Router\RouteCollection::{closure}(Object(CodeIgniter\Router\RouteCollection))
 4 ROOTPATH/Modules/Templates/Config/Routes.php(4): CodeIgniter\Router\RouteCollection->group('', [...], Object(Closure))
 5 SYSTEMPATH/Router/RouteCollection.php(372): include('/Users/alanmartin/Sites/localhost/hmvc-master/Ci4/Modules/Templates/Config/Routes.php')
 6 SYSTEMPATH/Router/RouteCollection.php(342): CodeIgniter\Router\RouteCollection->discoverRoutes()
 7 SYSTEMPATH/CodeIgniter.php(821): CodeIgniter\Router\RouteCollection->loadRoutes()
 8 SYSTEMPATH/CodeIgniter.php(455): CodeIgniter\CodeIgniter->tryToRouteIt(null)
 9 SYSTEMPATH/CodeIgniter.php(354): CodeIgniter\CodeIgniter->handleRequest(null, Object(Config\Cache), false)
10 SYSTEMPATH/Boot.php(334): CodeIgniter\CodeIgniter->run()
11 SYSTEMPATH/Boot.php(67): CodeIgniter\Boot::runCodeIgniter(Object(CodeIgniter\CodeIgniter))
12 FCPATH/index.php(56): CodeIgniter\Boot::bootWeb(Object(Config\Paths))
WARNING - 2025-02-07 09:19:28 --> [DEPRECATED] Passing lowercase HTTP method "post" is deprecated. Use uppercase HTTP method like "POST". in SYSTEMPATH/Router/RouteCollection.php on line 1026.
 1 SYSTEMPATH/Router/RouteCollection.php(1026): trigger_error('Passing lowercase HTTP method "post" is deprecated. Use uppercase HTTP method like "POST".', 16384)
 2 ROOTPATH/Modules/Templates/Config/Routes.php(7): CodeIgniter\Router\RouteCollection->match([...], '/', 'Templates::index')
 3 SYSTEMPATH/Router/RouteCollection.php(799): CodeIgniter\Router\RouteCollection::{closure}(Object(CodeIgniter\Router\RouteCollection))
 4 ROOTPATH/Modules/Templates/Config/Routes.php(4): CodeIgniter\Router\RouteCollection->group('', [...], Object(Closure))
 5 SYSTEMPATH/Router/RouteCollection.php(372): include('/Users/alanmartin/Sites/localhost/hmvc-master/Ci4/Modules/Templates/Config/Routes.php')
 6 SYSTEMPATH/Router/RouteCollection.php(342): CodeIgniter\Router\RouteCollection->discoverRoutes()
 7 SYSTEMPATH/CodeIgniter.php(821): CodeIgniter\Router\RouteCollection->loadRoutes()
 8 SYSTEMPATH/CodeIgniter.php(455): CodeIgniter\CodeIgniter->tryToRouteIt(null)
 9 SYSTEMPATH/CodeIgniter.php(354): CodeIgniter\CodeIgniter->handleRequest(null, Object(Config\Cache), false)
10 SYSTEMPATH/Boot.php(334): CodeIgniter\CodeIgniter->run()
11 SYSTEMPATH/Boot.php(67): CodeIgniter\Boot::runCodeIgniter(Object(CodeIgniter\CodeIgniter))
12 FCPATH/index.php(56): CodeIgniter\Boot::bootWeb(Object(Config\Paths))
DEBUG - 2025-02-07 09:19:28 --> Session: Class initialized using 'CodeIgniter\Session\Handlers\FileHandler' driver.
WARNING - 2025-02-07 09:19:28 --> [DEPRECATED] Passing lowercase HTTP method "get" is deprecated. Use uppercase HTTP method like "GET". in SYSTEMPATH/Router/RouteCollection.php on line 1026.
 1 SYSTEMPATH/Router/RouteCollection.php(1026): trigger_error('Passing lowercase HTTP method "get" is deprecated. Use uppercase HTTP method like "GET".', 16384)
 2 ROOTPATH/Modules/Templates/Config/Routes.php(7): CodeIgniter\Router\RouteCollection->match([...], '/', 'Templates::index')
 3 SYSTEMPATH/Router/RouteCollection.php(799): CodeIgniter\Router\RouteCollection::{closure}(Object(CodeIgniter\Router\RouteCollection))
 4 ROOTPATH/Modules/Templates/Config/Routes.php(4): CodeIgniter\Router\RouteCollection->group('', [...], Object(Closure))
 5 SYSTEMPATH/Router/RouteCollection.php(372): include('/Users/alanmartin/Sites/localhost/hmvc-master/Ci4/Modules/Templates/Config/Routes.php')
 6 SYSTEMPATH/Router/RouteCollection.php(342): CodeIgniter\Router\RouteCollection->discoverRoutes()
 7 SYSTEMPATH/CodeIgniter.php(821): CodeIgniter\Router\RouteCollection->loadRoutes()
 8 SYSTEMPATH/CodeIgniter.php(455): CodeIgniter\CodeIgniter->tryToRouteIt(null)
 9 SYSTEMPATH/CodeIgniter.php(354): CodeIgniter\CodeIgniter->handleRequest(null, Object(Config\Cache), false)
10 SYSTEMPATH/Boot.php(334): CodeIgniter\CodeIgniter->run()
11 SYSTEMPATH/Boot.php(67): CodeIgniter\Boot::runCodeIgniter(Object(CodeIgniter\CodeIgniter))
12 FCPATH/index.php(56): CodeIgniter\Boot::bootWeb(Object(Config\Paths))
WARNING - 2025-02-07 09:19:28 --> [DEPRECATED] Passing lowercase HTTP method "post" is deprecated. Use uppercase HTTP method like "POST". in SYSTEMPATH/Router/RouteCollection.php on line 1026.
 1 SYSTEMPATH/Router/RouteCollection.php(1026): trigger_error('Passing lowercase HTTP method "post" is deprecated. Use uppercase HTTP method like "POST".', 16384)
 2 ROOTPATH/Modules/Templates/Config/Routes.php(7): CodeIgniter\Router\RouteCollection->match([...], '/', 'Templates::index')
 3 SYSTEMPATH/Router/RouteCollection.php(799): CodeIgniter\Router\RouteCollection::{closure}(Object(CodeIgniter\Router\RouteCollection))
 4 ROOTPATH/Modules/Templates/Config/Routes.php(4): CodeIgniter\Router\RouteCollection->group('', [...], Object(Closure))
 5 SYSTEMPATH/Router/RouteCollection.php(372): include('/Users/alanmartin/Sites/localhost/hmvc-master/Ci4/Modules/Templates/Config/Routes.php')
 6 SYSTEMPATH/Router/RouteCollection.php(342): CodeIgniter\Router\RouteCollection->discoverRoutes()
 7 SYSTEMPATH/CodeIgniter.php(821): CodeIgniter\Router\RouteCollection->loadRoutes()
 8 SYSTEMPATH/CodeIgniter.php(455): CodeIgniter\CodeIgniter->tryToRouteIt(null)
 9 SYSTEMPATH/CodeIgniter.php(354): CodeIgniter\CodeIgniter->handleRequest(null, Object(Config\Cache), false)
10 SYSTEMPATH/Boot.php(334): CodeIgniter\CodeIgniter->run()
11 SYSTEMPATH/Boot.php(67): CodeIgniter\Boot::runCodeIgniter(Object(CodeIgniter\CodeIgniter))
12 FCPATH/index.php(56): CodeIgniter\Boot::bootWeb(Object(Config\Paths))
DEBUG - 2025-02-07 09:19:28 --> Session: Class initialized using 'CodeIgniter\Session\Handlers\FileHandler' driver.
WARNING - 2025-02-07 09:19:35 --> [DEPRECATED] Passing lowercase HTTP method "get" is deprecated. Use uppercase HTTP method like "GET". in SYSTEMPATH/Router/RouteCollection.php on line 1026.
 1 SYSTEMPATH/Router/RouteCollection.php(1026): trigger_error('Passing lowercase HTTP method "get" is deprecated. Use uppercase HTTP method like "GET".', 16384)
 2 ROOTPATH/Modules/Templates/Config/Routes.php(7): CodeIgniter\Router\RouteCollection->match([...], '/', 'Templates::index')
 3 SYSTEMPATH/Router/RouteCollection.php(799): CodeIgniter\Router\RouteCollection::{closure}(Object(CodeIgniter\Router\RouteCollection))
 4 ROOTPATH/Modules/Templates/Config/Routes.php(4): CodeIgniter\Router\RouteCollection->group('', [...], Object(Closure))
 5 SYSTEMPATH/Router/RouteCollection.php(372): include('/Users/alanmartin/Sites/localhost/hmvc-master/Ci4/Modules/Templates/Config/Routes.php')
 6 SYSTEMPATH/Router/RouteCollection.php(342): CodeIgniter\Router\RouteCollection->discoverRoutes()
 7 SYSTEMPATH/CodeIgniter.php(821): CodeIgniter\Router\RouteCollection->loadRoutes()
 8 SYSTEMPATH/CodeIgniter.php(455): CodeIgniter\CodeIgniter->tryToRouteIt(null)
 9 SYSTEMPATH/CodeIgniter.php(354): CodeIgniter\CodeIgniter->handleRequest(null, Object(Config\Cache), false)
10 SYSTEMPATH/Boot.php(334): CodeIgniter\CodeIgniter->run()
11 SYSTEMPATH/Boot.php(67): CodeIgniter\Boot::runCodeIgniter(Object(CodeIgniter\CodeIgniter))
12 FCPATH/index.php(56): CodeIgniter\Boot::bootWeb(Object(Config\Paths))
WARNING - 2025-02-07 09:19:35 --> [DEPRECATED] Passing lowercase HTTP method "post" is deprecated. Use uppercase HTTP method like "POST". in SYSTEMPATH/Router/RouteCollection.php on line 1026.
 1 SYSTEMPATH/Router/RouteCollection.php(1026): trigger_error('Passing lowercase HTTP method "post" is deprecated. Use uppercase HTTP method like "POST".', 16384)
 2 ROOTPATH/Modules/Templates/Config/Routes.php(7): CodeIgniter\Router\RouteCollection->match([...], '/', 'Templates::index')
 3 SYSTEMPATH/Router/RouteCollection.php(799): CodeIgniter\Router\RouteCollection::{closure}(Object(CodeIgniter\Router\RouteCollection))
 4 ROOTPATH/Modules/Templates/Config/Routes.php(4): CodeIgniter\Router\RouteCollection->group('', [...], Object(Closure))
 5 SYSTEMPATH/Router/RouteCollection.php(372): include('/Users/alanmartin/Sites/localhost/hmvc-master/Ci4/Modules/Templates/Config/Routes.php')
 6 SYSTEMPATH/Router/RouteCollection.php(342): CodeIgniter\Router\RouteCollection->discoverRoutes()
 7 SYSTEMPATH/CodeIgniter.php(821): CodeIgniter\Router\RouteCollection->loadRoutes()
 8 SYSTEMPATH/CodeIgniter.php(455): CodeIgniter\CodeIgniter->tryToRouteIt(null)
 9 SYSTEMPATH/CodeIgniter.php(354): CodeIgniter\CodeIgniter->handleRequest(null, Object(Config\Cache), false)
10 SYSTEMPATH/Boot.php(334): CodeIgniter\CodeIgniter->run()
11 SYSTEMPATH/Boot.php(67): CodeIgniter\Boot::runCodeIgniter(Object(CodeIgniter\CodeIgniter))
12 FCPATH/index.php(56): CodeIgniter\Boot::bootWeb(Object(Config\Paths))
DEBUG - 2025-02-07 09:19:35 --> Session: Class initialized using 'CodeIgniter\Session\Handlers\FileHandler' driver.
WARNING - 2025-02-07 09:19:35 --> [DEPRECATED] Passing lowercase HTTP method "get" is deprecated. Use uppercase HTTP method like "GET". in SYSTEMPATH/Router/RouteCollection.php on line 1026.
 1 SYSTEMPATH/Router/RouteCollection.php(1026): trigger_error('Passing lowercase HTTP method "get" is deprecated. Use uppercase HTTP method like "GET".', 16384)
 2 ROOTPATH/Modules/Templates/Config/Routes.php(7): CodeIgniter\Router\RouteCollection->match([...], '/', 'Templates::index')
 3 SYSTEMPATH/Router/RouteCollection.php(799): CodeIgniter\Router\RouteCollection::{closure}(Object(CodeIgniter\Router\RouteCollection))
 4 ROOTPATH/Modules/Templates/Config/Routes.php(4): CodeIgniter\Router\RouteCollection->group('', [...], Object(Closure))
 5 SYSTEMPATH/Router/RouteCollection.php(372): include('/Users/alanmartin/Sites/localhost/hmvc-master/Ci4/Modules/Templates/Config/Routes.php')
 6 SYSTEMPATH/Router/RouteCollection.php(342): CodeIgniter\Router\RouteCollection->discoverRoutes()
 7 SYSTEMPATH/CodeIgniter.php(821): CodeIgniter\Router\RouteCollection->loadRoutes()
 8 SYSTEMPATH/CodeIgniter.php(455): CodeIgniter\CodeIgniter->tryToRouteIt(null)
 9 SYSTEMPATH/CodeIgniter.php(354): CodeIgniter\CodeIgniter->handleRequest(null, Object(Config\Cache), false)
10 SYSTEMPATH/Boot.php(334): CodeIgniter\CodeIgniter->run()
11 SYSTEMPATH/Boot.php(67): CodeIgniter\Boot::runCodeIgniter(Object(CodeIgniter\CodeIgniter))
12 FCPATH/index.php(56): CodeIgniter\Boot::bootWeb(Object(Config\Paths))
WARNING - 2025-02-07 09:19:35 --> [DEPRECATED] Passing lowercase HTTP method "post" is deprecated. Use uppercase HTTP method like "POST". in SYSTEMPATH/Router/RouteCollection.php on line 1026.
 1 SYSTEMPATH/Router/RouteCollection.php(1026): trigger_error('Passing lowercase HTTP method "post" is deprecated. Use uppercase HTTP method like "POST".', 16384)
 2 ROOTPATH/Modules/Templates/Config/Routes.php(7): CodeIgniter\Router\RouteCollection->match([...], '/', 'Templates::index')
 3 SYSTEMPATH/Router/RouteCollection.php(799): CodeIgniter\Router\RouteCollection::{closure}(Object(CodeIgniter\Router\RouteCollection))
 4 ROOTPATH/Modules/Templates/Config/Routes.php(4): CodeIgniter\Router\RouteCollection->group('', [...], Object(Closure))
 5 SYSTEMPATH/Router/RouteCollection.php(372): include('/Users/alanmartin/Sites/localhost/hmvc-master/Ci4/Modules/Templates/Config/Routes.php')
 6 SYSTEMPATH/Router/RouteCollection.php(342): CodeIgniter\Router\RouteCollection->discoverRoutes()
 7 SYSTEMPATH/CodeIgniter.php(821): CodeIgniter\Router\RouteCollection->loadRoutes()
 8 SYSTEMPATH/CodeIgniter.php(455): CodeIgniter\CodeIgniter->tryToRouteIt(null)
 9 SYSTEMPATH/CodeIgniter.php(354): CodeIgniter\CodeIgniter->handleRequest(null, Object(Config\Cache), false)
10 SYSTEMPATH/Boot.php(334): CodeIgniter\CodeIgniter->run()
11 SYSTEMPATH/Boot.php(67): CodeIgniter\Boot::runCodeIgniter(Object(CodeIgniter\CodeIgniter))
12 FCPATH/index.php(56): CodeIgniter\Boot::bootWeb(Object(Config\Paths))
DEBUG - 2025-02-07 09:19:35 --> Session: Class initialized using 'CodeIgniter\Session\Handlers\FileHandler' driver.
WARNING - 2025-02-07 09:19:41 --> [DEPRECATED] Passing lowercase HTTP method "get" is deprecated. Use uppercase HTTP method like "GET". in SYSTEMPATH/Router/RouteCollection.php on line 1026.
 1 SYSTEMPATH/Router/RouteCollection.php(1026): trigger_error('Passing lowercase HTTP method "get" is deprecated. Use uppercase HTTP method like "GET".', 16384)
 2 ROOTPATH/Modules/Templates/Config/Routes.php(7): CodeIgniter\Router\RouteCollection->match([...], '/', 'Templates::index')
 3 SYSTEMPATH/Router/RouteCollection.php(799): CodeIgniter\Router\RouteCollection::{closure}(Object(CodeIgniter\Router\RouteCollection))
 4 ROOTPATH/Modules/Templates/Config/Routes.php(4): CodeIgniter\Router\RouteCollection->group('', [...], Object(Closure))
 5 SYSTEMPATH/Router/RouteCollection.php(372): include('/Users/alanmartin/Sites/localhost/hmvc-master/Ci4/Modules/Templates/Config/Routes.php')
 6 SYSTEMPATH/Router/RouteCollection.php(342): CodeIgniter\Router\RouteCollection->discoverRoutes()
 7 SYSTEMPATH/CodeIgniter.php(821): CodeIgniter\Router\RouteCollection->loadRoutes()
 8 SYSTEMPATH/CodeIgniter.php(455): CodeIgniter\CodeIgniter->tryToRouteIt(null)
 9 SYSTEMPATH/CodeIgniter.php(354): CodeIgniter\CodeIgniter->handleRequest(null, Object(Config\Cache), false)
10 SYSTEMPATH/Boot.php(334): CodeIgniter\CodeIgniter->run()
11 SYSTEMPATH/Boot.php(67): CodeIgniter\Boot::runCodeIgniter(Object(CodeIgniter\CodeIgniter))
12 FCPATH/index.php(56): CodeIgniter\Boot::bootWeb(Object(Config\Paths))
WARNING - 2025-02-07 09:19:41 --> [DEPRECATED] Passing lowercase HTTP method "post" is deprecated. Use uppercase HTTP method like "POST". in SYSTEMPATH/Router/RouteCollection.php on line 1026.
 1 SYSTEMPATH/Router/RouteCollection.php(1026): trigger_error('Passing lowercase HTTP method "post" is deprecated. Use uppercase HTTP method like "POST".', 16384)
 2 ROOTPATH/Modules/Templates/Config/Routes.php(7): CodeIgniter\Router\RouteCollection->match([...], '/', 'Templates::index')
 3 SYSTEMPATH/Router/RouteCollection.php(799): CodeIgniter\Router\RouteCollection::{closure}(Object(CodeIgniter\Router\RouteCollection))
 4 ROOTPATH/Modules/Templates/Config/Routes.php(4): CodeIgniter\Router\RouteCollection->group('', [...], Object(Closure))
 5 SYSTEMPATH/Router/RouteCollection.php(372): include('/Users/alanmartin/Sites/localhost/hmvc-master/Ci4/Modules/Templates/Config/Routes.php')
 6 SYSTEMPATH/Router/RouteCollection.php(342): CodeIgniter\Router\RouteCollection->discoverRoutes()
 7 SYSTEMPATH/CodeIgniter.php(821): CodeIgniter\Router\RouteCollection->loadRoutes()
 8 SYSTEMPATH/CodeIgniter.php(455): CodeIgniter\CodeIgniter->tryToRouteIt(null)
 9 SYSTEMPATH/CodeIgniter.php(354): CodeIgniter\CodeIgniter->handleRequest(null, Object(Config\Cache), false)
10 SYSTEMPATH/Boot.php(334): CodeIgniter\CodeIgniter->run()
11 SYSTEMPATH/Boot.php(67): CodeIgniter\Boot::runCodeIgniter(Object(CodeIgniter\CodeIgniter))
12 FCPATH/index.php(56): CodeIgniter\Boot::bootWeb(Object(Config\Paths))
DEBUG - 2025-02-07 09:19:41 --> Session: Class initialized using 'CodeIgniter\Session\Handlers\FileHandler' driver.
WARNING - 2025-02-07 09:19:41 --> [DEPRECATED] Creation of dynamic property Modules\Quiz\Controllers\Quiz::$db is deprecated in ROOTPATH/Modules/Quiz/Controllers/Quiz.php on line 40.
 1 SYSTEMPATH/CodeIgniter.php(903): Modules\Quiz\Controllers\Quiz->__construct()
 2 SYSTEMPATH/CodeIgniter.php(498): CodeIgniter\CodeIgniter->createController()
 3 SYSTEMPATH/CodeIgniter.php(354): CodeIgniter\CodeIgniter->handleRequest(null, Object(Config\Cache), false)
 4 SYSTEMPATH/Boot.php(334): CodeIgniter\CodeIgniter->run()
 5 SYSTEMPATH/Boot.php(67): CodeIgniter\Boot::runCodeIgniter(Object(CodeIgniter\CodeIgniter))
 6 FCPATH/index.php(56): CodeIgniter\Boot::bootWeb(Object(Config\Paths))
WARNING - 2025-02-07 09:19:41 --> Session: Sessions is enabled, and one exists. Please don't $session->start();
WARNING - 2025-02-07 09:19:41 --> [DEPRECATED] Creation of dynamic property Modules\Quiz\Model\QuizModel::$user is deprecated in ROOTPATH/Modules/Quiz/Model/QuizModel.php on line 108.
 1 ROOTPATH/Modules/Quiz/Controllers/Quiz.php(305): Modules\Quiz\Model\QuizModel->get_quiz()
 2 SYSTEMPATH/CodeIgniter.php(933): Modules\Quiz\Controllers\Quiz->display()
 3 SYSTEMPATH/CodeIgniter.php(507): CodeIgniter\CodeIgniter->runController(Object(Modules\Quiz\Controllers\Quiz))
 4 SYSTEMPATH/CodeIgniter.php(354): CodeIgniter\CodeIgniter->handleRequest(null, Object(Config\Cache), false)
 5 SYSTEMPATH/Boot.php(334): CodeIgniter\CodeIgniter->run()
 6 SYSTEMPATH/Boot.php(67): CodeIgniter\Boot::runCodeIgniter(Object(CodeIgniter\CodeIgniter))
 7 FCPATH/index.php(56): CodeIgniter\Boot::bootWeb(Object(Config\Paths))
WARNING - 2025-02-07 09:19:41 --> [DEPRECATED] Passing lowercase HTTP method "get" is deprecated. Use uppercase HTTP method like "GET". in SYSTEMPATH/Router/RouteCollection.php on line 1026.
 1 SYSTEMPATH/Router/RouteCollection.php(1026): trigger_error('Passing lowercase HTTP method "get" is deprecated. Use uppercase HTTP method like "GET".', 16384)
 2 ROOTPATH/Modules/Templates/Config/Routes.php(7): CodeIgniter\Router\RouteCollection->match([...], '/', 'Templates::index')
 3 SYSTEMPATH/Router/RouteCollection.php(799): CodeIgniter\Router\RouteCollection::{closure}(Object(CodeIgniter\Router\RouteCollection))
 4 ROOTPATH/Modules/Templates/Config/Routes.php(4): CodeIgniter\Router\RouteCollection->group('', [...], Object(Closure))
 5 SYSTEMPATH/Router/RouteCollection.php(372): include('/Users/alanmartin/Sites/localhost/hmvc-master/Ci4/Modules/Templates/Config/Routes.php')
 6 SYSTEMPATH/Router/RouteCollection.php(342): CodeIgniter\Router\RouteCollection->discoverRoutes()
 7 SYSTEMPATH/CodeIgniter.php(821): CodeIgniter\Router\RouteCollection->loadRoutes()
 8 SYSTEMPATH/CodeIgniter.php(455): CodeIgniter\CodeIgniter->tryToRouteIt(null)
 9 SYSTEMPATH/CodeIgniter.php(354): CodeIgniter\CodeIgniter->handleRequest(null, Object(Config\Cache), false)
10 SYSTEMPATH/Boot.php(334): CodeIgniter\CodeIgniter->run()
11 SYSTEMPATH/Boot.php(67): CodeIgniter\Boot::runCodeIgniter(Object(CodeIgniter\CodeIgniter))
12 FCPATH/index.php(56): CodeIgniter\Boot::bootWeb(Object(Config\Paths))
WARNING - 2025-02-07 09:19:41 --> [DEPRECATED] Passing lowercase HTTP method "post" is deprecated. Use uppercase HTTP method like "POST". in SYSTEMPATH/Router/RouteCollection.php on line 1026.
 1 SYSTEMPATH/Router/RouteCollection.php(1026): trigger_error('Passing lowercase HTTP method "post" is deprecated. Use uppercase HTTP method like "POST".', 16384)
 2 ROOTPATH/Modules/Templates/Config/Routes.php(7): CodeIgniter\Router\RouteCollection->match([...], '/', 'Templates::index')
 3 SYSTEMPATH/Router/RouteCollection.php(799): CodeIgniter\Router\RouteCollection::{closure}(Object(CodeIgniter\Router\RouteCollection))
 4 ROOTPATH/Modules/Templates/Config/Routes.php(4): CodeIgniter\Router\RouteCollection->group('', [...], Object(Closure))
 5 SYSTEMPATH/Router/RouteCollection.php(372): include('/Users/alanmartin/Sites/localhost/hmvc-master/Ci4/Modules/Templates/Config/Routes.php')
 6 SYSTEMPATH/Router/RouteCollection.php(342): CodeIgniter\Router\RouteCollection->discoverRoutes()
 7 SYSTEMPATH/CodeIgniter.php(821): CodeIgniter\Router\RouteCollection->loadRoutes()
 8 SYSTEMPATH/CodeIgniter.php(455): CodeIgniter\CodeIgniter->tryToRouteIt(null)
 9 SYSTEMPATH/CodeIgniter.php(354): CodeIgniter\CodeIgniter->handleRequest(null, Object(Config\Cache), false)
10 SYSTEMPATH/Boot.php(334): CodeIgniter\CodeIgniter->run()
11 SYSTEMPATH/Boot.php(67): CodeIgniter\Boot::runCodeIgniter(Object(CodeIgniter\CodeIgniter))
12 FCPATH/index.php(56): CodeIgniter\Boot::bootWeb(Object(Config\Paths))
DEBUG - 2025-02-07 09:19:41 --> Session: Class initialized using 'CodeIgniter\Session\Handlers\FileHandler' driver.
WARNING - 2025-02-07 09:19:43 --> [DEPRECATED] Passing lowercase HTTP method "get" is deprecated. Use uppercase HTTP method like "GET". in SYSTEMPATH/Router/RouteCollection.php on line 1026.
 1 SYSTEMPATH/Router/RouteCollection.php(1026): trigger_error('Passing lowercase HTTP method "get" is deprecated. Use uppercase HTTP method like "GET".', 16384)
 2 ROOTPATH/Modules/Templates/Config/Routes.php(7): CodeIgniter\Router\RouteCollection->match([...], '/', 'Templates::index')
 3 SYSTEMPATH/Router/RouteCollection.php(799): CodeIgniter\Router\RouteCollection::{closure}(Object(CodeIgniter\Router\RouteCollection))
 4 ROOTPATH/Modules/Templates/Config/Routes.php(4): CodeIgniter\Router\RouteCollection->group('', [...], Object(Closure))
 5 SYSTEMPATH/Router/RouteCollection.php(372): include('/Users/alanmartin/Sites/localhost/hmvc-master/Ci4/Modules/Templates/Config/Routes.php')
 6 SYSTEMPATH/Router/RouteCollection.php(342): CodeIgniter\Router\RouteCollection->discoverRoutes()
 7 SYSTEMPATH/CodeIgniter.php(821): CodeIgniter\Router\RouteCollection->loadRoutes()
 8 SYSTEMPATH/CodeIgniter.php(455): CodeIgniter\CodeIgniter->tryToRouteIt(null)
 9 SYSTEMPATH/CodeIgniter.php(354): CodeIgniter\CodeIgniter->handleRequest(null, Object(Config\Cache), false)
10 SYSTEMPATH/Boot.php(334): CodeIgniter\CodeIgniter->run()
11 SYSTEMPATH/Boot.php(67): CodeIgniter\Boot::runCodeIgniter(Object(CodeIgniter\CodeIgniter))
12 FCPATH/index.php(56): CodeIgniter\Boot::bootWeb(Object(Config\Paths))
WARNING - 2025-02-07 09:19:43 --> [DEPRECATED] Passing lowercase HTTP method "post" is deprecated. Use uppercase HTTP method like "POST". in SYSTEMPATH/Router/RouteCollection.php on line 1026.
 1 SYSTEMPATH/Router/RouteCollection.php(1026): trigger_error('Passing lowercase HTTP method "post" is deprecated. Use uppercase HTTP method like "POST".', 16384)
 2 ROOTPATH/Modules/Templates/Config/Routes.php(7): CodeIgniter\Router\RouteCollection->match([...], '/', 'Templates::index')
 3 SYSTEMPATH/Router/RouteCollection.php(799): CodeIgniter\Router\RouteCollection::{closure}(Object(CodeIgniter\Router\RouteCollection))
 4 ROOTPATH/Modules/Templates/Config/Routes.php(4): CodeIgniter\Router\RouteCollection->group('', [...], Object(Closure))
 5 SYSTEMPATH/Router/RouteCollection.php(372): include('/Users/alanmartin/Sites/localhost/hmvc-master/Ci4/Modules/Templates/Config/Routes.php')
 6 SYSTEMPATH/Router/RouteCollection.php(342): CodeIgniter\Router\RouteCollection->discoverRoutes()
 7 SYSTEMPATH/CodeIgniter.php(821): CodeIgniter\Router\RouteCollection->loadRoutes()
 8 SYSTEMPATH/CodeIgniter.php(455): CodeIgniter\CodeIgniter->tryToRouteIt(null)
 9 SYSTEMPATH/CodeIgniter.php(354): CodeIgniter\CodeIgniter->handleRequest(null, Object(Config\Cache), false)
10 SYSTEMPATH/Boot.php(334): CodeIgniter\CodeIgniter->run()
11 SYSTEMPATH/Boot.php(67): CodeIgniter\Boot::runCodeIgniter(Object(CodeIgniter\CodeIgniter))
12 FCPATH/index.php(56): CodeIgniter\Boot::bootWeb(Object(Config\Paths))
DEBUG - 2025-02-07 09:19:43 --> Session: Class initialized using 'CodeIgniter\Session\Handlers\FileHandler' driver.
WARNING - 2025-02-07 09:19:43 --> [DEPRECATED] Passing lowercase HTTP method "get" is deprecated. Use uppercase HTTP method like "GET". in SYSTEMPATH/Router/RouteCollection.php on line 1026.
 1 SYSTEMPATH/Router/RouteCollection.php(1026): trigger_error('Passing lowercase HTTP method "get" is deprecated. Use uppercase HTTP method like "GET".', 16384)
 2 ROOTPATH/Modules/Templates/Config/Routes.php(7): CodeIgniter\Router\RouteCollection->match([...], '/', 'Templates::index')
 3 SYSTEMPATH/Router/RouteCollection.php(799): CodeIgniter\Router\RouteCollection::{closure}(Object(CodeIgniter\Router\RouteCollection))
 4 ROOTPATH/Modules/Templates/Config/Routes.php(4): CodeIgniter\Router\RouteCollection->group('', [...], Object(Closure))
 5 SYSTEMPATH/Router/RouteCollection.php(372): include('/Users/alanmartin/Sites/localhost/hmvc-master/Ci4/Modules/Templates/Config/Routes.php')
 6 SYSTEMPATH/Router/RouteCollection.php(342): CodeIgniter\Router\RouteCollection->discoverRoutes()
 7 SYSTEMPATH/CodeIgniter.php(821): CodeIgniter\Router\RouteCollection->loadRoutes()
 8 SYSTEMPATH/CodeIgniter.php(455): CodeIgniter\CodeIgniter->tryToRouteIt(null)
 9 SYSTEMPATH/CodeIgniter.php(354): CodeIgniter\CodeIgniter->handleRequest(null, Object(Config\Cache), false)
10 SYSTEMPATH/Boot.php(334): CodeIgniter\CodeIgniter->run()
11 SYSTEMPATH/Boot.php(67): CodeIgniter\Boot::runCodeIgniter(Object(CodeIgniter\CodeIgniter))
12 FCPATH/index.php(56): CodeIgniter\Boot::bootWeb(Object(Config\Paths))
WARNING - 2025-02-07 09:19:43 --> [DEPRECATED] Passing lowercase HTTP method "post" is deprecated. Use uppercase HTTP method like "POST". in SYSTEMPATH/Router/RouteCollection.php on line 1026.
 1 SYSTEMPATH/Router/RouteCollection.php(1026): trigger_error('Passing lowercase HTTP method "post" is deprecated. Use uppercase HTTP method like "POST".', 16384)
 2 ROOTPATH/Modules/Templates/Config/Routes.php(7): CodeIgniter\Router\RouteCollection->match([...], '/', 'Templates::index')
 3 SYSTEMPATH/Router/RouteCollection.php(799): CodeIgniter\Router\RouteCollection::{closure}(Object(CodeIgniter\Router\RouteCollection))
 4 ROOTPATH/Modules/Templates/Config/Routes.php(4): CodeIgniter\Router\RouteCollection->group('', [...], Object(Closure))
 5 SYSTEMPATH/Router/RouteCollection.php(372): include('/Users/alanmartin/Sites/localhost/hmvc-master/Ci4/Modules/Templates/Config/Routes.php')
 6 SYSTEMPATH/Router/RouteCollection.php(342): CodeIgniter\Router\RouteCollection->discoverRoutes()
 7 SYSTEMPATH/CodeIgniter.php(821): CodeIgniter\Router\RouteCollection->loadRoutes()
 8 SYSTEMPATH/CodeIgniter.php(455): CodeIgniter\CodeIgniter->tryToRouteIt(null)
 9 SYSTEMPATH/CodeIgniter.php(354): CodeIgniter\CodeIgniter->handleRequest(null, Object(Config\Cache), false)
10 SYSTEMPATH/Boot.php(334): CodeIgniter\CodeIgniter->run()
11 SYSTEMPATH/Boot.php(67): CodeIgniter\Boot::runCodeIgniter(Object(CodeIgniter\CodeIgniter))
12 FCPATH/index.php(56): CodeIgniter\Boot::bootWeb(Object(Config\Paths))
DEBUG - 2025-02-07 09:19:43 --> Session: Class initialized using 'CodeIgniter\Session\Handlers\FileHandler' driver.
WARNING - 2025-02-07 09:19:43 --> [DEPRECATED] Passing lowercase HTTP method "get" is deprecated. Use uppercase HTTP method like "GET". in SYSTEMPATH/Router/RouteCollection.php on line 1026.
 1 SYSTEMPATH/Router/RouteCollection.php(1026): trigger_error('Passing lowercase HTTP method "get" is deprecated. Use uppercase HTTP method like "GET".', 16384)
 2 ROOTPATH/Modules/Templates/Config/Routes.php(7): CodeIgniter\Router\RouteCollection->match([...], '/', 'Templates::index')
 3 SYSTEMPATH/Router/RouteCollection.php(799): CodeIgniter\Router\RouteCollection::{closure}(Object(CodeIgniter\Router\RouteCollection))
 4 ROOTPATH/Modules/Templates/Config/Routes.php(4): CodeIgniter\Router\RouteCollection->group('', [...], Object(Closure))
 5 SYSTEMPATH/Router/RouteCollection.php(372): include('/Users/alanmartin/Sites/localhost/hmvc-master/Ci4/Modules/Templates/Config/Routes.php')
 6 SYSTEMPATH/Router/RouteCollection.php(342): CodeIgniter\Router\RouteCollection->discoverRoutes()
 7 SYSTEMPATH/CodeIgniter.php(821): CodeIgniter\Router\RouteCollection->loadRoutes()
 8 SYSTEMPATH/CodeIgniter.php(455): CodeIgniter\CodeIgniter->tryToRouteIt(null)
 9 SYSTEMPATH/CodeIgniter.php(354): CodeIgniter\CodeIgniter->handleRequest(null, Object(Config\Cache), false)
10 SYSTEMPATH/Boot.php(334): CodeIgniter\CodeIgniter->run()
11 SYSTEMPATH/Boot.php(67): CodeIgniter\Boot::runCodeIgniter(Object(CodeIgniter\CodeIgniter))
12 FCPATH/index.php(56): CodeIgniter\Boot::bootWeb(Object(Config\Paths))
WARNING - 2025-02-07 09:19:43 --> [DEPRECATED] Passing lowercase HTTP method "post" is deprecated. Use uppercase HTTP method like "POST". in SYSTEMPATH/Router/RouteCollection.php on line 1026.
 1 SYSTEMPATH/Router/RouteCollection.php(1026): trigger_error('Passing lowercase HTTP method "post" is deprecated. Use uppercase HTTP method like "POST".', 16384)
 2 ROOTPATH/Modules/Templates/Config/Routes.php(7): CodeIgniter\Router\RouteCollection->match([...], '/', 'Templates::index')
 3 SYSTEMPATH/Router/RouteCollection.php(799): CodeIgniter\Router\RouteCollection::{closure}(Object(CodeIgniter\Router\RouteCollection))
 4 ROOTPATH/Modules/Templates/Config/Routes.php(4): CodeIgniter\Router\RouteCollection->group('', [...], Object(Closure))
 5 SYSTEMPATH/Router/RouteCollection.php(372): include('/Users/alanmartin/Sites/localhost/hmvc-master/Ci4/Modules/Templates/Config/Routes.php')
 6 SYSTEMPATH/Router/RouteCollection.php(342): CodeIgniter\Router\RouteCollection->discoverRoutes()
 7 SYSTEMPATH/CodeIgniter.php(821): CodeIgniter\Router\RouteCollection->loadRoutes()
 8 SYSTEMPATH/CodeIgniter.php(455): CodeIgniter\CodeIgniter->tryToRouteIt(null)
 9 SYSTEMPATH/CodeIgniter.php(354): CodeIgniter\CodeIgniter->handleRequest(null, Object(Config\Cache), false)
10 SYSTEMPATH/Boot.php(334): CodeIgniter\CodeIgniter->run()
11 SYSTEMPATH/Boot.php(67): CodeIgniter\Boot::runCodeIgniter(Object(CodeIgniter\CodeIgniter))
12 FCPATH/index.php(56): CodeIgniter\Boot::bootWeb(Object(Config\Paths))
DEBUG - 2025-02-07 09:19:43 --> Session: Class initialized using 'CodeIgniter\Session\Handlers\FileHandler' driver.
WARNING - 2025-02-07 09:19:47 --> [DEPRECATED] Passing lowercase HTTP method "get" is deprecated. Use uppercase HTTP method like "GET". in SYSTEMPATH/Router/RouteCollection.php on line 1026.
 1 SYSTEMPATH/Router/RouteCollection.php(1026): trigger_error('Passing lowercase HTTP method "get" is deprecated. Use uppercase HTTP method like "GET".', 16384)
 2 ROOTPATH/Modules/Templates/Config/Routes.php(7): CodeIgniter\Router\RouteCollection->match([...], '/', 'Templates::index')
 3 SYSTEMPATH/Router/RouteCollection.php(799): CodeIgniter\Router\RouteCollection::{closure}(Object(CodeIgniter\Router\RouteCollection))
 4 ROOTPATH/Modules/Templates/Config/Routes.php(4): CodeIgniter\Router\RouteCollection->group('', [...], Object(Closure))
 5 SYSTEMPATH/Router/RouteCollection.php(372): include('/Users/alanmartin/Sites/localhost/hmvc-master/Ci4/Modules/Templates/Config/Routes.php')
 6 SYSTEMPATH/Router/RouteCollection.php(342): CodeIgniter\Router\RouteCollection->discoverRoutes()
 7 SYSTEMPATH/CodeIgniter.php(821): CodeIgniter\Router\RouteCollection->loadRoutes()
 8 SYSTEMPATH/CodeIgniter.php(455): CodeIgniter\CodeIgniter->tryToRouteIt(null)
 9 SYSTEMPATH/CodeIgniter.php(354): CodeIgniter\CodeIgniter->handleRequest(null, Object(Config\Cache), false)
10 SYSTEMPATH/Boot.php(334): CodeIgniter\CodeIgniter->run()
11 SYSTEMPATH/Boot.php(67): CodeIgniter\Boot::runCodeIgniter(Object(CodeIgniter\CodeIgniter))
12 FCPATH/index.php(56): CodeIgniter\Boot::bootWeb(Object(Config\Paths))
WARNING - 2025-02-07 09:19:47 --> [DEPRECATED] Passing lowercase HTTP method "post" is deprecated. Use uppercase HTTP method like "POST". in SYSTEMPATH/Router/RouteCollection.php on line 1026.
 1 SYSTEMPATH/Router/RouteCollection.php(1026): trigger_error('Passing lowercase HTTP method "post" is deprecated. Use uppercase HTTP method like "POST".', 16384)
 2 ROOTPATH/Modules/Templates/Config/Routes.php(7): CodeIgniter\Router\RouteCollection->match([...], '/', 'Templates::index')
 3 SYSTEMPATH/Router/RouteCollection.php(799): CodeIgniter\Router\RouteCollection::{closure}(Object(CodeIgniter\Router\RouteCollection))
 4 ROOTPATH/Modules/Templates/Config/Routes.php(4): CodeIgniter\Router\RouteCollection->group('', [...], Object(Closure))
 5 SYSTEMPATH/Router/RouteCollection.php(372): include('/Users/alanmartin/Sites/localhost/hmvc-master/Ci4/Modules/Templates/Config/Routes.php')
 6 SYSTEMPATH/Router/RouteCollection.php(342): CodeIgniter\Router\RouteCollection->discoverRoutes()
 7 SYSTEMPATH/CodeIgniter.php(821): CodeIgniter\Router\RouteCollection->loadRoutes()
 8 SYSTEMPATH/CodeIgniter.php(455): CodeIgniter\CodeIgniter->tryToRouteIt(null)
 9 SYSTEMPATH/CodeIgniter.php(354): CodeIgniter\CodeIgniter->handleRequest(null, Object(Config\Cache), false)
10 SYSTEMPATH/Boot.php(334): CodeIgniter\CodeIgniter->run()
11 SYSTEMPATH/Boot.php(67): CodeIgniter\Boot::runCodeIgniter(Object(CodeIgniter\CodeIgniter))
12 FCPATH/index.php(56): CodeIgniter\Boot::bootWeb(Object(Config\Paths))
DEBUG - 2025-02-07 09:19:47 --> Session: Class initialized using 'CodeIgniter\Session\Handlers\FileHandler' driver.
WARNING - 2025-02-07 09:19:47 --> [DEPRECATED] Creation of dynamic property Modules\Quiz\Controllers\Quiz::$db is deprecated in ROOTPATH/Modules/Quiz/Controllers/Quiz.php on line 40.
 1 SYSTEMPATH/CodeIgniter.php(903): Modules\Quiz\Controllers\Quiz->__construct()
 2 SYSTEMPATH/CodeIgniter.php(498): CodeIgniter\CodeIgniter->createController()
 3 SYSTEMPATH/CodeIgniter.php(354): CodeIgniter\CodeIgniter->handleRequest(null, Object(Config\Cache), false)
 4 SYSTEMPATH/Boot.php(334): CodeIgniter\CodeIgniter->run()
 5 SYSTEMPATH/Boot.php(67): CodeIgniter\Boot::runCodeIgniter(Object(CodeIgniter\CodeIgniter))
 6 FCPATH/index.php(56): CodeIgniter\Boot::bootWeb(Object(Config\Paths))
WARNING - 2025-02-07 09:19:47 --> Session: Sessions is enabled, and one exists. Please don't $session->start();
WARNING - 2025-02-07 09:19:47 --> [DEPRECATED] Creation of dynamic property Modules\Quiz\Model\QuizModel::$user is deprecated in ROOTPATH/Modules/Quiz/Model/QuizModel.php on line 108.
 1 ROOTPATH/Modules/Quiz/Controllers/Quiz.php(305): Modules\Quiz\Model\QuizModel->get_quiz()
 2 SYSTEMPATH/CodeIgniter.php(933): Modules\Quiz\Controllers\Quiz->display()
 3 SYSTEMPATH/CodeIgniter.php(507): CodeIgniter\CodeIgniter->runController(Object(Modules\Quiz\Controllers\Quiz))
 4 SYSTEMPATH/CodeIgniter.php(354): CodeIgniter\CodeIgniter->handleRequest(null, Object(Config\Cache), false)
 5 SYSTEMPATH/Boot.php(334): CodeIgniter\CodeIgniter->run()
 6 SYSTEMPATH/Boot.php(67): CodeIgniter\Boot::runCodeIgniter(Object(CodeIgniter\CodeIgniter))
 7 FCPATH/index.php(56): CodeIgniter\Boot::bootWeb(Object(Config\Paths))
WARNING - 2025-02-07 09:19:47 --> [DEPRECATED] Passing lowercase HTTP method "get" is deprecated. Use uppercase HTTP method like "GET". in SYSTEMPATH/Router/RouteCollection.php on line 1026.
 1 SYSTEMPATH/Router/RouteCollection.php(1026): trigger_error('Passing lowercase HTTP method "get" is deprecated. Use uppercase HTTP method like "GET".', 16384)
 2 ROOTPATH/Modules/Templates/Config/Routes.php(7): CodeIgniter\Router\RouteCollection->match([...], '/', 'Templates::index')
 3 SYSTEMPATH/Router/RouteCollection.php(799): CodeIgniter\Router\RouteCollection::{closure}(Object(CodeIgniter\Router\RouteCollection))
 4 ROOTPATH/Modules/Templates/Config/Routes.php(4): CodeIgniter\Router\RouteCollection->group('', [...], Object(Closure))
 5 SYSTEMPATH/Router/RouteCollection.php(372): include('/Users/alanmartin/Sites/localhost/hmvc-master/Ci4/Modules/Templates/Config/Routes.php')
 6 SYSTEMPATH/Router/RouteCollection.php(342): CodeIgniter\Router\RouteCollection->discoverRoutes()
 7 SYSTEMPATH/CodeIgniter.php(821): CodeIgniter\Router\RouteCollection->loadRoutes()
 8 SYSTEMPATH/CodeIgniter.php(455): CodeIgniter\CodeIgniter->tryToRouteIt(null)
 9 SYSTEMPATH/CodeIgniter.php(354): CodeIgniter\CodeIgniter->handleRequest(null, Object(Config\Cache), false)
10 SYSTEMPATH/Boot.php(334): CodeIgniter\CodeIgniter->run()
11 SYSTEMPATH/Boot.php(67): CodeIgniter\Boot::runCodeIgniter(Object(CodeIgniter\CodeIgniter))
12 FCPATH/index.php(56): CodeIgniter\Boot::bootWeb(Object(Config\Paths))
WARNING - 2025-02-07 09:19:47 --> [DEPRECATED] Passing lowercase HTTP method "post" is deprecated. Use uppercase HTTP method like "POST". in SYSTEMPATH/Router/RouteCollection.php on line 1026.
 1 SYSTEMPATH/Router/RouteCollection.php(1026): trigger_error('Passing lowercase HTTP method "post" is deprecated. Use uppercase HTTP method like "POST".', 16384)
 2 ROOTPATH/Modules/Templates/Config/Routes.php(7): CodeIgniter\Router\RouteCollection->match([...], '/', 'Templates::index')
 3 SYSTEMPATH/Router/RouteCollection.php(799): CodeIgniter\Router\RouteCollection::{closure}(Object(CodeIgniter\Router\RouteCollection))
 4 ROOTPATH/Modules/Templates/Config/Routes.php(4): CodeIgniter\Router\RouteCollection->group('', [...], Object(Closure))
 5 SYSTEMPATH/Router/RouteCollection.php(372): include('/Users/alanmartin/Sites/localhost/hmvc-master/Ci4/Modules/Templates/Config/Routes.php')
 6 SYSTEMPATH/Router/RouteCollection.php(342): CodeIgniter\Router\RouteCollection->discoverRoutes()
 7 SYSTEMPATH/CodeIgniter.php(821): CodeIgniter\Router\RouteCollection->loadRoutes()
 8 SYSTEMPATH/CodeIgniter.php(455): CodeIgniter\CodeIgniter->tryToRouteIt(null)
 9 SYSTEMPATH/CodeIgniter.php(354): CodeIgniter\CodeIgniter->handleRequest(null, Object(Config\Cache), false)
10 SYSTEMPATH/Boot.php(334): CodeIgniter\CodeIgniter->run()
11 SYSTEMPATH/Boot.php(67): CodeIgniter\Boot::runCodeIgniter(Object(CodeIgniter\CodeIgniter))
12 FCPATH/index.php(56): CodeIgniter\Boot::bootWeb(Object(Config\Paths))
DEBUG - 2025-02-07 09:19:47 --> Session: Class initialized using 'CodeIgniter\Session\Handlers\FileHandler' driver.
WARNING - 2025-02-07 09:19:51 --> [DEPRECATED] Passing lowercase HTTP method "get" is deprecated. Use uppercase HTTP method like "GET". in SYSTEMPATH/Router/RouteCollection.php on line 1026.
 1 SYSTEMPATH/Router/RouteCollection.php(1026): trigger_error('Passing lowercase HTTP method "get" is deprecated. Use uppercase HTTP method like "GET".', 16384)
 2 ROOTPATH/Modules/Templates/Config/Routes.php(7): CodeIgniter\Router\RouteCollection->match([...], '/', 'Templates::index')
 3 SYSTEMPATH/Router/RouteCollection.php(799): CodeIgniter\Router\RouteCollection::{closure}(Object(CodeIgniter\Router\RouteCollection))
 4 ROOTPATH/Modules/Templates/Config/Routes.php(4): CodeIgniter\Router\RouteCollection->group('', [...], Object(Closure))
 5 SYSTEMPATH/Router/RouteCollection.php(372): include('/Users/alanmartin/Sites/localhost/hmvc-master/Ci4/Modules/Templates/Config/Routes.php')
 6 SYSTEMPATH/Router/RouteCollection.php(342): CodeIgniter\Router\RouteCollection->discoverRoutes()
 7 SYSTEMPATH/CodeIgniter.php(821): CodeIgniter\Router\RouteCollection->loadRoutes()
 8 SYSTEMPATH/CodeIgniter.php(455): CodeIgniter\CodeIgniter->tryToRouteIt(null)
 9 SYSTEMPATH/CodeIgniter.php(354): CodeIgniter\CodeIgniter->handleRequest(null, Object(Config\Cache), false)
10 SYSTEMPATH/Boot.php(334): CodeIgniter\CodeIgniter->run()
11 SYSTEMPATH/Boot.php(67): CodeIgniter\Boot::runCodeIgniter(Object(CodeIgniter\CodeIgniter))
12 FCPATH/index.php(56): CodeIgniter\Boot::bootWeb(Object(Config\Paths))
WARNING - 2025-02-07 09:19:51 --> [DEPRECATED] Passing lowercase HTTP method "post" is deprecated. Use uppercase HTTP method like "POST". in SYSTEMPATH/Router/RouteCollection.php on line 1026.
 1 SYSTEMPATH/Router/RouteCollection.php(1026): trigger_error('Passing lowercase HTTP method "post" is deprecated. Use uppercase HTTP method like "POST".', 16384)
 2 ROOTPATH/Modules/Templates/Config/Routes.php(7): CodeIgniter\Router\RouteCollection->match([...], '/', 'Templates::index')
 3 SYSTEMPATH/Router/RouteCollection.php(799): CodeIgniter\Router\RouteCollection::{closure}(Object(CodeIgniter\Router\RouteCollection))
 4 ROOTPATH/Modules/Templates/Config/Routes.php(4): CodeIgniter\Router\RouteCollection->group('', [...], Object(Closure))
 5 SYSTEMPATH/Router/RouteCollection.php(372): include('/Users/alanmartin/Sites/localhost/hmvc-master/Ci4/Modules/Templates/Config/Routes.php')
 6 SYSTEMPATH/Router/RouteCollection.php(342): CodeIgniter\Router\RouteCollection->discoverRoutes()
 7 SYSTEMPATH/CodeIgniter.php(821): CodeIgniter\Router\RouteCollection->loadRoutes()
 8 SYSTEMPATH/CodeIgniter.php(455): CodeIgniter\CodeIgniter->tryToRouteIt(null)
 9 SYSTEMPATH/CodeIgniter.php(354): CodeIgniter\CodeIgniter->handleRequest(null, Object(Config\Cache), false)
10 SYSTEMPATH/Boot.php(334): CodeIgniter\CodeIgniter->run()
11 SYSTEMPATH/Boot.php(67): CodeIgniter\Boot::runCodeIgniter(Object(CodeIgniter\CodeIgniter))
12 FCPATH/index.php(56): CodeIgniter\Boot::bootWeb(Object(Config\Paths))
DEBUG - 2025-02-07 09:19:51 --> Session: Class initialized using 'CodeIgniter\Session\Handlers\FileHandler' driver.
WARNING - 2025-02-07 09:19:51 --> [DEPRECATED] Passing lowercase HTTP method "get" is deprecated. Use uppercase HTTP method like "GET". in SYSTEMPATH/Router/RouteCollection.php on line 1026.
 1 SYSTEMPATH/Router/RouteCollection.php(1026): trigger_error('Passing lowercase HTTP method "get" is deprecated. Use uppercase HTTP method like "GET".', 16384)
 2 ROOTPATH/Modules/Templates/Config/Routes.php(7): CodeIgniter\Router\RouteCollection->match([...], '/', 'Templates::index')
 3 SYSTEMPATH/Router/RouteCollection.php(799): CodeIgniter\Router\RouteCollection::{closure}(Object(CodeIgniter\Router\RouteCollection))
 4 ROOTPATH/Modules/Templates/Config/Routes.php(4): CodeIgniter\Router\RouteCollection->group('', [...], Object(Closure))
 5 SYSTEMPATH/Router/RouteCollection.php(372): include('/Users/alanmartin/Sites/localhost/hmvc-master/Ci4/Modules/Templates/Config/Routes.php')
 6 SYSTEMPATH/Router/RouteCollection.php(342): CodeIgniter\Router\RouteCollection->discoverRoutes()
 7 SYSTEMPATH/CodeIgniter.php(821): CodeIgniter\Router\RouteCollection->loadRoutes()
 8 SYSTEMPATH/CodeIgniter.php(455): CodeIgniter\CodeIgniter->tryToRouteIt(null)
 9 SYSTEMPATH/CodeIgniter.php(354): CodeIgniter\CodeIgniter->handleRequest(null, Object(Config\Cache), false)
10 SYSTEMPATH/Boot.php(334): CodeIgniter\CodeIgniter->run()
11 SYSTEMPATH/Boot.php(67): CodeIgniter\Boot::runCodeIgniter(Object(CodeIgniter\CodeIgniter))
12 FCPATH/index.php(56): CodeIgniter\Boot::bootWeb(Object(Config\Paths))
WARNING - 2025-02-07 09:19:51 --> [DEPRECATED] Passing lowercase HTTP method "post" is deprecated. Use uppercase HTTP method like "POST". in SYSTEMPATH/Router/RouteCollection.php on line 1026.
 1 SYSTEMPATH/Router/RouteCollection.php(1026): trigger_error('Passing lowercase HTTP method "post" is deprecated. Use uppercase HTTP method like "POST".', 16384)
 2 ROOTPATH/Modules/Templates/Config/Routes.php(7): CodeIgniter\Router\RouteCollection->match([...], '/', 'Templates::index')
 3 SYSTEMPATH/Router/RouteCollection.php(799): CodeIgniter\Router\RouteCollection::{closure}(Object(CodeIgniter\Router\RouteCollection))
 4 ROOTPATH/Modules/Templates/Config/Routes.php(4): CodeIgniter\Router\RouteCollection->group('', [...], Object(Closure))
 5 SYSTEMPATH/Router/RouteCollection.php(372): include('/Users/alanmartin/Sites/localhost/hmvc-master/Ci4/Modules/Templates/Config/Routes.php')
 6 SYSTEMPATH/Router/RouteCollection.php(342): CodeIgniter\Router\RouteCollection->discoverRoutes()
 7 SYSTEMPATH/CodeIgniter.php(821): CodeIgniter\Router\RouteCollection->loadRoutes()
 8 SYSTEMPATH/CodeIgniter.php(455): CodeIgniter\CodeIgniter->tryToRouteIt(null)
 9 SYSTEMPATH/CodeIgniter.php(354): CodeIgniter\CodeIgniter->handleRequest(null, Object(Config\Cache), false)
10 SYSTEMPATH/Boot.php(334): CodeIgniter\CodeIgniter->run()
11 SYSTEMPATH/Boot.php(67): CodeIgniter\Boot::runCodeIgniter(Object(CodeIgniter\CodeIgniter))
12 FCPATH/index.php(56): CodeIgniter\Boot::bootWeb(Object(Config\Paths))
DEBUG - 2025-02-07 09:19:51 --> Session: Class initialized using 'CodeIgniter\Session\Handlers\FileHandler' driver.
DEBUG - 2025-02-07 09:19:51 --> Session: Class initialized using 'CodeIgniter\Session\Handlers\FileHandler' driver.
WARNING - 2025-02-07 09:24:58 --> [DEPRECATED] Passing lowercase HTTP method "get" is deprecated. Use uppercase HTTP method like "GET". in SYSTEMPATH/Router/RouteCollection.php on line 1026.
 1 SYSTEMPATH/Router/RouteCollection.php(1026): trigger_error('Passing lowercase HTTP method "get" is deprecated. Use uppercase HTTP method like "GET".', 16384)
 2 ROOTPATH/Modules/Templates/Config/Routes.php(7): CodeIgniter\Router\RouteCollection->match([...], '/', 'Templates::index')
 3 SYSTEMPATH/Router/RouteCollection.php(799): CodeIgniter\Router\RouteCollection::{closure}(Object(CodeIgniter\Router\RouteCollection))
 4 ROOTPATH/Modules/Templates/Config/Routes.php(4): CodeIgniter\Router\RouteCollection->group('', [...], Object(Closure))
 5 SYSTEMPATH/Router/RouteCollection.php(372): include('/Users/alanmartin/Sites/localhost/hmvc-master/Ci4/Modules/Templates/Config/Routes.php')
 6 SYSTEMPATH/Router/RouteCollection.php(342): CodeIgniter\Router\RouteCollection->discoverRoutes()
 7 SYSTEMPATH/CodeIgniter.php(821): CodeIgniter\Router\RouteCollection->loadRoutes()
 8 SYSTEMPATH/CodeIgniter.php(455): CodeIgniter\CodeIgniter->tryToRouteIt(null)
 9 SYSTEMPATH/CodeIgniter.php(354): CodeIgniter\CodeIgniter->handleRequest(null, Object(Config\Cache), false)
10 SYSTEMPATH/Boot.php(334): CodeIgniter\CodeIgniter->run()
11 SYSTEMPATH/Boot.php(67): CodeIgniter\Boot::runCodeIgniter(Object(CodeIgniter\CodeIgniter))
12 FCPATH/index.php(56): CodeIgniter\Boot::bootWeb(Object(Config\Paths))
WARNING - 2025-02-07 09:24:58 --> [DEPRECATED] Passing lowercase HTTP method "post" is deprecated. Use uppercase HTTP method like "POST". in SYSTEMPATH/Router/RouteCollection.php on line 1026.
 1 SYSTEMPATH/Router/RouteCollection.php(1026): trigger_error('Passing lowercase HTTP method "post" is deprecated. Use uppercase HTTP method like "POST".', 16384)
 2 ROOTPATH/Modules/Templates/Config/Routes.php(7): CodeIgniter\Router\RouteCollection->match([...], '/', 'Templates::index')
 3 SYSTEMPATH/Router/RouteCollection.php(799): CodeIgniter\Router\RouteCollection::{closure}(Object(CodeIgniter\Router\RouteCollection))
 4 ROOTPATH/Modules/Templates/Config/Routes.php(4): CodeIgniter\Router\RouteCollection->group('', [...], Object(Closure))
 5 SYSTEMPATH/Router/RouteCollection.php(372): include('/Users/alanmartin/Sites/localhost/hmvc-master/Ci4/Modules/Templates/Config/Routes.php')
 6 SYSTEMPATH/Router/RouteCollection.php(342): CodeIgniter\Router\RouteCollection->discoverRoutes()
 7 SYSTEMPATH/CodeIgniter.php(821): CodeIgniter\Router\RouteCollection->loadRoutes()
 8 SYSTEMPATH/CodeIgniter.php(455): CodeIgniter\CodeIgniter->tryToRouteIt(null)
 9 SYSTEMPATH/CodeIgniter.php(354): CodeIgniter\CodeIgniter->handleRequest(null, Object(Config\Cache), false)
10 SYSTEMPATH/Boot.php(334): CodeIgniter\CodeIgniter->run()
11 SYSTEMPATH/Boot.php(67): CodeIgniter\Boot::runCodeIgniter(Object(CodeIgniter\CodeIgniter))
12 FCPATH/index.php(56): CodeIgniter\Boot::bootWeb(Object(Config\Paths))
DEBUG - 2025-02-07 09:24:58 --> Session: Class initialized using 'CodeIgniter\Session\Handlers\FileHandler' driver.
DEBUG - 2025-02-07 09:24:59 --> Session: Class initialized using 'CodeIgniter\Session\Handlers\FileHandler' driver.
WARNING - 2025-02-07 09:25:05 --> [DEPRECATED] Passing lowercase HTTP method "get" is deprecated. Use uppercase HTTP method like "GET". in SYSTEMPATH/Router/RouteCollection.php on line 1026.
 1 SYSTEMPATH/Router/RouteCollection.php(1026): trigger_error('Passing lowercase HTTP method "get" is deprecated. Use uppercase HTTP method like "GET".', 16384)
 2 ROOTPATH/Modules/Templates/Config/Routes.php(7): CodeIgniter\Router\RouteCollection->match([...], '/', 'Templates::index')
 3 SYSTEMPATH/Router/RouteCollection.php(799): CodeIgniter\Router\RouteCollection::{closure}(Object(CodeIgniter\Router\RouteCollection))
 4 ROOTPATH/Modules/Templates/Config/Routes.php(4): CodeIgniter\Router\RouteCollection->group('', [...], Object(Closure))
 5 SYSTEMPATH/Router/RouteCollection.php(372): include('/Users/alanmartin/Sites/localhost/hmvc-master/Ci4/Modules/Templates/Config/Routes.php')
 6 SYSTEMPATH/Router/RouteCollection.php(342): CodeIgniter\Router\RouteCollection->discoverRoutes()
 7 SYSTEMPATH/CodeIgniter.php(821): CodeIgniter\Router\RouteCollection->loadRoutes()
 8 SYSTEMPATH/CodeIgniter.php(455): CodeIgniter\CodeIgniter->tryToRouteIt(null)
 9 SYSTEMPATH/CodeIgniter.php(354): CodeIgniter\CodeIgniter->handleRequest(null, Object(Config\Cache), false)
10 SYSTEMPATH/Boot.php(334): CodeIgniter\CodeIgniter->run()
11 SYSTEMPATH/Boot.php(67): CodeIgniter\Boot::runCodeIgniter(Object(CodeIgniter\CodeIgniter))
12 FCPATH/index.php(56): CodeIgniter\Boot::bootWeb(Object(Config\Paths))
WARNING - 2025-02-07 09:25:05 --> [DEPRECATED] Passing lowercase HTTP method "post" is deprecated. Use uppercase HTTP method like "POST". in SYSTEMPATH/Router/RouteCollection.php on line 1026.
 1 SYSTEMPATH/Router/RouteCollection.php(1026): trigger_error('Passing lowercase HTTP method "post" is deprecated. Use uppercase HTTP method like "POST".', 16384)
 2 ROOTPATH/Modules/Templates/Config/Routes.php(7): CodeIgniter\Router\RouteCollection->match([...], '/', 'Templates::index')
 3 SYSTEMPATH/Router/RouteCollection.php(799): CodeIgniter\Router\RouteCollection::{closure}(Object(CodeIgniter\Router\RouteCollection))
 4 ROOTPATH/Modules/Templates/Config/Routes.php(4): CodeIgniter\Router\RouteCollection->group('', [...], Object(Closure))
 5 SYSTEMPATH/Router/RouteCollection.php(372): include('/Users/alanmartin/Sites/localhost/hmvc-master/Ci4/Modules/Templates/Config/Routes.php')
 6 SYSTEMPATH/Router/RouteCollection.php(342): CodeIgniter\Router\RouteCollection->discoverRoutes()
 7 SYSTEMPATH/CodeIgniter.php(821): CodeIgniter\Router\RouteCollection->loadRoutes()
 8 SYSTEMPATH/CodeIgniter.php(455): CodeIgniter\CodeIgniter->tryToRouteIt(null)
 9 SYSTEMPATH/CodeIgniter.php(354): CodeIgniter\CodeIgniter->handleRequest(null, Object(Config\Cache), false)
10 SYSTEMPATH/Boot.php(334): CodeIgniter\CodeIgniter->run()
11 SYSTEMPATH/Boot.php(67): CodeIgniter\Boot::runCodeIgniter(Object(CodeIgniter\CodeIgniter))
12 FCPATH/index.php(56): CodeIgniter\Boot::bootWeb(Object(Config\Paths))
DEBUG - 2025-02-07 09:25:05 --> Session: Class initialized using 'CodeIgniter\Session\Handlers\FileHandler' driver.
WARNING - 2025-02-07 09:25:05 --> [DEPRECATED] Creation of dynamic property Modules\Quiz\Controllers\Quiz::$db is deprecated in ROOTPATH/Modules/Quiz/Controllers/Quiz.php on line 40.
 1 SYSTEMPATH/CodeIgniter.php(903): Modules\Quiz\Controllers\Quiz->__construct()
 2 SYSTEMPATH/CodeIgniter.php(498): CodeIgniter\CodeIgniter->createController()
 3 SYSTEMPATH/CodeIgniter.php(354): CodeIgniter\CodeIgniter->handleRequest(null, Object(Config\Cache), false)
 4 SYSTEMPATH/Boot.php(334): CodeIgniter\CodeIgniter->run()
 5 SYSTEMPATH/Boot.php(67): CodeIgniter\Boot::runCodeIgniter(Object(CodeIgniter\CodeIgniter))
 6 FCPATH/index.php(56): CodeIgniter\Boot::bootWeb(Object(Config\Paths))
WARNING - 2025-02-07 09:25:05 --> Session: Sessions is enabled, and one exists. Please don't $session->start();
DEBUG - 2025-02-07 09:25:05 --> Session: Class initialized using 'CodeIgniter\Session\Handlers\FileHandler' driver.
WARNING - 2025-02-07 09:25:12 --> [DEPRECATED] Passing lowercase HTTP method "get" is deprecated. Use uppercase HTTP method like "GET". in SYSTEMPATH/Router/RouteCollection.php on line 1026.
 1 SYSTEMPATH/Router/RouteCollection.php(1026): trigger_error('Passing lowercase HTTP method "get" is deprecated. Use uppercase HTTP method like "GET".', 16384)
 2 ROOTPATH/Modules/Templates/Config/Routes.php(7): CodeIgniter\Router\RouteCollection->match([...], '/', 'Templates::index')
 3 SYSTEMPATH/Router/RouteCollection.php(799): CodeIgniter\Router\RouteCollection::{closure}(Object(CodeIgniter\Router\RouteCollection))
 4 ROOTPATH/Modules/Templates/Config/Routes.php(4): CodeIgniter\Router\RouteCollection->group('', [...], Object(Closure))
 5 SYSTEMPATH/Router/RouteCollection.php(372): include('/Users/alanmartin/Sites/localhost/hmvc-master/Ci4/Modules/Templates/Config/Routes.php')
 6 SYSTEMPATH/Router/RouteCollection.php(342): CodeIgniter\Router\RouteCollection->discoverRoutes()
 7 SYSTEMPATH/CodeIgniter.php(821): CodeIgniter\Router\RouteCollection->loadRoutes()
 8 SYSTEMPATH/CodeIgniter.php(455): CodeIgniter\CodeIgniter->tryToRouteIt(null)
 9 SYSTEMPATH/CodeIgniter.php(354): CodeIgniter\CodeIgniter->handleRequest(null, Object(Config\Cache), false)
10 SYSTEMPATH/Boot.php(334): CodeIgniter\CodeIgniter->run()
11 SYSTEMPATH/Boot.php(67): CodeIgniter\Boot::runCodeIgniter(Object(CodeIgniter\CodeIgniter))
12 FCPATH/index.php(56): CodeIgniter\Boot::bootWeb(Object(Config\Paths))
WARNING - 2025-02-07 09:25:12 --> [DEPRECATED] Passing lowercase HTTP method "post" is deprecated. Use uppercase HTTP method like "POST". in SYSTEMPATH/Router/RouteCollection.php on line 1026.
 1 SYSTEMPATH/Router/RouteCollection.php(1026): trigger_error('Passing lowercase HTTP method "post" is deprecated. Use uppercase HTTP method like "POST".', 16384)
 2 ROOTPATH/Modules/Templates/Config/Routes.php(7): CodeIgniter\Router\RouteCollection->match([...], '/', 'Templates::index')
 3 SYSTEMPATH/Router/RouteCollection.php(799): CodeIgniter\Router\RouteCollection::{closure}(Object(CodeIgniter\Router\RouteCollection))
 4 ROOTPATH/Modules/Templates/Config/Routes.php(4): CodeIgniter\Router\RouteCollection->group('', [...], Object(Closure))
 5 SYSTEMPATH/Router/RouteCollection.php(372): include('/Users/alanmartin/Sites/localhost/hmvc-master/Ci4/Modules/Templates/Config/Routes.php')
 6 SYSTEMPATH/Router/RouteCollection.php(342): CodeIgniter\Router\RouteCollection->discoverRoutes()
 7 SYSTEMPATH/CodeIgniter.php(821): CodeIgniter\Router\RouteCollection->loadRoutes()
 8 SYSTEMPATH/CodeIgniter.php(455): CodeIgniter\CodeIgniter->tryToRouteIt(null)
 9 SYSTEMPATH/CodeIgniter.php(354): CodeIgniter\CodeIgniter->handleRequest(null, Object(Config\Cache), false)
10 SYSTEMPATH/Boot.php(334): CodeIgniter\CodeIgniter->run()
11 SYSTEMPATH/Boot.php(67): CodeIgniter\Boot::runCodeIgniter(Object(CodeIgniter\CodeIgniter))
12 FCPATH/index.php(56): CodeIgniter\Boot::bootWeb(Object(Config\Paths))
DEBUG - 2025-02-07 09:25:12 --> Session: Class initialized using 'CodeIgniter\Session\Handlers\FileHandler' driver.
CRITICAL - 2025-02-07 09:25:12 --> ErrorException: Attempt to read property "username" on null
[Method: GET, Route: result/index]
in ROOTPATH/Modules/Result/Model/ResultModel.php on line 28.
 1 ROOTPATH/Modules/Result/Model/ResultModel.php(28): CodeIgniter\Debug\Exceptions->errorHandler(2, 'Attempt to read property "username" on null', '/Users/alanmartin/Sites/localhost/hmvc-master/Ci4/Modules/Result/Model/ResultModel.php', 28)
 2 ROOTPATH/Modules/Result/Controllers/Result.php(40): Modules\Result\Model\ResultModel->get_results()
 3 SYSTEMPATH/CodeIgniter.php(933): Modules\Result\Controllers\Result->index()
 4 SYSTEMPATH/CodeIgniter.php(507): CodeIgniter\CodeIgniter->runController(Object(Modules\Result\Controllers\Result))
 5 SYSTEMPATH/CodeIgniter.php(354): CodeIgniter\CodeIgniter->handleRequest(null, Object(Config\Cache), false)
 6 SYSTEMPATH/Boot.php(334): CodeIgniter\CodeIgniter->run()
 7 SYSTEMPATH/Boot.php(67): CodeIgniter\Boot::runCodeIgniter(Object(CodeIgniter\CodeIgniter))
 8 FCPATH/index.php(56): CodeIgniter\Boot::bootWeb(Object(Config\Paths))
WARNING - 2025-02-07 09:25:16 --> [DEPRECATED] Passing lowercase HTTP method "get" is deprecated. Use uppercase HTTP method like "GET". in SYSTEMPATH/Router/RouteCollection.php on line 1026.
 1 SYSTEMPATH/Router/RouteCollection.php(1026): trigger_error('Passing lowercase HTTP method "get" is deprecated. Use uppercase HTTP method like "GET".', 16384)
 2 ROOTPATH/Modules/Templates/Config/Routes.php(7): CodeIgniter\Router\RouteCollection->match([...], '/', 'Templates::index')
 3 SYSTEMPATH/Router/RouteCollection.php(799): CodeIgniter\Router\RouteCollection::{closure}(Object(CodeIgniter\Router\RouteCollection))
 4 ROOTPATH/Modules/Templates/Config/Routes.php(4): CodeIgniter\Router\RouteCollection->group('', [...], Object(Closure))
 5 SYSTEMPATH/Router/RouteCollection.php(372): include('/Users/alanmartin/Sites/localhost/hmvc-master/Ci4/Modules/Templates/Config/Routes.php')
 6 SYSTEMPATH/Router/RouteCollection.php(342): CodeIgniter\Router\RouteCollection->discoverRoutes()
 7 SYSTEMPATH/CodeIgniter.php(821): CodeIgniter\Router\RouteCollection->loadRoutes()
 8 SYSTEMPATH/CodeIgniter.php(455): CodeIgniter\CodeIgniter->tryToRouteIt(null)
 9 SYSTEMPATH/CodeIgniter.php(354): CodeIgniter\CodeIgniter->handleRequest(null, Object(Config\Cache), false)
10 SYSTEMPATH/Boot.php(334): CodeIgniter\CodeIgniter->run()
11 SYSTEMPATH/Boot.php(67): CodeIgniter\Boot::runCodeIgniter(Object(CodeIgniter\CodeIgniter))
12 FCPATH/index.php(56): CodeIgniter\Boot::bootWeb(Object(Config\Paths))
WARNING - 2025-02-07 09:25:16 --> [DEPRECATED] Passing lowercase HTTP method "post" is deprecated. Use uppercase HTTP method like "POST". in SYSTEMPATH/Router/RouteCollection.php on line 1026.
 1 SYSTEMPATH/Router/RouteCollection.php(1026): trigger_error('Passing lowercase HTTP method "post" is deprecated. Use uppercase HTTP method like "POST".', 16384)
 2 ROOTPATH/Modules/Templates/Config/Routes.php(7): CodeIgniter\Router\RouteCollection->match([...], '/', 'Templates::index')
 3 SYSTEMPATH/Router/RouteCollection.php(799): CodeIgniter\Router\RouteCollection::{closure}(Object(CodeIgniter\Router\RouteCollection))
 4 ROOTPATH/Modules/Templates/Config/Routes.php(4): CodeIgniter\Router\RouteCollection->group('', [...], Object(Closure))
 5 SYSTEMPATH/Router/RouteCollection.php(372): include('/Users/alanmartin/Sites/localhost/hmvc-master/Ci4/Modules/Templates/Config/Routes.php')
 6 SYSTEMPATH/Router/RouteCollection.php(342): CodeIgniter\Router\RouteCollection->discoverRoutes()
 7 SYSTEMPATH/CodeIgniter.php(821): CodeIgniter\Router\RouteCollection->loadRoutes()
 8 SYSTEMPATH/CodeIgniter.php(455): CodeIgniter\CodeIgniter->tryToRouteIt(null)
 9 SYSTEMPATH/CodeIgniter.php(354): CodeIgniter\CodeIgniter->handleRequest(null, Object(Config\Cache), false)
10 SYSTEMPATH/Boot.php(334): CodeIgniter\CodeIgniter->run()
11 SYSTEMPATH/Boot.php(67): CodeIgniter\Boot::runCodeIgniter(Object(CodeIgniter\CodeIgniter))
12 FCPATH/index.php(56): CodeIgniter\Boot::bootWeb(Object(Config\Paths))
DEBUG - 2025-02-07 09:25:16 --> Session: Class initialized using 'CodeIgniter\Session\Handlers\FileHandler' driver.
WARNING - 2025-02-07 09:25:16 --> [DEPRECATED] Creation of dynamic property Modules\Quiz\Controllers\Quiz::$db is deprecated in ROOTPATH/Modules/Quiz/Controllers/Quiz.php on line 40.
 1 SYSTEMPATH/CodeIgniter.php(903): Modules\Quiz\Controllers\Quiz->__construct()
 2 SYSTEMPATH/CodeIgniter.php(498): CodeIgniter\CodeIgniter->createController()
 3 SYSTEMPATH/CodeIgniter.php(354): CodeIgniter\CodeIgniter->handleRequest(null, Object(Config\Cache), false)
 4 SYSTEMPATH/Boot.php(334): CodeIgniter\CodeIgniter->run()
 5 SYSTEMPATH/Boot.php(67): CodeIgniter\Boot::runCodeIgniter(Object(CodeIgniter\CodeIgniter))
 6 FCPATH/index.php(56): CodeIgniter\Boot::bootWeb(Object(Config\Paths))
WARNING - 2025-02-07 09:25:16 --> Session: Sessions is enabled, and one exists. Please don't $session->start();
DEBUG - 2025-02-07 09:25:16 --> Session: Class initialized using 'CodeIgniter\Session\Handlers\FileHandler' driver.
WARNING - 2025-02-07 09:25:23 --> [DEPRECATED] Passing lowercase HTTP method "get" is deprecated. Use uppercase HTTP method like "GET". in SYSTEMPATH/Router/RouteCollection.php on line 1026.
 1 SYSTEMPATH/Router/RouteCollection.php(1026): trigger_error('Passing lowercase HTTP method "get" is deprecated. Use uppercase HTTP method like "GET".', 16384)
 2 ROOTPATH/Modules/Templates/Config/Routes.php(7): CodeIgniter\Router\RouteCollection->match([...], '/', 'Templates::index')
 3 SYSTEMPATH/Router/RouteCollection.php(799): CodeIgniter\Router\RouteCollection::{closure}(Object(CodeIgniter\Router\RouteCollection))
 4 ROOTPATH/Modules/Templates/Config/Routes.php(4): CodeIgniter\Router\RouteCollection->group('', [...], Object(Closure))
 5 SYSTEMPATH/Router/RouteCollection.php(372): include('/Users/alanmartin/Sites/localhost/hmvc-master/Ci4/Modules/Templates/Config/Routes.php')
 6 SYSTEMPATH/Router/RouteCollection.php(342): CodeIgniter\Router\RouteCollection->discoverRoutes()
 7 SYSTEMPATH/CodeIgniter.php(821): CodeIgniter\Router\RouteCollection->loadRoutes()
 8 SYSTEMPATH/CodeIgniter.php(455): CodeIgniter\CodeIgniter->tryToRouteIt(null)
 9 SYSTEMPATH/CodeIgniter.php(354): CodeIgniter\CodeIgniter->handleRequest(null, Object(Config\Cache), false)
10 SYSTEMPATH/Boot.php(334): CodeIgniter\CodeIgniter->run()
11 SYSTEMPATH/Boot.php(67): CodeIgniter\Boot::runCodeIgniter(Object(CodeIgniter\CodeIgniter))
12 FCPATH/index.php(56): CodeIgniter\Boot::bootWeb(Object(Config\Paths))
WARNING - 2025-02-07 09:25:23 --> [DEPRECATED] Passing lowercase HTTP method "post" is deprecated. Use uppercase HTTP method like "POST". in SYSTEMPATH/Router/RouteCollection.php on line 1026.
 1 SYSTEMPATH/Router/RouteCollection.php(1026): trigger_error('Passing lowercase HTTP method "post" is deprecated. Use uppercase HTTP method like "POST".', 16384)
 2 ROOTPATH/Modules/Templates/Config/Routes.php(7): CodeIgniter\Router\RouteCollection->match([...], '/', 'Templates::index')
 3 SYSTEMPATH/Router/RouteCollection.php(799): CodeIgniter\Router\RouteCollection::{closure}(Object(CodeIgniter\Router\RouteCollection))
 4 ROOTPATH/Modules/Templates/Config/Routes.php(4): CodeIgniter\Router\RouteCollection->group('', [...], Object(Closure))
 5 SYSTEMPATH/Router/RouteCollection.php(372): include('/Users/alanmartin/Sites/localhost/hmvc-master/Ci4/Modules/Templates/Config/Routes.php')
 6 SYSTEMPATH/Router/RouteCollection.php(342): CodeIgniter\Router\RouteCollection->discoverRoutes()
 7 SYSTEMPATH/CodeIgniter.php(821): CodeIgniter\Router\RouteCollection->loadRoutes()
 8 SYSTEMPATH/CodeIgniter.php(455): CodeIgniter\CodeIgniter->tryToRouteIt(null)
 9 SYSTEMPATH/CodeIgniter.php(354): CodeIgniter\CodeIgniter->handleRequest(null, Object(Config\Cache), false)
10 SYSTEMPATH/Boot.php(334): CodeIgniter\CodeIgniter->run()
11 SYSTEMPATH/Boot.php(67): CodeIgniter\Boot::runCodeIgniter(Object(CodeIgniter\CodeIgniter))
12 FCPATH/index.php(56): CodeIgniter\Boot::bootWeb(Object(Config\Paths))
DEBUG - 2025-02-07 09:25:23 --> Session: Class initialized using 'CodeIgniter\Session\Handlers\FileHandler' driver.
DEBUG - 2025-02-07 09:25:23 --> Session: Class initialized using 'CodeIgniter\Session\Handlers\FileHandler' driver.
WARNING - 2025-02-07 09:25:28 --> [DEPRECATED] Passing lowercase HTTP method "get" is deprecated. Use uppercase HTTP method like "GET". in SYSTEMPATH/Router/RouteCollection.php on line 1026.
 1 SYSTEMPATH/Router/RouteCollection.php(1026): trigger_error('Passing lowercase HTTP method "get" is deprecated. Use uppercase HTTP method like "GET".', 16384)
 2 ROOTPATH/Modules/Templates/Config/Routes.php(7): CodeIgniter\Router\RouteCollection->match([...], '/', 'Templates::index')
 3 SYSTEMPATH/Router/RouteCollection.php(799): CodeIgniter\Router\RouteCollection::{closure}(Object(CodeIgniter\Router\RouteCollection))
 4 ROOTPATH/Modules/Templates/Config/Routes.php(4): CodeIgniter\Router\RouteCollection->group('', [...], Object(Closure))
 5 SYSTEMPATH/Router/RouteCollection.php(372): include('/Users/alanmartin/Sites/localhost/hmvc-master/Ci4/Modules/Templates/Config/Routes.php')
 6 SYSTEMPATH/Router/RouteCollection.php(342): CodeIgniter\Router\RouteCollection->discoverRoutes()
 7 SYSTEMPATH/CodeIgniter.php(821): CodeIgniter\Router\RouteCollection->loadRoutes()
 8 SYSTEMPATH/CodeIgniter.php(455): CodeIgniter\CodeIgniter->tryToRouteIt(null)
 9 SYSTEMPATH/CodeIgniter.php(354): CodeIgniter\CodeIgniter->handleRequest(null, Object(Config\Cache), false)
10 SYSTEMPATH/Boot.php(334): CodeIgniter\CodeIgniter->run()
11 SYSTEMPATH/Boot.php(67): CodeIgniter\Boot::runCodeIgniter(Object(CodeIgniter\CodeIgniter))
12 FCPATH/index.php(56): CodeIgniter\Boot::bootWeb(Object(Config\Paths))
WARNING - 2025-02-07 09:25:28 --> [DEPRECATED] Passing lowercase HTTP method "post" is deprecated. Use uppercase HTTP method like "POST". in SYSTEMPATH/Router/RouteCollection.php on line 1026.
 1 SYSTEMPATH/Router/RouteCollection.php(1026): trigger_error('Passing lowercase HTTP method "post" is deprecated. Use uppercase HTTP method like "POST".', 16384)
 2 ROOTPATH/Modules/Templates/Config/Routes.php(7): CodeIgniter\Router\RouteCollection->match([...], '/', 'Templates::index')
 3 SYSTEMPATH/Router/RouteCollection.php(799): CodeIgniter\Router\RouteCollection::{closure}(Object(CodeIgniter\Router\RouteCollection))
 4 ROOTPATH/Modules/Templates/Config/Routes.php(4): CodeIgniter\Router\RouteCollection->group('', [...], Object(Closure))
 5 SYSTEMPATH/Router/RouteCollection.php(372): include('/Users/alanmartin/Sites/localhost/hmvc-master/Ci4/Modules/Templates/Config/Routes.php')
 6 SYSTEMPATH/Router/RouteCollection.php(342): CodeIgniter\Router\RouteCollection->discoverRoutes()
 7 SYSTEMPATH/CodeIgniter.php(821): CodeIgniter\Router\RouteCollection->loadRoutes()
 8 SYSTEMPATH/CodeIgniter.php(455): CodeIgniter\CodeIgniter->tryToRouteIt(null)
 9 SYSTEMPATH/CodeIgniter.php(354): CodeIgniter\CodeIgniter->handleRequest(null, Object(Config\Cache), false)
10 SYSTEMPATH/Boot.php(334): CodeIgniter\CodeIgniter->run()
11 SYSTEMPATH/Boot.php(67): CodeIgniter\Boot::runCodeIgniter(Object(CodeIgniter\CodeIgniter))
12 FCPATH/index.php(56): CodeIgniter\Boot::bootWeb(Object(Config\Paths))
DEBUG - 2025-02-07 09:25:28 --> Session: Class initialized using 'CodeIgniter\Session\Handlers\FileHandler' driver.
WARNING - 2025-02-07 09:25:28 --> [DEPRECATED] Passing lowercase HTTP method "get" is deprecated. Use uppercase HTTP method like "GET". in SYSTEMPATH/Router/RouteCollection.php on line 1026.
 1 SYSTEMPATH/Router/RouteCollection.php(1026): trigger_error('Passing lowercase HTTP method "get" is deprecated. Use uppercase HTTP method like "GET".', 16384)
 2 ROOTPATH/Modules/Templates/Config/Routes.php(7): CodeIgniter\Router\RouteCollection->match([...], '/', 'Templates::index')
 3 SYSTEMPATH/Router/RouteCollection.php(799): CodeIgniter\Router\RouteCollection::{closure}(Object(CodeIgniter\Router\RouteCollection))
 4 ROOTPATH/Modules/Templates/Config/Routes.php(4): CodeIgniter\Router\RouteCollection->group('', [...], Object(Closure))
 5 SYSTEMPATH/Router/RouteCollection.php(372): include('/Users/alanmartin/Sites/localhost/hmvc-master/Ci4/Modules/Templates/Config/Routes.php')
 6 SYSTEMPATH/Router/RouteCollection.php(342): CodeIgniter\Router\RouteCollection->discoverRoutes()
 7 SYSTEMPATH/CodeIgniter.php(821): CodeIgniter\Router\RouteCollection->loadRoutes()
 8 SYSTEMPATH/CodeIgniter.php(455): CodeIgniter\CodeIgniter->tryToRouteIt(null)
 9 SYSTEMPATH/CodeIgniter.php(354): CodeIgniter\CodeIgniter->handleRequest(null, Object(Config\Cache), false)
10 SYSTEMPATH/Boot.php(334): CodeIgniter\CodeIgniter->run()
11 SYSTEMPATH/Boot.php(67): CodeIgniter\Boot::runCodeIgniter(Object(CodeIgniter\CodeIgniter))
12 FCPATH/index.php(56): CodeIgniter\Boot::bootWeb(Object(Config\Paths))
WARNING - 2025-02-07 09:25:28 --> [DEPRECATED] Passing lowercase HTTP method "post" is deprecated. Use uppercase HTTP method like "POST". in SYSTEMPATH/Router/RouteCollection.php on line 1026.
 1 SYSTEMPATH/Router/RouteCollection.php(1026): trigger_error('Passing lowercase HTTP method "post" is deprecated. Use uppercase HTTP method like "POST".', 16384)
 2 ROOTPATH/Modules/Templates/Config/Routes.php(7): CodeIgniter\Router\RouteCollection->match([...], '/', 'Templates::index')
 3 SYSTEMPATH/Router/RouteCollection.php(799): CodeIgniter\Router\RouteCollection::{closure}(Object(CodeIgniter\Router\RouteCollection))
 4 ROOTPATH/Modules/Templates/Config/Routes.php(4): CodeIgniter\Router\RouteCollection->group('', [...], Object(Closure))
 5 SYSTEMPATH/Router/RouteCollection.php(372): include('/Users/alanmartin/Sites/localhost/hmvc-master/Ci4/Modules/Templates/Config/Routes.php')
 6 SYSTEMPATH/Router/RouteCollection.php(342): CodeIgniter\Router\RouteCollection->discoverRoutes()
 7 SYSTEMPATH/CodeIgniter.php(821): CodeIgniter\Router\RouteCollection->loadRoutes()
 8 SYSTEMPATH/CodeIgniter.php(455): CodeIgniter\CodeIgniter->tryToRouteIt(null)
 9 SYSTEMPATH/CodeIgniter.php(354): CodeIgniter\CodeIgniter->handleRequest(null, Object(Config\Cache), false)
10 SYSTEMPATH/Boot.php(334): CodeIgniter\CodeIgniter->run()
11 SYSTEMPATH/Boot.php(67): CodeIgniter\Boot::runCodeIgniter(Object(CodeIgniter\CodeIgniter))
12 FCPATH/index.php(56): CodeIgniter\Boot::bootWeb(Object(Config\Paths))
DEBUG - 2025-02-07 09:25:28 --> Session: Class initialized using 'CodeIgniter\Session\Handlers\FileHandler' driver.
DEBUG - 2025-02-07 09:25:28 --> Session: Class initialized using 'CodeIgniter\Session\Handlers\FileHandler' driver.
WARNING - 2025-02-07 09:25:34 --> [DEPRECATED] Passing lowercase HTTP method "get" is deprecated. Use uppercase HTTP method like "GET". in SYSTEMPATH/Router/RouteCollection.php on line 1026.
 1 SYSTEMPATH/Router/RouteCollection.php(1026): trigger_error('Passing lowercase HTTP method "get" is deprecated. Use uppercase HTTP method like "GET".', 16384)
 2 ROOTPATH/Modules/Templates/Config/Routes.php(7): CodeIgniter\Router\RouteCollection->match([...], '/', 'Templates::index')
 3 SYSTEMPATH/Router/RouteCollection.php(799): CodeIgniter\Router\RouteCollection::{closure}(Object(CodeIgniter\Router\RouteCollection))
 4 ROOTPATH/Modules/Templates/Config/Routes.php(4): CodeIgniter\Router\RouteCollection->group('', [...], Object(Closure))
 5 SYSTEMPATH/Router/RouteCollection.php(372): include('/Users/alanmartin/Sites/localhost/hmvc-master/Ci4/Modules/Templates/Config/Routes.php')
 6 SYSTEMPATH/Router/RouteCollection.php(342): CodeIgniter\Router\RouteCollection->discoverRoutes()
 7 SYSTEMPATH/CodeIgniter.php(821): CodeIgniter\Router\RouteCollection->loadRoutes()
 8 SYSTEMPATH/CodeIgniter.php(455): CodeIgniter\CodeIgniter->tryToRouteIt(null)
 9 SYSTEMPATH/CodeIgniter.php(354): CodeIgniter\CodeIgniter->handleRequest(null, Object(Config\Cache), false)
10 SYSTEMPATH/Boot.php(334): CodeIgniter\CodeIgniter->run()
11 SYSTEMPATH/Boot.php(67): CodeIgniter\Boot::runCodeIgniter(Object(CodeIgniter\CodeIgniter))
12 FCPATH/index.php(56): CodeIgniter\Boot::bootWeb(Object(Config\Paths))
WARNING - 2025-02-07 09:25:34 --> [DEPRECATED] Passing lowercase HTTP method "post" is deprecated. Use uppercase HTTP method like "POST". in SYSTEMPATH/Router/RouteCollection.php on line 1026.
 1 SYSTEMPATH/Router/RouteCollection.php(1026): trigger_error('Passing lowercase HTTP method "post" is deprecated. Use uppercase HTTP method like "POST".', 16384)
 2 ROOTPATH/Modules/Templates/Config/Routes.php(7): CodeIgniter\Router\RouteCollection->match([...], '/', 'Templates::index')
 3 SYSTEMPATH/Router/RouteCollection.php(799): CodeIgniter\Router\RouteCollection::{closure}(Object(CodeIgniter\Router\RouteCollection))
 4 ROOTPATH/Modules/Templates/Config/Routes.php(4): CodeIgniter\Router\RouteCollection->group('', [...], Object(Closure))
 5 SYSTEMPATH/Router/RouteCollection.php(372): include('/Users/alanmartin/Sites/localhost/hmvc-master/Ci4/Modules/Templates/Config/Routes.php')
 6 SYSTEMPATH/Router/RouteCollection.php(342): CodeIgniter\Router\RouteCollection->discoverRoutes()
 7 SYSTEMPATH/CodeIgniter.php(821): CodeIgniter\Router\RouteCollection->loadRoutes()
 8 SYSTEMPATH/CodeIgniter.php(455): CodeIgniter\CodeIgniter->tryToRouteIt(null)
 9 SYSTEMPATH/CodeIgniter.php(354): CodeIgniter\CodeIgniter->handleRequest(null, Object(Config\Cache), false)
10 SYSTEMPATH/Boot.php(334): CodeIgniter\CodeIgniter->run()
11 SYSTEMPATH/Boot.php(67): CodeIgniter\Boot::runCodeIgniter(Object(CodeIgniter\CodeIgniter))
12 FCPATH/index.php(56): CodeIgniter\Boot::bootWeb(Object(Config\Paths))
DEBUG - 2025-02-07 09:25:34 --> Session: Class initialized using 'CodeIgniter\Session\Handlers\FileHandler' driver.
WARNING - 2025-02-07 09:25:34 --> [DEPRECATED] Creation of dynamic property Modules\Quiz\Controllers\Quiz::$db is deprecated in ROOTPATH/Modules/Quiz/Controllers/Quiz.php on line 40.
 1 SYSTEMPATH/CodeIgniter.php(903): Modules\Quiz\Controllers\Quiz->__construct()
 2 SYSTEMPATH/CodeIgniter.php(498): CodeIgniter\CodeIgniter->createController()
 3 SYSTEMPATH/CodeIgniter.php(354): CodeIgniter\CodeIgniter->handleRequest(null, Object(Config\Cache), false)
 4 SYSTEMPATH/Boot.php(334): CodeIgniter\CodeIgniter->run()
 5 SYSTEMPATH/Boot.php(67): CodeIgniter\Boot::runCodeIgniter(Object(CodeIgniter\CodeIgniter))
 6 FCPATH/index.php(56): CodeIgniter\Boot::bootWeb(Object(Config\Paths))
WARNING - 2025-02-07 09:25:34 --> Session: Sessions is enabled, and one exists. Please don't $session->start();
WARNING - 2025-02-07 09:25:34 --> [DEPRECATED] Creation of dynamic property Modules\Quiz\Model\QuizModel::$user is deprecated in ROOTPATH/Modules/Quiz/Model/QuizModel.php on line 108.
 1 ROOTPATH/Modules/Quiz/Controllers/Quiz.php(305): Modules\Quiz\Model\QuizModel->get_quiz()
 2 SYSTEMPATH/CodeIgniter.php(933): Modules\Quiz\Controllers\Quiz->display()
 3 SYSTEMPATH/CodeIgniter.php(507): CodeIgniter\CodeIgniter->runController(Object(Modules\Quiz\Controllers\Quiz))
 4 SYSTEMPATH/CodeIgniter.php(354): CodeIgniter\CodeIgniter->handleRequest(null, Object(Config\Cache), false)
 5 SYSTEMPATH/Boot.php(334): CodeIgniter\CodeIgniter->run()
 6 SYSTEMPATH/Boot.php(67): CodeIgniter\Boot::runCodeIgniter(Object(CodeIgniter\CodeIgniter))
 7 FCPATH/index.php(56): CodeIgniter\Boot::bootWeb(Object(Config\Paths))
DEBUG - 2025-02-07 09:25:34 --> Session: Class initialized using 'CodeIgniter\Session\Handlers\FileHandler' driver.
WARNING - 2025-02-07 09:25:46 --> [DEPRECATED] Passing lowercase HTTP method "get" is deprecated. Use uppercase HTTP method like "GET". in SYSTEMPATH/Router/RouteCollection.php on line 1026.
 1 SYSTEMPATH/Router/RouteCollection.php(1026): trigger_error('Passing lowercase HTTP method "get" is deprecated. Use uppercase HTTP method like "GET".', 16384)
 2 ROOTPATH/Modules/Templates/Config/Routes.php(7): CodeIgniter\Router\RouteCollection->match([...], '/', 'Templates::index')
 3 SYSTEMPATH/Router/RouteCollection.php(799): CodeIgniter\Router\RouteCollection::{closure}(Object(CodeIgniter\Router\RouteCollection))
 4 ROOTPATH/Modules/Templates/Config/Routes.php(4): CodeIgniter\Router\RouteCollection->group('', [...], Object(Closure))
 5 SYSTEMPATH/Router/RouteCollection.php(372): include('/Users/alanmartin/Sites/localhost/hmvc-master/Ci4/Modules/Templates/Config/Routes.php')
 6 SYSTEMPATH/Router/RouteCollection.php(342): CodeIgniter\Router\RouteCollection->discoverRoutes()
 7 SYSTEMPATH/CodeIgniter.php(821): CodeIgniter\Router\RouteCollection->loadRoutes()
 8 SYSTEMPATH/CodeIgniter.php(455): CodeIgniter\CodeIgniter->tryToRouteIt(null)
 9 SYSTEMPATH/CodeIgniter.php(354): CodeIgniter\CodeIgniter->handleRequest(null, Object(Config\Cache), false)
10 SYSTEMPATH/Boot.php(334): CodeIgniter\CodeIgniter->run()
11 SYSTEMPATH/Boot.php(67): CodeIgniter\Boot::runCodeIgniter(Object(CodeIgniter\CodeIgniter))
12 FCPATH/index.php(56): CodeIgniter\Boot::bootWeb(Object(Config\Paths))
WARNING - 2025-02-07 09:25:46 --> [DEPRECATED] Passing lowercase HTTP method "post" is deprecated. Use uppercase HTTP method like "POST". in SYSTEMPATH/Router/RouteCollection.php on line 1026.
 1 SYSTEMPATH/Router/RouteCollection.php(1026): trigger_error('Passing lowercase HTTP method "post" is deprecated. Use uppercase HTTP method like "POST".', 16384)
 2 ROOTPATH/Modules/Templates/Config/Routes.php(7): CodeIgniter\Router\RouteCollection->match([...], '/', 'Templates::index')
 3 SYSTEMPATH/Router/RouteCollection.php(799): CodeIgniter\Router\RouteCollection::{closure}(Object(CodeIgniter\Router\RouteCollection))
 4 ROOTPATH/Modules/Templates/Config/Routes.php(4): CodeIgniter\Router\RouteCollection->group('', [...], Object(Closure))
 5 SYSTEMPATH/Router/RouteCollection.php(372): include('/Users/alanmartin/Sites/localhost/hmvc-master/Ci4/Modules/Templates/Config/Routes.php')
 6 SYSTEMPATH/Router/RouteCollection.php(342): CodeIgniter\Router\RouteCollection->discoverRoutes()
 7 SYSTEMPATH/CodeIgniter.php(821): CodeIgniter\Router\RouteCollection->loadRoutes()
 8 SYSTEMPATH/CodeIgniter.php(455): CodeIgniter\CodeIgniter->tryToRouteIt(null)
 9 SYSTEMPATH/CodeIgniter.php(354): CodeIgniter\CodeIgniter->handleRequest(null, Object(Config\Cache), false)
10 SYSTEMPATH/Boot.php(334): CodeIgniter\CodeIgniter->run()
11 SYSTEMPATH/Boot.php(67): CodeIgniter\Boot::runCodeIgniter(Object(CodeIgniter\CodeIgniter))
12 FCPATH/index.php(56): CodeIgniter\Boot::bootWeb(Object(Config\Paths))
DEBUG - 2025-02-07 09:25:46 --> Session: Class initialized using 'CodeIgniter\Session\Handlers\FileHandler' driver.
DEBUG - 2025-02-07 09:25:46 --> Session: Class initialized using 'CodeIgniter\Session\Handlers\FileHandler' driver.
WARNING - 2025-02-07 10:16:16 --> [DEPRECATED] Passing lowercase HTTP method "get" is deprecated. Use uppercase HTTP method like "GET". in SYSTEMPATH/Router/RouteCollection.php on line 1026.
 1 SYSTEMPATH/Router/RouteCollection.php(1026): trigger_error('Passing lowercase HTTP method "get" is deprecated. Use uppercase HTTP method like "GET".', 16384)
 2 ROOTPATH/Modules/Templates/Config/Routes.php(7): CodeIgniter\Router\RouteCollection->match([...], '/', 'Templates::index')
 3 SYSTEMPATH/Router/RouteCollection.php(799): CodeIgniter\Router\RouteCollection::{closure}(Object(CodeIgniter\Router\RouteCollection))
 4 ROOTPATH/Modules/Templates/Config/Routes.php(4): CodeIgniter\Router\RouteCollection->group('', [...], Object(Closure))
 5 SYSTEMPATH/Router/RouteCollection.php(372): include('/Users/alanmartin/Sites/localhost/hmvc-master/Ci4/Modules/Templates/Config/Routes.php')
 6 SYSTEMPATH/Router/RouteCollection.php(342): CodeIgniter\Router\RouteCollection->discoverRoutes()
 7 SYSTEMPATH/CodeIgniter.php(821): CodeIgniter\Router\RouteCollection->loadRoutes()
 8 SYSTEMPATH/CodeIgniter.php(455): CodeIgniter\CodeIgniter->tryToRouteIt(null)
 9 SYSTEMPATH/CodeIgniter.php(354): CodeIgniter\CodeIgniter->handleRequest(null, Object(Config\Cache), false)
10 SYSTEMPATH/Boot.php(334): CodeIgniter\CodeIgniter->run()
11 SYSTEMPATH/Boot.php(67): CodeIgniter\Boot::runCodeIgniter(Object(CodeIgniter\CodeIgniter))
12 FCPATH/index.php(56): CodeIgniter\Boot::bootWeb(Object(Config\Paths))
WARNING - 2025-02-07 10:16:16 --> [DEPRECATED] Passing lowercase HTTP method "post" is deprecated. Use uppercase HTTP method like "POST". in SYSTEMPATH/Router/RouteCollection.php on line 1026.
 1 SYSTEMPATH/Router/RouteCollection.php(1026): trigger_error('Passing lowercase HTTP method "post" is deprecated. Use uppercase HTTP method like "POST".', 16384)
 2 ROOTPATH/Modules/Templates/Config/Routes.php(7): CodeIgniter\Router\RouteCollection->match([...], '/', 'Templates::index')
 3 SYSTEMPATH/Router/RouteCollection.php(799): CodeIgniter\Router\RouteCollection::{closure}(Object(CodeIgniter\Router\RouteCollection))
 4 ROOTPATH/Modules/Templates/Config/Routes.php(4): CodeIgniter\Router\RouteCollection->group('', [...], Object(Closure))
 5 SYSTEMPATH/Router/RouteCollection.php(372): include('/Users/alanmartin/Sites/localhost/hmvc-master/Ci4/Modules/Templates/Config/Routes.php')
 6 SYSTEMPATH/Router/RouteCollection.php(342): CodeIgniter\Router\RouteCollection->discoverRoutes()
 7 SYSTEMPATH/CodeIgniter.php(821): CodeIgniter\Router\RouteCollection->loadRoutes()
 8 SYSTEMPATH/CodeIgniter.php(455): CodeIgniter\CodeIgniter->tryToRouteIt(null)
 9 SYSTEMPATH/CodeIgniter.php(354): CodeIgniter\CodeIgniter->handleRequest(null, Object(Config\Cache), false)
10 SYSTEMPATH/Boot.php(334): CodeIgniter\CodeIgniter->run()
11 SYSTEMPATH/Boot.php(67): CodeIgniter\Boot::runCodeIgniter(Object(CodeIgniter\CodeIgniter))
12 FCPATH/index.php(56): CodeIgniter\Boot::bootWeb(Object(Config\Paths))
DEBUG - 2025-02-07 10:16:16 --> Session: Class initialized using 'CodeIgniter\Session\Handlers\FileHandler' driver.
DEBUG - 2025-02-07 10:16:17 --> Session: Class initialized using 'CodeIgniter\Session\Handlers\FileHandler' driver.
WARNING - 2025-02-07 10:16:26 --> [DEPRECATED] Passing lowercase HTTP method "get" is deprecated. Use uppercase HTTP method like "GET". in SYSTEMPATH/Router/RouteCollection.php on line 1026.
 1 SYSTEMPATH/Router/RouteCollection.php(1026): trigger_error('Passing lowercase HTTP method "get" is deprecated. Use uppercase HTTP method like "GET".', 16384)
 2 ROOTPATH/Modules/Templates/Config/Routes.php(7): CodeIgniter\Router\RouteCollection->match([...], '/', 'Templates::index')
 3 SYSTEMPATH/Router/RouteCollection.php(799): CodeIgniter\Router\RouteCollection::{closure}(Object(CodeIgniter\Router\RouteCollection))
 4 ROOTPATH/Modules/Templates/Config/Routes.php(4): CodeIgniter\Router\RouteCollection->group('', [...], Object(Closure))
 5 SYSTEMPATH/Router/RouteCollection.php(372): include('/Users/alanmartin/Sites/localhost/hmvc-master/Ci4/Modules/Templates/Config/Routes.php')
 6 SYSTEMPATH/Router/RouteCollection.php(342): CodeIgniter\Router\RouteCollection->discoverRoutes()
 7 SYSTEMPATH/CodeIgniter.php(821): CodeIgniter\Router\RouteCollection->loadRoutes()
 8 SYSTEMPATH/CodeIgniter.php(455): CodeIgniter\CodeIgniter->tryToRouteIt(null)
 9 SYSTEMPATH/CodeIgniter.php(354): CodeIgniter\CodeIgniter->handleRequest(null, Object(Config\Cache), false)
10 SYSTEMPATH/Boot.php(334): CodeIgniter\CodeIgniter->run()
11 SYSTEMPATH/Boot.php(67): CodeIgniter\Boot::runCodeIgniter(Object(CodeIgniter\CodeIgniter))
12 FCPATH/index.php(56): CodeIgniter\Boot::bootWeb(Object(Config\Paths))
WARNING - 2025-02-07 10:16:26 --> [DEPRECATED] Passing lowercase HTTP method "post" is deprecated. Use uppercase HTTP method like "POST". in SYSTEMPATH/Router/RouteCollection.php on line 1026.
 1 SYSTEMPATH/Router/RouteCollection.php(1026): trigger_error('Passing lowercase HTTP method "post" is deprecated. Use uppercase HTTP method like "POST".', 16384)
 2 ROOTPATH/Modules/Templates/Config/Routes.php(7): CodeIgniter\Router\RouteCollection->match([...], '/', 'Templates::index')
 3 SYSTEMPATH/Router/RouteCollection.php(799): CodeIgniter\Router\RouteCollection::{closure}(Object(CodeIgniter\Router\RouteCollection))
 4 ROOTPATH/Modules/Templates/Config/Routes.php(4): CodeIgniter\Router\RouteCollection->group('', [...], Object(Closure))
 5 SYSTEMPATH/Router/RouteCollection.php(372): include('/Users/alanmartin/Sites/localhost/hmvc-master/Ci4/Modules/Templates/Config/Routes.php')
 6 SYSTEMPATH/Router/RouteCollection.php(342): CodeIgniter\Router\RouteCollection->discoverRoutes()
 7 SYSTEMPATH/CodeIgniter.php(821): CodeIgniter\Router\RouteCollection->loadRoutes()
 8 SYSTEMPATH/CodeIgniter.php(455): CodeIgniter\CodeIgniter->tryToRouteIt(null)
 9 SYSTEMPATH/CodeIgniter.php(354): CodeIgniter\CodeIgniter->handleRequest(null, Object(Config\Cache), false)
10 SYSTEMPATH/Boot.php(334): CodeIgniter\CodeIgniter->run()
11 SYSTEMPATH/Boot.php(67): CodeIgniter\Boot::runCodeIgniter(Object(CodeIgniter\CodeIgniter))
12 FCPATH/index.php(56): CodeIgniter\Boot::bootWeb(Object(Config\Paths))
DEBUG - 2025-02-07 10:16:26 --> Session: Class initialized using 'CodeIgniter\Session\Handlers\FileHandler' driver.
DEBUG - 2025-02-07 10:16:26 --> Session: Class initialized using 'CodeIgniter\Session\Handlers\FileHandler' driver.
WARNING - 2025-02-07 11:56:32 --> [DEPRECATED] Passing lowercase HTTP method "get" is deprecated. Use uppercase HTTP method like "GET". in SYSTEMPATH/Router/RouteCollection.php on line 1026.
 1 SYSTEMPATH/Router/RouteCollection.php(1026): trigger_error('Passing lowercase HTTP method "get" is deprecated. Use uppercase HTTP method like "GET".', 16384)
 2 ROOTPATH/Modules/Templates/Config/Routes.php(7): CodeIgniter\Router\RouteCollection->match([...], '/', 'Templates::index')
 3 SYSTEMPATH/Router/RouteCollection.php(799): CodeIgniter\Router\RouteCollection::{closure}(Object(CodeIgniter\Router\RouteCollection))
 4 ROOTPATH/Modules/Templates/Config/Routes.php(4): CodeIgniter\Router\RouteCollection->group('', [...], Object(Closure))
 5 SYSTEMPATH/Router/RouteCollection.php(372): include('/Users/alanmartin/Sites/localhost/hmvc-master/Ci4/Modules/Templates/Config/Routes.php')
 6 SYSTEMPATH/Router/RouteCollection.php(342): CodeIgniter\Router\RouteCollection->discoverRoutes()
 7 SYSTEMPATH/CodeIgniter.php(821): CodeIgniter\Router\RouteCollection->loadRoutes()
 8 SYSTEMPATH/CodeIgniter.php(455): CodeIgniter\CodeIgniter->tryToRouteIt(null)
 9 SYSTEMPATH/CodeIgniter.php(354): CodeIgniter\CodeIgniter->handleRequest(null, Object(Config\Cache), false)
10 SYSTEMPATH/Boot.php(334): CodeIgniter\CodeIgniter->run()
11 SYSTEMPATH/Boot.php(67): CodeIgniter\Boot::runCodeIgniter(Object(CodeIgniter\CodeIgniter))
12 FCPATH/index.php(56): CodeIgniter\Boot::bootWeb(Object(Config\Paths))
WARNING - 2025-02-07 11:56:32 --> [DEPRECATED] Passing lowercase HTTP method "post" is deprecated. Use uppercase HTTP method like "POST". in SYSTEMPATH/Router/RouteCollection.php on line 1026.
 1 SYSTEMPATH/Router/RouteCollection.php(1026): trigger_error('Passing lowercase HTTP method "post" is deprecated. Use uppercase HTTP method like "POST".', 16384)
 2 ROOTPATH/Modules/Templates/Config/Routes.php(7): CodeIgniter\Router\RouteCollection->match([...], '/', 'Templates::index')
 3 SYSTEMPATH/Router/RouteCollection.php(799): CodeIgniter\Router\RouteCollection::{closure}(Object(CodeIgniter\Router\RouteCollection))
 4 ROOTPATH/Modules/Templates/Config/Routes.php(4): CodeIgniter\Router\RouteCollection->group('', [...], Object(Closure))
 5 SYSTEMPATH/Router/RouteCollection.php(372): include('/Users/alanmartin/Sites/localhost/hmvc-master/Ci4/Modules/Templates/Config/Routes.php')
 6 SYSTEMPATH/Router/RouteCollection.php(342): CodeIgniter\Router\RouteCollection->discoverRoutes()
 7 SYSTEMPATH/CodeIgniter.php(821): CodeIgniter\Router\RouteCollection->loadRoutes()
 8 SYSTEMPATH/CodeIgniter.php(455): CodeIgniter\CodeIgniter->tryToRouteIt(null)
 9 SYSTEMPATH/CodeIgniter.php(354): CodeIgniter\CodeIgniter->handleRequest(null, Object(Config\Cache), false)
10 SYSTEMPATH/Boot.php(334): CodeIgniter\CodeIgniter->run()
11 SYSTEMPATH/Boot.php(67): CodeIgniter\Boot::runCodeIgniter(Object(CodeIgniter\CodeIgniter))
12 FCPATH/index.php(56): CodeIgniter\Boot::bootWeb(Object(Config\Paths))
DEBUG - 2025-02-07 11:56:33 --> Session: Class initialized using 'CodeIgniter\Session\Handlers\FileHandler' driver.
DEBUG - 2025-02-07 11:56:33 --> Session: Class initialized using 'CodeIgniter\Session\Handlers\FileHandler' driver.
WARNING - 2025-02-07 11:56:37 --> [DEPRECATED] Passing lowercase HTTP method "get" is deprecated. Use uppercase HTTP method like "GET". in SYSTEMPATH/Router/RouteCollection.php on line 1026.
 1 SYSTEMPATH/Router/RouteCollection.php(1026): trigger_error('Passing lowercase HTTP method "get" is deprecated. Use uppercase HTTP method like "GET".', 16384)
 2 ROOTPATH/Modules/Templates/Config/Routes.php(7): CodeIgniter\Router\RouteCollection->match([...], '/', 'Templates::index')
 3 SYSTEMPATH/Router/RouteCollection.php(799): CodeIgniter\Router\RouteCollection::{closure}(Object(CodeIgniter\Router\RouteCollection))
 4 ROOTPATH/Modules/Templates/Config/Routes.php(4): CodeIgniter\Router\RouteCollection->group('', [...], Object(Closure))
 5 SYSTEMPATH/Router/RouteCollection.php(372): include('/Users/alanmartin/Sites/localhost/hmvc-master/Ci4/Modules/Templates/Config/Routes.php')
 6 SYSTEMPATH/Router/RouteCollection.php(342): CodeIgniter\Router\RouteCollection->discoverRoutes()
 7 SYSTEMPATH/CodeIgniter.php(821): CodeIgniter\Router\RouteCollection->loadRoutes()
 8 SYSTEMPATH/CodeIgniter.php(455): CodeIgniter\CodeIgniter->tryToRouteIt(null)
 9 SYSTEMPATH/CodeIgniter.php(354): CodeIgniter\CodeIgniter->handleRequest(null, Object(Config\Cache), false)
10 SYSTEMPATH/Boot.php(334): CodeIgniter\CodeIgniter->run()
11 SYSTEMPATH/Boot.php(67): CodeIgniter\Boot::runCodeIgniter(Object(CodeIgniter\CodeIgniter))
12 FCPATH/index.php(56): CodeIgniter\Boot::bootWeb(Object(Config\Paths))
WARNING - 2025-02-07 11:56:37 --> [DEPRECATED] Passing lowercase HTTP method "post" is deprecated. Use uppercase HTTP method like "POST". in SYSTEMPATH/Router/RouteCollection.php on line 1026.
 1 SYSTEMPATH/Router/RouteCollection.php(1026): trigger_error('Passing lowercase HTTP method "post" is deprecated. Use uppercase HTTP method like "POST".', 16384)
 2 ROOTPATH/Modules/Templates/Config/Routes.php(7): CodeIgniter\Router\RouteCollection->match([...], '/', 'Templates::index')
 3 SYSTEMPATH/Router/RouteCollection.php(799): CodeIgniter\Router\RouteCollection::{closure}(Object(CodeIgniter\Router\RouteCollection))
 4 ROOTPATH/Modules/Templates/Config/Routes.php(4): CodeIgniter\Router\RouteCollection->group('', [...], Object(Closure))
 5 SYSTEMPATH/Router/RouteCollection.php(372): include('/Users/alanmartin/Sites/localhost/hmvc-master/Ci4/Modules/Templates/Config/Routes.php')
 6 SYSTEMPATH/Router/RouteCollection.php(342): CodeIgniter\Router\RouteCollection->discoverRoutes()
 7 SYSTEMPATH/CodeIgniter.php(821): CodeIgniter\Router\RouteCollection->loadRoutes()
 8 SYSTEMPATH/CodeIgniter.php(455): CodeIgniter\CodeIgniter->tryToRouteIt(null)
 9 SYSTEMPATH/CodeIgniter.php(354): CodeIgniter\CodeIgniter->handleRequest(null, Object(Config\Cache), false)
10 SYSTEMPATH/Boot.php(334): CodeIgniter\CodeIgniter->run()
11 SYSTEMPATH/Boot.php(67): CodeIgniter\Boot::runCodeIgniter(Object(CodeIgniter\CodeIgniter))
12 FCPATH/index.php(56): CodeIgniter\Boot::bootWeb(Object(Config\Paths))
DEBUG - 2025-02-07 11:56:37 --> Session: Class initialized using 'CodeIgniter\Session\Handlers\FileHandler' driver.
WARNING - 2025-02-07 11:56:37 --> [DEPRECATED] Creation of dynamic property Modules\Quiz\Controllers\Quiz::$db is deprecated in ROOTPATH/Modules/Quiz/Controllers/Quiz.php on line 40.
 1 SYSTEMPATH/CodeIgniter.php(903): Modules\Quiz\Controllers\Quiz->__construct()
 2 SYSTEMPATH/CodeIgniter.php(498): CodeIgniter\CodeIgniter->createController()
 3 SYSTEMPATH/CodeIgniter.php(354): CodeIgniter\CodeIgniter->handleRequest(null, Object(Config\Cache), false)
 4 SYSTEMPATH/Boot.php(334): CodeIgniter\CodeIgniter->run()
 5 SYSTEMPATH/Boot.php(67): CodeIgniter\Boot::runCodeIgniter(Object(CodeIgniter\CodeIgniter))
 6 FCPATH/index.php(56): CodeIgniter\Boot::bootWeb(Object(Config\Paths))
WARNING - 2025-02-07 11:56:37 --> Session: Sessions is enabled, and one exists. Please don't $session->start();
WARNING - 2025-02-07 11:56:37 --> [DEPRECATED] Creation of dynamic property Modules\Quiz\Model\QuizModel::$user is deprecated in ROOTPATH/Modules/Quiz/Model/QuizModel.php on line 108.
 1 ROOTPATH/Modules/Quiz/Controllers/Quiz.php(305): Modules\Quiz\Model\QuizModel->get_quiz()
 2 SYSTEMPATH/CodeIgniter.php(933): Modules\Quiz\Controllers\Quiz->display()
 3 SYSTEMPATH/CodeIgniter.php(507): CodeIgniter\CodeIgniter->runController(Object(Modules\Quiz\Controllers\Quiz))
 4 SYSTEMPATH/CodeIgniter.php(354): CodeIgniter\CodeIgniter->handleRequest(null, Object(Config\Cache), false)
 5 SYSTEMPATH/Boot.php(334): CodeIgniter\CodeIgniter->run()
 6 SYSTEMPATH/Boot.php(67): CodeIgniter\Boot::runCodeIgniter(Object(CodeIgniter\CodeIgniter))
 7 FCPATH/index.php(56): CodeIgniter\Boot::bootWeb(Object(Config\Paths))
DEBUG - 2025-02-07 11:56:37 --> Session: Class initialized using 'CodeIgniter\Session\Handlers\FileHandler' driver.
WARNING - 2025-02-07 11:56:39 --> [DEPRECATED] Passing lowercase HTTP method "get" is deprecated. Use uppercase HTTP method like "GET". in SYSTEMPATH/Router/RouteCollection.php on line 1026.
 1 SYSTEMPATH/Router/RouteCollection.php(1026): trigger_error('Passing lowercase HTTP method "get" is deprecated. Use uppercase HTTP method like "GET".', 16384)
 2 ROOTPATH/Modules/Templates/Config/Routes.php(7): CodeIgniter\Router\RouteCollection->match([...], '/', 'Templates::index')
 3 SYSTEMPATH/Router/RouteCollection.php(799): CodeIgniter\Router\RouteCollection::{closure}(Object(CodeIgniter\Router\RouteCollection))
 4 ROOTPATH/Modules/Templates/Config/Routes.php(4): CodeIgniter\Router\RouteCollection->group('', [...], Object(Closure))
 5 SYSTEMPATH/Router/RouteCollection.php(372): include('/Users/alanmartin/Sites/localhost/hmvc-master/Ci4/Modules/Templates/Config/Routes.php')
 6 SYSTEMPATH/Router/RouteCollection.php(342): CodeIgniter\Router\RouteCollection->discoverRoutes()
 7 SYSTEMPATH/CodeIgniter.php(821): CodeIgniter\Router\RouteCollection->loadRoutes()
 8 SYSTEMPATH/CodeIgniter.php(455): CodeIgniter\CodeIgniter->tryToRouteIt(null)
 9 SYSTEMPATH/CodeIgniter.php(354): CodeIgniter\CodeIgniter->handleRequest(null, Object(Config\Cache), false)
10 SYSTEMPATH/Boot.php(334): CodeIgniter\CodeIgniter->run()
11 SYSTEMPATH/Boot.php(67): CodeIgniter\Boot::runCodeIgniter(Object(CodeIgniter\CodeIgniter))
12 FCPATH/index.php(56): CodeIgniter\Boot::bootWeb(Object(Config\Paths))
WARNING - 2025-02-07 11:56:39 --> [DEPRECATED] Passing lowercase HTTP method "post" is deprecated. Use uppercase HTTP method like "POST". in SYSTEMPATH/Router/RouteCollection.php on line 1026.
 1 SYSTEMPATH/Router/RouteCollection.php(1026): trigger_error('Passing lowercase HTTP method "post" is deprecated. Use uppercase HTTP method like "POST".', 16384)
 2 ROOTPATH/Modules/Templates/Config/Routes.php(7): CodeIgniter\Router\RouteCollection->match([...], '/', 'Templates::index')
 3 SYSTEMPATH/Router/RouteCollection.php(799): CodeIgniter\Router\RouteCollection::{closure}(Object(CodeIgniter\Router\RouteCollection))
 4 ROOTPATH/Modules/Templates/Config/Routes.php(4): CodeIgniter\Router\RouteCollection->group('', [...], Object(Closure))
 5 SYSTEMPATH/Router/RouteCollection.php(372): include('/Users/alanmartin/Sites/localhost/hmvc-master/Ci4/Modules/Templates/Config/Routes.php')
 6 SYSTEMPATH/Router/RouteCollection.php(342): CodeIgniter\Router\RouteCollection->discoverRoutes()
 7 SYSTEMPATH/CodeIgniter.php(821): CodeIgniter\Router\RouteCollection->loadRoutes()
 8 SYSTEMPATH/CodeIgniter.php(455): CodeIgniter\CodeIgniter->tryToRouteIt(null)
 9 SYSTEMPATH/CodeIgniter.php(354): CodeIgniter\CodeIgniter->handleRequest(null, Object(Config\Cache), false)
10 SYSTEMPATH/Boot.php(334): CodeIgniter\CodeIgniter->run()
11 SYSTEMPATH/Boot.php(67): CodeIgniter\Boot::runCodeIgniter(Object(CodeIgniter\CodeIgniter))
12 FCPATH/index.php(56): CodeIgniter\Boot::bootWeb(Object(Config\Paths))
DEBUG - 2025-02-07 11:56:39 --> Session: Class initialized using 'CodeIgniter\Session\Handlers\FileHandler' driver.
WARNING - 2025-02-07 11:56:39 --> [DEPRECATED] Passing lowercase HTTP method "get" is deprecated. Use uppercase HTTP method like "GET". in SYSTEMPATH/Router/RouteCollection.php on line 1026.
 1 SYSTEMPATH/Router/RouteCollection.php(1026): trigger_error('Passing lowercase HTTP method "get" is deprecated. Use uppercase HTTP method like "GET".', 16384)
 2 ROOTPATH/Modules/Templates/Config/Routes.php(7): CodeIgniter\Router\RouteCollection->match([...], '/', 'Templates::index')
 3 SYSTEMPATH/Router/RouteCollection.php(799): CodeIgniter\Router\RouteCollection::{closure}(Object(CodeIgniter\Router\RouteCollection))
 4 ROOTPATH/Modules/Templates/Config/Routes.php(4): CodeIgniter\Router\RouteCollection->group('', [...], Object(Closure))
 5 SYSTEMPATH/Router/RouteCollection.php(372): include('/Users/alanmartin/Sites/localhost/hmvc-master/Ci4/Modules/Templates/Config/Routes.php')
 6 SYSTEMPATH/Router/RouteCollection.php(342): CodeIgniter\Router\RouteCollection->discoverRoutes()
 7 SYSTEMPATH/CodeIgniter.php(821): CodeIgniter\Router\RouteCollection->loadRoutes()
 8 SYSTEMPATH/CodeIgniter.php(455): CodeIgniter\CodeIgniter->tryToRouteIt(null)
 9 SYSTEMPATH/CodeIgniter.php(354): CodeIgniter\CodeIgniter->handleRequest(null, Object(Config\Cache), false)
10 SYSTEMPATH/Boot.php(334): CodeIgniter\CodeIgniter->run()
11 SYSTEMPATH/Boot.php(67): CodeIgniter\Boot::runCodeIgniter(Object(CodeIgniter\CodeIgniter))
12 FCPATH/index.php(56): CodeIgniter\Boot::bootWeb(Object(Config\Paths))
WARNING - 2025-02-07 11:56:39 --> [DEPRECATED] Passing lowercase HTTP method "post" is deprecated. Use uppercase HTTP method like "POST". in SYSTEMPATH/Router/RouteCollection.php on line 1026.
 1 SYSTEMPATH/Router/RouteCollection.php(1026): trigger_error('Passing lowercase HTTP method "post" is deprecated. Use uppercase HTTP method like "POST".', 16384)
 2 ROOTPATH/Modules/Templates/Config/Routes.php(7): CodeIgniter\Router\RouteCollection->match([...], '/', 'Templates::index')
 3 SYSTEMPATH/Router/RouteCollection.php(799): CodeIgniter\Router\RouteCollection::{closure}(Object(CodeIgniter\Router\RouteCollection))
 4 ROOTPATH/Modules/Templates/Config/Routes.php(4): CodeIgniter\Router\RouteCollection->group('', [...], Object(Closure))
 5 SYSTEMPATH/Router/RouteCollection.php(372): include('/Users/alanmartin/Sites/localhost/hmvc-master/Ci4/Modules/Templates/Config/Routes.php')
 6 SYSTEMPATH/Router/RouteCollection.php(342): CodeIgniter\Router\RouteCollection->discoverRoutes()
 7 SYSTEMPATH/CodeIgniter.php(821): CodeIgniter\Router\RouteCollection->loadRoutes()
 8 SYSTEMPATH/CodeIgniter.php(455): CodeIgniter\CodeIgniter->tryToRouteIt(null)
 9 SYSTEMPATH/CodeIgniter.php(354): CodeIgniter\CodeIgniter->handleRequest(null, Object(Config\Cache), false)
10 SYSTEMPATH/Boot.php(334): CodeIgniter\CodeIgniter->run()
11 SYSTEMPATH/Boot.php(67): CodeIgniter\Boot::runCodeIgniter(Object(CodeIgniter\CodeIgniter))
12 FCPATH/index.php(56): CodeIgniter\Boot::bootWeb(Object(Config\Paths))
DEBUG - 2025-02-07 11:56:39 --> Session: Class initialized using 'CodeIgniter\Session\Handlers\FileHandler' driver.
DEBUG - 2025-02-07 11:56:39 --> Session: Class initialized using 'CodeIgniter\Session\Handlers\FileHandler' driver.
WARNING - 2025-02-07 12:23:26 --> [DEPRECATED] Passing lowercase HTTP method "get" is deprecated. Use uppercase HTTP method like "GET". in SYSTEMPATH/Router/RouteCollection.php on line 1026.
 1 SYSTEMPATH/Router/RouteCollection.php(1026): trigger_error('Passing lowercase HTTP method "get" is deprecated. Use uppercase HTTP method like "GET".', 16384)
 2 ROOTPATH/Modules/Templates/Config/Routes.php(7): CodeIgniter\Router\RouteCollection->match([...], '/', 'Templates::index')
 3 SYSTEMPATH/Router/RouteCollection.php(799): CodeIgniter\Router\RouteCollection::{closure}(Object(CodeIgniter\Router\RouteCollection))
 4 ROOTPATH/Modules/Templates/Config/Routes.php(4): CodeIgniter\Router\RouteCollection->group('', [...], Object(Closure))
 5 SYSTEMPATH/Router/RouteCollection.php(372): include('/Users/alanmartin/Sites/localhost/hmvc-master/Ci4/Modules/Templates/Config/Routes.php')
 6 SYSTEMPATH/Router/RouteCollection.php(342): CodeIgniter\Router\RouteCollection->discoverRoutes()
 7 SYSTEMPATH/CodeIgniter.php(821): CodeIgniter\Router\RouteCollection->loadRoutes()
 8 SYSTEMPATH/CodeIgniter.php(455): CodeIgniter\CodeIgniter->tryToRouteIt(null)
 9 SYSTEMPATH/CodeIgniter.php(354): CodeIgniter\CodeIgniter->handleRequest(null, Object(Config\Cache), false)
10 SYSTEMPATH/Boot.php(334): CodeIgniter\CodeIgniter->run()
11 SYSTEMPATH/Boot.php(67): CodeIgniter\Boot::runCodeIgniter(Object(CodeIgniter\CodeIgniter))
12 FCPATH/index.php(56): CodeIgniter\Boot::bootWeb(Object(Config\Paths))
WARNING - 2025-02-07 12:23:26 --> [DEPRECATED] Passing lowercase HTTP method "post" is deprecated. Use uppercase HTTP method like "POST". in SYSTEMPATH/Router/RouteCollection.php on line 1026.
 1 SYSTEMPATH/Router/RouteCollection.php(1026): trigger_error('Passing lowercase HTTP method "post" is deprecated. Use uppercase HTTP method like "POST".', 16384)
 2 ROOTPATH/Modules/Templates/Config/Routes.php(7): CodeIgniter\Router\RouteCollection->match([...], '/', 'Templates::index')
 3 SYSTEMPATH/Router/RouteCollection.php(799): CodeIgniter\Router\RouteCollection::{closure}(Object(CodeIgniter\Router\RouteCollection))
 4 ROOTPATH/Modules/Templates/Config/Routes.php(4): CodeIgniter\Router\RouteCollection->group('', [...], Object(Closure))
 5 SYSTEMPATH/Router/RouteCollection.php(372): include('/Users/alanmartin/Sites/localhost/hmvc-master/Ci4/Modules/Templates/Config/Routes.php')
 6 SYSTEMPATH/Router/RouteCollection.php(342): CodeIgniter\Router\RouteCollection->discoverRoutes()
 7 SYSTEMPATH/CodeIgniter.php(821): CodeIgniter\Router\RouteCollection->loadRoutes()
 8 SYSTEMPATH/CodeIgniter.php(455): CodeIgniter\CodeIgniter->tryToRouteIt(null)
 9 SYSTEMPATH/CodeIgniter.php(354): CodeIgniter\CodeIgniter->handleRequest(null, Object(Config\Cache), false)
10 SYSTEMPATH/Boot.php(334): CodeIgniter\CodeIgniter->run()
11 SYSTEMPATH/Boot.php(67): CodeIgniter\Boot::runCodeIgniter(Object(CodeIgniter\CodeIgniter))
12 FCPATH/index.php(56): CodeIgniter\Boot::bootWeb(Object(Config\Paths))
DEBUG - 2025-02-07 12:23:27 --> Session: Class initialized using 'CodeIgniter\Session\Handlers\FileHandler' driver.
WARNING - 2025-02-07 12:23:27 --> [DEPRECATED] Passing lowercase HTTP method "get" is deprecated. Use uppercase HTTP method like "GET". in SYSTEMPATH/Router/RouteCollection.php on line 1026.
 1 SYSTEMPATH/Router/RouteCollection.php(1026): trigger_error('Passing lowercase HTTP method "get" is deprecated. Use uppercase HTTP method like "GET".', 16384)
 2 ROOTPATH/Modules/Templates/Config/Routes.php(7): CodeIgniter\Router\RouteCollection->match([...], '/', 'Templates::index')
 3 SYSTEMPATH/Router/RouteCollection.php(799): CodeIgniter\Router\RouteCollection::{closure}(Object(CodeIgniter\Router\RouteCollection))
 4 ROOTPATH/Modules/Templates/Config/Routes.php(4): CodeIgniter\Router\RouteCollection->group('', [...], Object(Closure))
 5 SYSTEMPATH/Router/RouteCollection.php(372): include('/Users/alanmartin/Sites/localhost/hmvc-master/Ci4/Modules/Templates/Config/Routes.php')
 6 SYSTEMPATH/Router/RouteCollection.php(342): CodeIgniter\Router\RouteCollection->discoverRoutes()
 7 SYSTEMPATH/CodeIgniter.php(821): CodeIgniter\Router\RouteCollection->loadRoutes()
 8 SYSTEMPATH/CodeIgniter.php(455): CodeIgniter\CodeIgniter->tryToRouteIt(null)
 9 SYSTEMPATH/CodeIgniter.php(354): CodeIgniter\CodeIgniter->handleRequest(null, Object(Config\Cache), false)
10 SYSTEMPATH/Boot.php(334): CodeIgniter\CodeIgniter->run()
11 SYSTEMPATH/Boot.php(67): CodeIgniter\Boot::runCodeIgniter(Object(CodeIgniter\CodeIgniter))
12 FCPATH/index.php(56): CodeIgniter\Boot::bootWeb(Object(Config\Paths))
WARNING - 2025-02-07 12:23:27 --> [DEPRECATED] Passing lowercase HTTP method "post" is deprecated. Use uppercase HTTP method like "POST". in SYSTEMPATH/Router/RouteCollection.php on line 1026.
 1 SYSTEMPATH/Router/RouteCollection.php(1026): trigger_error('Passing lowercase HTTP method "post" is deprecated. Use uppercase HTTP method like "POST".', 16384)
 2 ROOTPATH/Modules/Templates/Config/Routes.php(7): CodeIgniter\Router\RouteCollection->match([...], '/', 'Templates::index')
 3 SYSTEMPATH/Router/RouteCollection.php(799): CodeIgniter\Router\RouteCollection::{closure}(Object(CodeIgniter\Router\RouteCollection))
 4 ROOTPATH/Modules/Templates/Config/Routes.php(4): CodeIgniter\Router\RouteCollection->group('', [...], Object(Closure))
 5 SYSTEMPATH/Router/RouteCollection.php(372): include('/Users/alanmartin/Sites/localhost/hmvc-master/Ci4/Modules/Templates/Config/Routes.php')
 6 SYSTEMPATH/Router/RouteCollection.php(342): CodeIgniter\Router\RouteCollection->discoverRoutes()
 7 SYSTEMPATH/CodeIgniter.php(821): CodeIgniter\Router\RouteCollection->loadRoutes()
 8 SYSTEMPATH/CodeIgniter.php(455): CodeIgniter\CodeIgniter->tryToRouteIt(null)
 9 SYSTEMPATH/CodeIgniter.php(354): CodeIgniter\CodeIgniter->handleRequest(null, Object(Config\Cache), false)
10 SYSTEMPATH/Boot.php(334): CodeIgniter\CodeIgniter->run()
11 SYSTEMPATH/Boot.php(67): CodeIgniter\Boot::runCodeIgniter(Object(CodeIgniter\CodeIgniter))
12 FCPATH/index.php(56): CodeIgniter\Boot::bootWeb(Object(Config\Paths))
DEBUG - 2025-02-07 12:23:27 --> Session: Class initialized using 'CodeIgniter\Session\Handlers\FileHandler' driver.
DEBUG - 2025-02-07 12:23:27 --> Session: Class initialized using 'CodeIgniter\Session\Handlers\FileHandler' driver.
WARNING - 2025-02-07 12:23:34 --> [DEPRECATED] Passing lowercase HTTP method "get" is deprecated. Use uppercase HTTP method like "GET". in SYSTEMPATH/Router/RouteCollection.php on line 1026.
 1 SYSTEMPATH/Router/RouteCollection.php(1026): trigger_error('Passing lowercase HTTP method "get" is deprecated. Use uppercase HTTP method like "GET".', 16384)
 2 ROOTPATH/Modules/Templates/Config/Routes.php(7): CodeIgniter\Router\RouteCollection->match([...], '/', 'Templates::index')
 3 SYSTEMPATH/Router/RouteCollection.php(799): CodeIgniter\Router\RouteCollection::{closure}(Object(CodeIgniter\Router\RouteCollection))
 4 ROOTPATH/Modules/Templates/Config/Routes.php(4): CodeIgniter\Router\RouteCollection->group('', [...], Object(Closure))
 5 SYSTEMPATH/Router/RouteCollection.php(372): include('/Users/alanmartin/Sites/localhost/hmvc-master/Ci4/Modules/Templates/Config/Routes.php')
 6 SYSTEMPATH/Router/RouteCollection.php(342): CodeIgniter\Router\RouteCollection->discoverRoutes()
 7 SYSTEMPATH/CodeIgniter.php(821): CodeIgniter\Router\RouteCollection->loadRoutes()
 8 SYSTEMPATH/CodeIgniter.php(455): CodeIgniter\CodeIgniter->tryToRouteIt(null)
 9 SYSTEMPATH/CodeIgniter.php(354): CodeIgniter\CodeIgniter->handleRequest(null, Object(Config\Cache), false)
10 SYSTEMPATH/Boot.php(334): CodeIgniter\CodeIgniter->run()
11 SYSTEMPATH/Boot.php(67): CodeIgniter\Boot::runCodeIgniter(Object(CodeIgniter\CodeIgniter))
12 FCPATH/index.php(56): CodeIgniter\Boot::bootWeb(Object(Config\Paths))
WARNING - 2025-02-07 12:23:34 --> [DEPRECATED] Passing lowercase HTTP method "post" is deprecated. Use uppercase HTTP method like "POST". in SYSTEMPATH/Router/RouteCollection.php on line 1026.
 1 SYSTEMPATH/Router/RouteCollection.php(1026): trigger_error('Passing lowercase HTTP method "post" is deprecated. Use uppercase HTTP method like "POST".', 16384)
 2 ROOTPATH/Modules/Templates/Config/Routes.php(7): CodeIgniter\Router\RouteCollection->match([...], '/', 'Templates::index')
 3 SYSTEMPATH/Router/RouteCollection.php(799): CodeIgniter\Router\RouteCollection::{closure}(Object(CodeIgniter\Router\RouteCollection))
 4 ROOTPATH/Modules/Templates/Config/Routes.php(4): CodeIgniter\Router\RouteCollection->group('', [...], Object(Closure))
 5 SYSTEMPATH/Router/RouteCollection.php(372): include('/Users/alanmartin/Sites/localhost/hmvc-master/Ci4/Modules/Templates/Config/Routes.php')
 6 SYSTEMPATH/Router/RouteCollection.php(342): CodeIgniter\Router\RouteCollection->discoverRoutes()
 7 SYSTEMPATH/CodeIgniter.php(821): CodeIgniter\Router\RouteCollection->loadRoutes()
 8 SYSTEMPATH/CodeIgniter.php(455): CodeIgniter\CodeIgniter->tryToRouteIt(null)
 9 SYSTEMPATH/CodeIgniter.php(354): CodeIgniter\CodeIgniter->handleRequest(null, Object(Config\Cache), false)
10 SYSTEMPATH/Boot.php(334): CodeIgniter\CodeIgniter->run()
11 SYSTEMPATH/Boot.php(67): CodeIgniter\Boot::runCodeIgniter(Object(CodeIgniter\CodeIgniter))
12 FCPATH/index.php(56): CodeIgniter\Boot::bootWeb(Object(Config\Paths))
DEBUG - 2025-02-07 12:23:34 --> Session: Class initialized using 'CodeIgniter\Session\Handlers\FileHandler' driver.
WARNING - 2025-02-07 12:23:34 --> [DEPRECATED] Creation of dynamic property Modules\Quiz\Controllers\Quiz::$db is deprecated in ROOTPATH/Modules/Quiz/Controllers/Quiz.php on line 40.
 1 SYSTEMPATH/CodeIgniter.php(903): Modules\Quiz\Controllers\Quiz->__construct()
 2 SYSTEMPATH/CodeIgniter.php(498): CodeIgniter\CodeIgniter->createController()
 3 SYSTEMPATH/CodeIgniter.php(354): CodeIgniter\CodeIgniter->handleRequest(null, Object(Config\Cache), false)
 4 SYSTEMPATH/Boot.php(334): CodeIgniter\CodeIgniter->run()
 5 SYSTEMPATH/Boot.php(67): CodeIgniter\Boot::runCodeIgniter(Object(CodeIgniter\CodeIgniter))
 6 FCPATH/index.php(56): CodeIgniter\Boot::bootWeb(Object(Config\Paths))
WARNING - 2025-02-07 12:23:34 --> Session: Sessions is enabled, and one exists. Please don't $session->start();
WARNING - 2025-02-07 12:23:34 --> [DEPRECATED] Creation of dynamic property Modules\Quiz\Model\QuizModel::$user is deprecated in ROOTPATH/Modules/Quiz/Model/QuizModel.php on line 108.
 1 ROOTPATH/Modules/Quiz/Controllers/Quiz.php(305): Modules\Quiz\Model\QuizModel->get_quiz()
 2 SYSTEMPATH/CodeIgniter.php(933): Modules\Quiz\Controllers\Quiz->display()
 3 SYSTEMPATH/CodeIgniter.php(507): CodeIgniter\CodeIgniter->runController(Object(Modules\Quiz\Controllers\Quiz))
 4 SYSTEMPATH/CodeIgniter.php(354): CodeIgniter\CodeIgniter->handleRequest(null, Object(Config\Cache), false)
 5 SYSTEMPATH/Boot.php(334): CodeIgniter\CodeIgniter->run()
 6 SYSTEMPATH/Boot.php(67): CodeIgniter\Boot::runCodeIgniter(Object(CodeIgniter\CodeIgniter))
 7 FCPATH/index.php(56): CodeIgniter\Boot::bootWeb(Object(Config\Paths))
DEBUG - 2025-02-07 12:23:34 --> Session: Class initialized using 'CodeIgniter\Session\Handlers\FileHandler' driver.
WARNING - 2025-02-07 12:23:53 --> [DEPRECATED] Passing lowercase HTTP method "get" is deprecated. Use uppercase HTTP method like "GET". in SYSTEMPATH/Router/RouteCollection.php on line 1026.
 1 SYSTEMPATH/Router/RouteCollection.php(1026): trigger_error('Passing lowercase HTTP method "get" is deprecated. Use uppercase HTTP method like "GET".', 16384)
 2 ROOTPATH/Modules/Templates/Config/Routes.php(7): CodeIgniter\Router\RouteCollection->match([...], '/', 'Templates::index')
 3 SYSTEMPATH/Router/RouteCollection.php(799): CodeIgniter\Router\RouteCollection::{closure}(Object(CodeIgniter\Router\RouteCollection))
 4 ROOTPATH/Modules/Templates/Config/Routes.php(4): CodeIgniter\Router\RouteCollection->group('', [...], Object(Closure))
 5 SYSTEMPATH/Router/RouteCollection.php(372): include('/Users/alanmartin/Sites/localhost/hmvc-master/Ci4/Modules/Templates/Config/Routes.php')
 6 SYSTEMPATH/Router/RouteCollection.php(342): CodeIgniter\Router\RouteCollection->discoverRoutes()
 7 SYSTEMPATH/CodeIgniter.php(821): CodeIgniter\Router\RouteCollection->loadRoutes()
 8 SYSTEMPATH/CodeIgniter.php(455): CodeIgniter\CodeIgniter->tryToRouteIt(null)
 9 SYSTEMPATH/CodeIgniter.php(354): CodeIgniter\CodeIgniter->handleRequest(null, Object(Config\Cache), false)
10 SYSTEMPATH/Boot.php(334): CodeIgniter\CodeIgniter->run()
11 SYSTEMPATH/Boot.php(67): CodeIgniter\Boot::runCodeIgniter(Object(CodeIgniter\CodeIgniter))
12 FCPATH/index.php(56): CodeIgniter\Boot::bootWeb(Object(Config\Paths))
WARNING - 2025-02-07 12:23:53 --> [DEPRECATED] Passing lowercase HTTP method "post" is deprecated. Use uppercase HTTP method like "POST". in SYSTEMPATH/Router/RouteCollection.php on line 1026.
 1 SYSTEMPATH/Router/RouteCollection.php(1026): trigger_error('Passing lowercase HTTP method "post" is deprecated. Use uppercase HTTP method like "POST".', 16384)
 2 ROOTPATH/Modules/Templates/Config/Routes.php(7): CodeIgniter\Router\RouteCollection->match([...], '/', 'Templates::index')
 3 SYSTEMPATH/Router/RouteCollection.php(799): CodeIgniter\Router\RouteCollection::{closure}(Object(CodeIgniter\Router\RouteCollection))
 4 ROOTPATH/Modules/Templates/Config/Routes.php(4): CodeIgniter\Router\RouteCollection->group('', [...], Object(Closure))
 5 SYSTEMPATH/Router/RouteCollection.php(372): include('/Users/alanmartin/Sites/localhost/hmvc-master/Ci4/Modules/Templates/Config/Routes.php')
 6 SYSTEMPATH/Router/RouteCollection.php(342): CodeIgniter\Router\RouteCollection->discoverRoutes()
 7 SYSTEMPATH/CodeIgniter.php(821): CodeIgniter\Router\RouteCollection->loadRoutes()
 8 SYSTEMPATH/CodeIgniter.php(455): CodeIgniter\CodeIgniter->tryToRouteIt(null)
 9 SYSTEMPATH/CodeIgniter.php(354): CodeIgniter\CodeIgniter->handleRequest(null, Object(Config\Cache), false)
10 SYSTEMPATH/Boot.php(334): CodeIgniter\CodeIgniter->run()
11 SYSTEMPATH/Boot.php(67): CodeIgniter\Boot::runCodeIgniter(Object(CodeIgniter\CodeIgniter))
12 FCPATH/index.php(56): CodeIgniter\Boot::bootWeb(Object(Config\Paths))
DEBUG - 2025-02-07 12:23:53 --> Session: Class initialized using 'CodeIgniter\Session\Handlers\FileHandler' driver.
WARNING - 2025-02-07 12:23:53 --> [DEPRECATED] Creation of dynamic property Modules\Quiz\Controllers\Quiz::$db is deprecated in ROOTPATH/Modules/Quiz/Controllers/Quiz.php on line 40.
 1 SYSTEMPATH/CodeIgniter.php(903): Modules\Quiz\Controllers\Quiz->__construct()
 2 SYSTEMPATH/CodeIgniter.php(498): CodeIgniter\CodeIgniter->createController()
 3 SYSTEMPATH/CodeIgniter.php(354): CodeIgniter\CodeIgniter->handleRequest(null, Object(Config\Cache), false)
 4 SYSTEMPATH/Boot.php(334): CodeIgniter\CodeIgniter->run()
 5 SYSTEMPATH/Boot.php(67): CodeIgniter\Boot::runCodeIgniter(Object(CodeIgniter\CodeIgniter))
 6 FCPATH/index.php(56): CodeIgniter\Boot::bootWeb(Object(Config\Paths))
WARNING - 2025-02-07 12:23:53 --> Session: Sessions is enabled, and one exists. Please don't $session->start();
WARNING - 2025-02-07 12:23:53 --> [DEPRECATED] Creation of dynamic property CodeIgniter\View\View::$session is deprecated in ROOTPATH/Modules/Quiz/Views/pages/quiz/edit_quiz.php on line 9.
 1 SYSTEMPATH/View/View.php(224): include('/Users/alanmartin/Sites/localhost/hmvc-master/Ci4/Modules/Quiz/Views/pages/quiz/edit_quiz.php')
 2 SYSTEMPATH/View/View.php(227): CodeIgniter\View\View->CodeIgniter\View\{closure}()
 3 SYSTEMPATH/Common.php(1173): CodeIgniter\View\View->render('\\Modules\\Quiz\\Views\\pages\\quiz\\edit_quiz', [], true)
 4 ROOTPATH/Modules/Quiz/Controllers/Quiz.php(336): view('\\Modules\\Quiz\\Views\\pages\\quiz\\edit_quiz', [...])
 5 SYSTEMPATH/CodeIgniter.php(933): Modules\Quiz\Controllers\Quiz->edit('7')
 6 SYSTEMPATH/CodeIgniter.php(507): CodeIgniter\CodeIgniter->runController(Object(Modules\Quiz\Controllers\Quiz))
 7 SYSTEMPATH/CodeIgniter.php(354): CodeIgniter\CodeIgniter->handleRequest(null, Object(Config\Cache), false)
 8 SYSTEMPATH/Boot.php(334): CodeIgniter\CodeIgniter->run()
 9 SYSTEMPATH/Boot.php(67): CodeIgniter\Boot::runCodeIgniter(Object(CodeIgniter\CodeIgniter))
10 FCPATH/index.php(56): CodeIgniter\Boot::bootWeb(Object(Config\Paths))
DEBUG - 2025-02-07 12:23:53 --> Session: Class initialized using 'CodeIgniter\Session\Handlers\FileHandler' driver.
WARNING - 2025-02-07 12:23:58 --> [DEPRECATED] Passing lowercase HTTP method "get" is deprecated. Use uppercase HTTP method like "GET". in SYSTEMPATH/Router/RouteCollection.php on line 1026.
 1 SYSTEMPATH/Router/RouteCollection.php(1026): trigger_error('Passing lowercase HTTP method "get" is deprecated. Use uppercase HTTP method like "GET".', 16384)
 2 ROOTPATH/Modules/Templates/Config/Routes.php(7): CodeIgniter\Router\RouteCollection->match([...], '/', 'Templates::index')
 3 SYSTEMPATH/Router/RouteCollection.php(799): CodeIgniter\Router\RouteCollection::{closure}(Object(CodeIgniter\Router\RouteCollection))
 4 ROOTPATH/Modules/Templates/Config/Routes.php(4): CodeIgniter\Router\RouteCollection->group('', [...], Object(Closure))
 5 SYSTEMPATH/Router/RouteCollection.php(372): include('/Users/alanmartin/Sites/localhost/hmvc-master/Ci4/Modules/Templates/Config/Routes.php')
 6 SYSTEMPATH/Router/RouteCollection.php(342): CodeIgniter\Router\RouteCollection->discoverRoutes()
 7 SYSTEMPATH/CodeIgniter.php(821): CodeIgniter\Router\RouteCollection->loadRoutes()
 8 SYSTEMPATH/CodeIgniter.php(455): CodeIgniter\CodeIgniter->tryToRouteIt(null)
 9 SYSTEMPATH/CodeIgniter.php(354): CodeIgniter\CodeIgniter->handleRequest(null, Object(Config\Cache), false)
10 SYSTEMPATH/Boot.php(334): CodeIgniter\CodeIgniter->run()
11 SYSTEMPATH/Boot.php(67): CodeIgniter\Boot::runCodeIgniter(Object(CodeIgniter\CodeIgniter))
12 FCPATH/index.php(56): CodeIgniter\Boot::bootWeb(Object(Config\Paths))
WARNING - 2025-02-07 12:23:58 --> [DEPRECATED] Passing lowercase HTTP method "post" is deprecated. Use uppercase HTTP method like "POST". in SYSTEMPATH/Router/RouteCollection.php on line 1026.
 1 SYSTEMPATH/Router/RouteCollection.php(1026): trigger_error('Passing lowercase HTTP method "post" is deprecated. Use uppercase HTTP method like "POST".', 16384)
 2 ROOTPATH/Modules/Templates/Config/Routes.php(7): CodeIgniter\Router\RouteCollection->match([...], '/', 'Templates::index')
 3 SYSTEMPATH/Router/RouteCollection.php(799): CodeIgniter\Router\RouteCollection::{closure}(Object(CodeIgniter\Router\RouteCollection))
 4 ROOTPATH/Modules/Templates/Config/Routes.php(4): CodeIgniter\Router\RouteCollection->group('', [...], Object(Closure))
 5 SYSTEMPATH/Router/RouteCollection.php(372): include('/Users/alanmartin/Sites/localhost/hmvc-master/Ci4/Modules/Templates/Config/Routes.php')
 6 SYSTEMPATH/Router/RouteCollection.php(342): CodeIgniter\Router\RouteCollection->discoverRoutes()
 7 SYSTEMPATH/CodeIgniter.php(821): CodeIgniter\Router\RouteCollection->loadRoutes()
 8 SYSTEMPATH/CodeIgniter.php(455): CodeIgniter\CodeIgniter->tryToRouteIt(null)
 9 SYSTEMPATH/CodeIgniter.php(354): CodeIgniter\CodeIgniter->handleRequest(null, Object(Config\Cache), false)
10 SYSTEMPATH/Boot.php(334): CodeIgniter\CodeIgniter->run()
11 SYSTEMPATH/Boot.php(67): CodeIgniter\Boot::runCodeIgniter(Object(CodeIgniter\CodeIgniter))
12 FCPATH/index.php(56): CodeIgniter\Boot::bootWeb(Object(Config\Paths))
DEBUG - 2025-02-07 12:23:58 --> Session: Class initialized using 'CodeIgniter\Session\Handlers\FileHandler' driver.
WARNING - 2025-02-07 12:23:58 --> [DEPRECATED] Creation of dynamic property Modules\Quiz\Controllers\Quiz::$db is deprecated in ROOTPATH/Modules/Quiz/Controllers/Quiz.php on line 40.
 1 SYSTEMPATH/CodeIgniter.php(903): Modules\Quiz\Controllers\Quiz->__construct()
 2 SYSTEMPATH/CodeIgniter.php(498): CodeIgniter\CodeIgniter->createController()
 3 SYSTEMPATH/CodeIgniter.php(354): CodeIgniter\CodeIgniter->handleRequest(null, Object(Config\Cache), false)
 4 SYSTEMPATH/Boot.php(334): CodeIgniter\CodeIgniter->run()
 5 SYSTEMPATH/Boot.php(67): CodeIgniter\Boot::runCodeIgniter(Object(CodeIgniter\CodeIgniter))
 6 FCPATH/index.php(56): CodeIgniter\Boot::bootWeb(Object(Config\Paths))
WARNING - 2025-02-07 12:23:58 --> Session: Sessions is enabled, and one exists. Please don't $session->start();
WARNING - 2025-02-07 12:23:58 --> [DEPRECATED] Creation of dynamic property Modules\Quiz\Model\QuizModel::$user is deprecated in ROOTPATH/Modules/Quiz/Model/QuizModel.php on line 108.
 1 ROOTPATH/Modules/Quiz/Controllers/Quiz.php(356): Modules\Quiz\Model\QuizModel->get_quiz()
 2 SYSTEMPATH/CodeIgniter.php(933): Modules\Quiz\Controllers\Quiz->update('7')
 3 SYSTEMPATH/CodeIgniter.php(507): CodeIgniter\CodeIgniter->runController(Object(Modules\Quiz\Controllers\Quiz))
 4 SYSTEMPATH/CodeIgniter.php(354): CodeIgniter\CodeIgniter->handleRequest(null, Object(Config\Cache), false)
 5 SYSTEMPATH/Boot.php(334): CodeIgniter\CodeIgniter->run()
 6 SYSTEMPATH/Boot.php(67): CodeIgniter\Boot::runCodeIgniter(Object(CodeIgniter\CodeIgniter))
 7 FCPATH/index.php(56): CodeIgniter\Boot::bootWeb(Object(Config\Paths))
DEBUG - 2025-02-07 12:23:58 --> Session: Class initialized using 'CodeIgniter\Session\Handlers\FileHandler' driver.
WARNING - 2025-02-07 12:24:26 --> [DEPRECATED] Passing lowercase HTTP method "get" is deprecated. Use uppercase HTTP method like "GET". in SYSTEMPATH/Router/RouteCollection.php on line 1026.
 1 SYSTEMPATH/Router/RouteCollection.php(1026): trigger_error('Passing lowercase HTTP method "get" is deprecated. Use uppercase HTTP method like "GET".', 16384)
 2 ROOTPATH/Modules/Templates/Config/Routes.php(7): CodeIgniter\Router\RouteCollection->match([...], '/', 'Templates::index')
 3 SYSTEMPATH/Router/RouteCollection.php(799): CodeIgniter\Router\RouteCollection::{closure}(Object(CodeIgniter\Router\RouteCollection))
 4 ROOTPATH/Modules/Templates/Config/Routes.php(4): CodeIgniter\Router\RouteCollection->group('', [...], Object(Closure))
 5 SYSTEMPATH/Router/RouteCollection.php(372): include('/Users/alanmartin/Sites/localhost/hmvc-master/Ci4/Modules/Templates/Config/Routes.php')
 6 SYSTEMPATH/Router/RouteCollection.php(342): CodeIgniter\Router\RouteCollection->discoverRoutes()
 7 SYSTEMPATH/CodeIgniter.php(821): CodeIgniter\Router\RouteCollection->loadRoutes()
 8 SYSTEMPATH/CodeIgniter.php(455): CodeIgniter\CodeIgniter->tryToRouteIt(null)
 9 SYSTEMPATH/CodeIgniter.php(354): CodeIgniter\CodeIgniter->handleRequest(null, Object(Config\Cache), false)
10 SYSTEMPATH/Boot.php(334): CodeIgniter\CodeIgniter->run()
11 SYSTEMPATH/Boot.php(67): CodeIgniter\Boot::runCodeIgniter(Object(CodeIgniter\CodeIgniter))
12 FCPATH/index.php(56): CodeIgniter\Boot::bootWeb(Object(Config\Paths))
WARNING - 2025-02-07 12:24:26 --> [DEPRECATED] Passing lowercase HTTP method "post" is deprecated. Use uppercase HTTP method like "POST". in SYSTEMPATH/Router/RouteCollection.php on line 1026.
 1 SYSTEMPATH/Router/RouteCollection.php(1026): trigger_error('Passing lowercase HTTP method "post" is deprecated. Use uppercase HTTP method like "POST".', 16384)
 2 ROOTPATH/Modules/Templates/Config/Routes.php(7): CodeIgniter\Router\RouteCollection->match([...], '/', 'Templates::index')
 3 SYSTEMPATH/Router/RouteCollection.php(799): CodeIgniter\Router\RouteCollection::{closure}(Object(CodeIgniter\Router\RouteCollection))
 4 ROOTPATH/Modules/Templates/Config/Routes.php(4): CodeIgniter\Router\RouteCollection->group('', [...], Object(Closure))
 5 SYSTEMPATH/Router/RouteCollection.php(372): include('/Users/alanmartin/Sites/localhost/hmvc-master/Ci4/Modules/Templates/Config/Routes.php')
 6 SYSTEMPATH/Router/RouteCollection.php(342): CodeIgniter\Router\RouteCollection->discoverRoutes()
 7 SYSTEMPATH/CodeIgniter.php(821): CodeIgniter\Router\RouteCollection->loadRoutes()
 8 SYSTEMPATH/CodeIgniter.php(455): CodeIgniter\CodeIgniter->tryToRouteIt(null)
 9 SYSTEMPATH/CodeIgniter.php(354): CodeIgniter\CodeIgniter->handleRequest(null, Object(Config\Cache), false)
10 SYSTEMPATH/Boot.php(334): CodeIgniter\CodeIgniter->run()
11 SYSTEMPATH/Boot.php(67): CodeIgniter\Boot::runCodeIgniter(Object(CodeIgniter\CodeIgniter))
12 FCPATH/index.php(56): CodeIgniter\Boot::bootWeb(Object(Config\Paths))
DEBUG - 2025-02-07 12:24:26 --> Session: Class initialized using 'CodeIgniter\Session\Handlers\FileHandler' driver.
DEBUG - 2025-02-07 12:24:26 --> Session: Class initialized using 'CodeIgniter\Session\Handlers\FileHandler' driver.
WARNING - 2025-02-07 17:08:13 --> [DEPRECATED] Passing lowercase HTTP method "get" is deprecated. Use uppercase HTTP method like "GET". in SYSTEMPATH/Router/RouteCollection.php on line 1026.
 1 SYSTEMPATH/Router/RouteCollection.php(1026): trigger_error('Passing lowercase HTTP method "get" is deprecated. Use uppercase HTTP method like "GET".', 16384)
 2 ROOTPATH/Modules/Templates/Config/Routes.php(7): CodeIgniter\Router\RouteCollection->match([...], '/', 'Templates::index')
 3 SYSTEMPATH/Router/RouteCollection.php(799): CodeIgniter\Router\RouteCollection::{closure}(Object(CodeIgniter\Router\RouteCollection))
 4 ROOTPATH/Modules/Templates/Config/Routes.php(4): CodeIgniter\Router\RouteCollection->group('', [...], Object(Closure))
 5 SYSTEMPATH/Router/RouteCollection.php(372): include('/Users/alanmartin/Sites/localhost/hmvc-master/Ci4/Modules/Templates/Config/Routes.php')
 6 SYSTEMPATH/Router/RouteCollection.php(342): CodeIgniter\Router\RouteCollection->discoverRoutes()
 7 SYSTEMPATH/CodeIgniter.php(821): CodeIgniter\Router\RouteCollection->loadRoutes()
 8 SYSTEMPATH/CodeIgniter.php(455): CodeIgniter\CodeIgniter->tryToRouteIt(null)
 9 SYSTEMPATH/CodeIgniter.php(354): CodeIgniter\CodeIgniter->handleRequest(null, Object(Config\Cache), false)
10 SYSTEMPATH/Boot.php(334): CodeIgniter\CodeIgniter->run()
11 SYSTEMPATH/Boot.php(67): CodeIgniter\Boot::runCodeIgniter(Object(CodeIgniter\CodeIgniter))
12 FCPATH/index.php(56): CodeIgniter\Boot::bootWeb(Object(Config\Paths))
WARNING - 2025-02-07 17:08:13 --> [DEPRECATED] Passing lowercase HTTP method "post" is deprecated. Use uppercase HTTP method like "POST". in SYSTEMPATH/Router/RouteCollection.php on line 1026.
 1 SYSTEMPATH/Router/RouteCollection.php(1026): trigger_error('Passing lowercase HTTP method "post" is deprecated. Use uppercase HTTP method like "POST".', 16384)
 2 ROOTPATH/Modules/Templates/Config/Routes.php(7): CodeIgniter\Router\RouteCollection->match([...], '/', 'Templates::index')
 3 SYSTEMPATH/Router/RouteCollection.php(799): CodeIgniter\Router\RouteCollection::{closure}(Object(CodeIgniter\Router\RouteCollection))
 4 ROOTPATH/Modules/Templates/Config/Routes.php(4): CodeIgniter\Router\RouteCollection->group('', [...], Object(Closure))
 5 SYSTEMPATH/Router/RouteCollection.php(372): include('/Users/alanmartin/Sites/localhost/hmvc-master/Ci4/Modules/Templates/Config/Routes.php')
 6 SYSTEMPATH/Router/RouteCollection.php(342): CodeIgniter\Router\RouteCollection->discoverRoutes()
 7 SYSTEMPATH/CodeIgniter.php(821): CodeIgniter\Router\RouteCollection->loadRoutes()
 8 SYSTEMPATH/CodeIgniter.php(455): CodeIgniter\CodeIgniter->tryToRouteIt(null)
 9 SYSTEMPATH/CodeIgniter.php(354): CodeIgniter\CodeIgniter->handleRequest(null, Object(Config\Cache), false)
10 SYSTEMPATH/Boot.php(334): CodeIgniter\CodeIgniter->run()
11 SYSTEMPATH/Boot.php(67): CodeIgniter\Boot::runCodeIgniter(Object(CodeIgniter\CodeIgniter))
12 FCPATH/index.php(56): CodeIgniter\Boot::bootWeb(Object(Config\Paths))
DEBUG - 2025-02-07 17:08:13 --> Session: Class initialized using 'CodeIgniter\Session\Handlers\FileHandler' driver.
DEBUG - 2025-02-07 17:08:14 --> Session: Class initialized using 'CodeIgniter\Session\Handlers\FileHandler' driver.
WARNING - 2025-02-07 17:12:35 --> [DEPRECATED] Passing lowercase HTTP method "get" is deprecated. Use uppercase HTTP method like "GET". in SYSTEMPATH/Router/RouteCollection.php on line 1026.
 1 SYSTEMPATH/Router/RouteCollection.php(1026): trigger_error('Passing lowercase HTTP method "get" is deprecated. Use uppercase HTTP method like "GET".', 16384)
 2 ROOTPATH/Modules/Templates/Config/Routes.php(7): CodeIgniter\Router\RouteCollection->match([...], '/', 'Templates::index')
 3 SYSTEMPATH/Router/RouteCollection.php(799): CodeIgniter\Router\RouteCollection::{closure}(Object(CodeIgniter\Router\RouteCollection))
 4 ROOTPATH/Modules/Templates/Config/Routes.php(4): CodeIgniter\Router\RouteCollection->group('', [...], Object(Closure))
 5 SYSTEMPATH/Router/RouteCollection.php(372): include('/Users/alanmartin/Sites/localhost/hmvc-master/Ci4/Modules/Templates/Config/Routes.php')
 6 SYSTEMPATH/Router/RouteCollection.php(342): CodeIgniter\Router\RouteCollection->discoverRoutes()
 7 SYSTEMPATH/CodeIgniter.php(821): CodeIgniter\Router\RouteCollection->loadRoutes()
 8 SYSTEMPATH/CodeIgniter.php(455): CodeIgniter\CodeIgniter->tryToRouteIt(null)
 9 SYSTEMPATH/CodeIgniter.php(354): CodeIgniter\CodeIgniter->handleRequest(null, Object(Config\Cache), false)
10 SYSTEMPATH/Boot.php(334): CodeIgniter\CodeIgniter->run()
11 SYSTEMPATH/Boot.php(67): CodeIgniter\Boot::runCodeIgniter(Object(CodeIgniter\CodeIgniter))
12 FCPATH/index.php(56): CodeIgniter\Boot::bootWeb(Object(Config\Paths))
WARNING - 2025-02-07 17:12:35 --> [DEPRECATED] Passing lowercase HTTP method "post" is deprecated. Use uppercase HTTP method like "POST". in SYSTEMPATH/Router/RouteCollection.php on line 1026.
 1 SYSTEMPATH/Router/RouteCollection.php(1026): trigger_error('Passing lowercase HTTP method "post" is deprecated. Use uppercase HTTP method like "POST".', 16384)
 2 ROOTPATH/Modules/Templates/Config/Routes.php(7): CodeIgniter\Router\RouteCollection->match([...], '/', 'Templates::index')
 3 SYSTEMPATH/Router/RouteCollection.php(799): CodeIgniter\Router\RouteCollection::{closure}(Object(CodeIgniter\Router\RouteCollection))
 4 ROOTPATH/Modules/Templates/Config/Routes.php(4): CodeIgniter\Router\RouteCollection->group('', [...], Object(Closure))
 5 SYSTEMPATH/Router/RouteCollection.php(372): include('/Users/alanmartin/Sites/localhost/hmvc-master/Ci4/Modules/Templates/Config/Routes.php')
 6 SYSTEMPATH/Router/RouteCollection.php(342): CodeIgniter\Router\RouteCollection->discoverRoutes()
 7 SYSTEMPATH/CodeIgniter.php(821): CodeIgniter\Router\RouteCollection->loadRoutes()
 8 SYSTEMPATH/CodeIgniter.php(455): CodeIgniter\CodeIgniter->tryToRouteIt(null)
 9 SYSTEMPATH/CodeIgniter.php(354): CodeIgniter\CodeIgniter->handleRequest(null, Object(Config\Cache), false)
10 SYSTEMPATH/Boot.php(334): CodeIgniter\CodeIgniter->run()
11 SYSTEMPATH/Boot.php(67): CodeIgniter\Boot::runCodeIgniter(Object(CodeIgniter\CodeIgniter))
12 FCPATH/index.php(56): CodeIgniter\Boot::bootWeb(Object(Config\Paths))
DEBUG - 2025-02-07 17:12:35 --> Session: Class initialized using 'CodeIgniter\Session\Handlers\FileHandler' driver.
DEBUG - 2025-02-07 17:12:35 --> Session: Class initialized using 'CodeIgniter\Session\Handlers\FileHandler' driver.
WARNING - 2025-02-07 17:14:11 --> [DEPRECATED] Passing lowercase HTTP method "get" is deprecated. Use uppercase HTTP method like "GET". in SYSTEMPATH/Router/RouteCollection.php on line 1026.
 1 SYSTEMPATH/Router/RouteCollection.php(1026): trigger_error('Passing lowercase HTTP method "get" is deprecated. Use uppercase HTTP method like "GET".', 16384)
 2 ROOTPATH/Modules/Templates/Config/Routes.php(7): CodeIgniter\Router\RouteCollection->match([...], '/', 'Templates::index')
 3 SYSTEMPATH/Router/RouteCollection.php(799): CodeIgniter\Router\RouteCollection::{closure}(Object(CodeIgniter\Router\RouteCollection))
 4 ROOTPATH/Modules/Templates/Config/Routes.php(4): CodeIgniter\Router\RouteCollection->group('', [...], Object(Closure))
 5 SYSTEMPATH/Router/RouteCollection.php(372): include('/Users/alanmartin/Sites/localhost/hmvc-master/Ci4/Modules/Templates/Config/Routes.php')
 6 SYSTEMPATH/Router/RouteCollection.php(342): CodeIgniter\Router\RouteCollection->discoverRoutes()
 7 SYSTEMPATH/CodeIgniter.php(821): CodeIgniter\Router\RouteCollection->loadRoutes()
 8 SYSTEMPATH/CodeIgniter.php(455): CodeIgniter\CodeIgniter->tryToRouteIt(null)
 9 SYSTEMPATH/CodeIgniter.php(354): CodeIgniter\CodeIgniter->handleRequest(null, Object(Config\Cache), false)
10 SYSTEMPATH/Boot.php(334): CodeIgniter\CodeIgniter->run()
11 SYSTEMPATH/Boot.php(67): CodeIgniter\Boot::runCodeIgniter(Object(CodeIgniter\CodeIgniter))
12 FCPATH/index.php(56): CodeIgniter\Boot::bootWeb(Object(Config\Paths))
WARNING - 2025-02-07 17:14:11 --> [DEPRECATED] Passing lowercase HTTP method "post" is deprecated. Use uppercase HTTP method like "POST". in SYSTEMPATH/Router/RouteCollection.php on line 1026.
 1 SYSTEMPATH/Router/RouteCollection.php(1026): trigger_error('Passing lowercase HTTP method "post" is deprecated. Use uppercase HTTP method like "POST".', 16384)
 2 ROOTPATH/Modules/Templates/Config/Routes.php(7): CodeIgniter\Router\RouteCollection->match([...], '/', 'Templates::index')
 3 SYSTEMPATH/Router/RouteCollection.php(799): CodeIgniter\Router\RouteCollection::{closure}(Object(CodeIgniter\Router\RouteCollection))
 4 ROOTPATH/Modules/Templates/Config/Routes.php(4): CodeIgniter\Router\RouteCollection->group('', [...], Object(Closure))
 5 SYSTEMPATH/Router/RouteCollection.php(372): include('/Users/alanmartin/Sites/localhost/hmvc-master/Ci4/Modules/Templates/Config/Routes.php')
 6 SYSTEMPATH/Router/RouteCollection.php(342): CodeIgniter\Router\RouteCollection->discoverRoutes()
 7 SYSTEMPATH/CodeIgniter.php(821): CodeIgniter\Router\RouteCollection->loadRoutes()
 8 SYSTEMPATH/CodeIgniter.php(455): CodeIgniter\CodeIgniter->tryToRouteIt(null)
 9 SYSTEMPATH/CodeIgniter.php(354): CodeIgniter\CodeIgniter->handleRequest(null, Object(Config\Cache), false)
10 SYSTEMPATH/Boot.php(334): CodeIgniter\CodeIgniter->run()
11 SYSTEMPATH/Boot.php(67): CodeIgniter\Boot::runCodeIgniter(Object(CodeIgniter\CodeIgniter))
12 FCPATH/index.php(56): CodeIgniter\Boot::bootWeb(Object(Config\Paths))
DEBUG - 2025-02-07 17:14:11 --> Session: Class initialized using 'CodeIgniter\Session\Handlers\FileHandler' driver.
DEBUG - 2025-02-07 17:14:11 --> Session: Class initialized using 'CodeIgniter\Session\Handlers\FileHandler' driver.
WARNING - 2025-02-07 17:14:15 --> [DEPRECATED] Passing lowercase HTTP method "get" is deprecated. Use uppercase HTTP method like "GET". in SYSTEMPATH/Router/RouteCollection.php on line 1026.
 1 SYSTEMPATH/Router/RouteCollection.php(1026): trigger_error('Passing lowercase HTTP method "get" is deprecated. Use uppercase HTTP method like "GET".', 16384)
 2 ROOTPATH/Modules/Templates/Config/Routes.php(7): CodeIgniter\Router\RouteCollection->match([...], '/', 'Templates::index')
 3 SYSTEMPATH/Router/RouteCollection.php(799): CodeIgniter\Router\RouteCollection::{closure}(Object(CodeIgniter\Router\RouteCollection))
 4 ROOTPATH/Modules/Templates/Config/Routes.php(4): CodeIgniter\Router\RouteCollection->group('', [...], Object(Closure))
 5 SYSTEMPATH/Router/RouteCollection.php(372): include('/Users/alanmartin/Sites/localhost/hmvc-master/Ci4/Modules/Templates/Config/Routes.php')
 6 SYSTEMPATH/Router/RouteCollection.php(342): CodeIgniter\Router\RouteCollection->discoverRoutes()
 7 SYSTEMPATH/CodeIgniter.php(821): CodeIgniter\Router\RouteCollection->loadRoutes()
 8 SYSTEMPATH/CodeIgniter.php(455): CodeIgniter\CodeIgniter->tryToRouteIt(null)
 9 SYSTEMPATH/CodeIgniter.php(354): CodeIgniter\CodeIgniter->handleRequest(null, Object(Config\Cache), false)
10 SYSTEMPATH/Boot.php(334): CodeIgniter\CodeIgniter->run()
11 SYSTEMPATH/Boot.php(67): CodeIgniter\Boot::runCodeIgniter(Object(CodeIgniter\CodeIgniter))
12 FCPATH/index.php(56): CodeIgniter\Boot::bootWeb(Object(Config\Paths))
WARNING - 2025-02-07 17:14:15 --> [DEPRECATED] Passing lowercase HTTP method "post" is deprecated. Use uppercase HTTP method like "POST". in SYSTEMPATH/Router/RouteCollection.php on line 1026.
 1 SYSTEMPATH/Router/RouteCollection.php(1026): trigger_error('Passing lowercase HTTP method "post" is deprecated. Use uppercase HTTP method like "POST".', 16384)
 2 ROOTPATH/Modules/Templates/Config/Routes.php(7): CodeIgniter\Router\RouteCollection->match([...], '/', 'Templates::index')
 3 SYSTEMPATH/Router/RouteCollection.php(799): CodeIgniter\Router\RouteCollection::{closure}(Object(CodeIgniter\Router\RouteCollection))
 4 ROOTPATH/Modules/Templates/Config/Routes.php(4): CodeIgniter\Router\RouteCollection->group('', [...], Object(Closure))
 5 SYSTEMPATH/Router/RouteCollection.php(372): include('/Users/alanmartin/Sites/localhost/hmvc-master/Ci4/Modules/Templates/Config/Routes.php')
 6 SYSTEMPATH/Router/RouteCollection.php(342): CodeIgniter\Router\RouteCollection->discoverRoutes()
 7 SYSTEMPATH/CodeIgniter.php(821): CodeIgniter\Router\RouteCollection->loadRoutes()
 8 SYSTEMPATH/CodeIgniter.php(455): CodeIgniter\CodeIgniter->tryToRouteIt(null)
 9 SYSTEMPATH/CodeIgniter.php(354): CodeIgniter\CodeIgniter->handleRequest(null, Object(Config\Cache), false)
10 SYSTEMPATH/Boot.php(334): CodeIgniter\CodeIgniter->run()
11 SYSTEMPATH/Boot.php(67): CodeIgniter\Boot::runCodeIgniter(Object(CodeIgniter\CodeIgniter))
12 FCPATH/index.php(56): CodeIgniter\Boot::bootWeb(Object(Config\Paths))
DEBUG - 2025-02-07 17:14:15 --> Session: Class initialized using 'CodeIgniter\Session\Handlers\FileHandler' driver.
DEBUG - 2025-02-07 17:14:15 --> Session: Class initialized using 'CodeIgniter\Session\Handlers\FileHandler' driver.
WARNING - 2025-02-07 17:14:20 --> [DEPRECATED] Passing lowercase HTTP method "get" is deprecated. Use uppercase HTTP method like "GET". in SYSTEMPATH/Router/RouteCollection.php on line 1026.
 1 SYSTEMPATH/Router/RouteCollection.php(1026): trigger_error('Passing lowercase HTTP method "get" is deprecated. Use uppercase HTTP method like "GET".', 16384)
 2 ROOTPATH/Modules/Templates/Config/Routes.php(7): CodeIgniter\Router\RouteCollection->match([...], '/', 'Templates::index')
 3 SYSTEMPATH/Router/RouteCollection.php(799): CodeIgniter\Router\RouteCollection::{closure}(Object(CodeIgniter\Router\RouteCollection))
 4 ROOTPATH/Modules/Templates/Config/Routes.php(4): CodeIgniter\Router\RouteCollection->group('', [...], Object(Closure))
 5 SYSTEMPATH/Router/RouteCollection.php(372): include('/Users/alanmartin/Sites/localhost/hmvc-master/Ci4/Modules/Templates/Config/Routes.php')
 6 SYSTEMPATH/Router/RouteCollection.php(342): CodeIgniter\Router\RouteCollection->discoverRoutes()
 7 SYSTEMPATH/CodeIgniter.php(821): CodeIgniter\Router\RouteCollection->loadRoutes()
 8 SYSTEMPATH/CodeIgniter.php(455): CodeIgniter\CodeIgniter->tryToRouteIt(null)
 9 SYSTEMPATH/CodeIgniter.php(354): CodeIgniter\CodeIgniter->handleRequest(null, Object(Config\Cache), false)
10 SYSTEMPATH/Boot.php(334): CodeIgniter\CodeIgniter->run()
11 SYSTEMPATH/Boot.php(67): CodeIgniter\Boot::runCodeIgniter(Object(CodeIgniter\CodeIgniter))
12 FCPATH/index.php(56): CodeIgniter\Boot::bootWeb(Object(Config\Paths))
WARNING - 2025-02-07 17:14:20 --> [DEPRECATED] Passing lowercase HTTP method "post" is deprecated. Use uppercase HTTP method like "POST". in SYSTEMPATH/Router/RouteCollection.php on line 1026.
 1 SYSTEMPATH/Router/RouteCollection.php(1026): trigger_error('Passing lowercase HTTP method "post" is deprecated. Use uppercase HTTP method like "POST".', 16384)
 2 ROOTPATH/Modules/Templates/Config/Routes.php(7): CodeIgniter\Router\RouteCollection->match([...], '/', 'Templates::index')
 3 SYSTEMPATH/Router/RouteCollection.php(799): CodeIgniter\Router\RouteCollection::{closure}(Object(CodeIgniter\Router\RouteCollection))
 4 ROOTPATH/Modules/Templates/Config/Routes.php(4): CodeIgniter\Router\RouteCollection->group('', [...], Object(Closure))
 5 SYSTEMPATH/Router/RouteCollection.php(372): include('/Users/alanmartin/Sites/localhost/hmvc-master/Ci4/Modules/Templates/Config/Routes.php')
 6 SYSTEMPATH/Router/RouteCollection.php(342): CodeIgniter\Router\RouteCollection->discoverRoutes()
 7 SYSTEMPATH/CodeIgniter.php(821): CodeIgniter\Router\RouteCollection->loadRoutes()
 8 SYSTEMPATH/CodeIgniter.php(455): CodeIgniter\CodeIgniter->tryToRouteIt(null)
 9 SYSTEMPATH/CodeIgniter.php(354): CodeIgniter\CodeIgniter->handleRequest(null, Object(Config\Cache), false)
10 SYSTEMPATH/Boot.php(334): CodeIgniter\CodeIgniter->run()
11 SYSTEMPATH/Boot.php(67): CodeIgniter\Boot::runCodeIgniter(Object(CodeIgniter\CodeIgniter))
12 FCPATH/index.php(56): CodeIgniter\Boot::bootWeb(Object(Config\Paths))
DEBUG - 2025-02-07 17:14:21 --> Session: Class initialized using 'CodeIgniter\Session\Handlers\FileHandler' driver.
WARNING - 2025-02-07 17:14:21 --> [DEPRECATED] Passing lowercase HTTP method "get" is deprecated. Use uppercase HTTP method like "GET". in SYSTEMPATH/Router/RouteCollection.php on line 1026.
 1 SYSTEMPATH/Router/RouteCollection.php(1026): trigger_error('Passing lowercase HTTP method "get" is deprecated. Use uppercase HTTP method like "GET".', 16384)
 2 ROOTPATH/Modules/Templates/Config/Routes.php(7): CodeIgniter\Router\RouteCollection->match([...], '/', 'Templates::index')
 3 SYSTEMPATH/Router/RouteCollection.php(799): CodeIgniter\Router\RouteCollection::{closure}(Object(CodeIgniter\Router\RouteCollection))
 4 ROOTPATH/Modules/Templates/Config/Routes.php(4): CodeIgniter\Router\RouteCollection->group('', [...], Object(Closure))
 5 SYSTEMPATH/Router/RouteCollection.php(372): include('/Users/alanmartin/Sites/localhost/hmvc-master/Ci4/Modules/Templates/Config/Routes.php')
 6 SYSTEMPATH/Router/RouteCollection.php(342): CodeIgniter\Router\RouteCollection->discoverRoutes()
 7 SYSTEMPATH/CodeIgniter.php(821): CodeIgniter\Router\RouteCollection->loadRoutes()
 8 SYSTEMPATH/CodeIgniter.php(455): CodeIgniter\CodeIgniter->tryToRouteIt(null)
 9 SYSTEMPATH/CodeIgniter.php(354): CodeIgniter\CodeIgniter->handleRequest(null, Object(Config\Cache), false)
10 SYSTEMPATH/Boot.php(334): CodeIgniter\CodeIgniter->run()
11 SYSTEMPATH/Boot.php(67): CodeIgniter\Boot::runCodeIgniter(Object(CodeIgniter\CodeIgniter))
12 FCPATH/index.php(56): CodeIgniter\Boot::bootWeb(Object(Config\Paths))
WARNING - 2025-02-07 17:14:21 --> [DEPRECATED] Passing lowercase HTTP method "post" is deprecated. Use uppercase HTTP method like "POST". in SYSTEMPATH/Router/RouteCollection.php on line 1026.
 1 SYSTEMPATH/Router/RouteCollection.php(1026): trigger_error('Passing lowercase HTTP method "post" is deprecated. Use uppercase HTTP method like "POST".', 16384)
 2 ROOTPATH/Modules/Templates/Config/Routes.php(7): CodeIgniter\Router\RouteCollection->match([...], '/', 'Templates::index')
 3 SYSTEMPATH/Router/RouteCollection.php(799): CodeIgniter\Router\RouteCollection::{closure}(Object(CodeIgniter\Router\RouteCollection))
 4 ROOTPATH/Modules/Templates/Config/Routes.php(4): CodeIgniter\Router\RouteCollection->group('', [...], Object(Closure))
 5 SYSTEMPATH/Router/RouteCollection.php(372): include('/Users/alanmartin/Sites/localhost/hmvc-master/Ci4/Modules/Templates/Config/Routes.php')
 6 SYSTEMPATH/Router/RouteCollection.php(342): CodeIgniter\Router\RouteCollection->discoverRoutes()
 7 SYSTEMPATH/CodeIgniter.php(821): CodeIgniter\Router\RouteCollection->loadRoutes()
 8 SYSTEMPATH/CodeIgniter.php(455): CodeIgniter\CodeIgniter->tryToRouteIt(null)
 9 SYSTEMPATH/CodeIgniter.php(354): CodeIgniter\CodeIgniter->handleRequest(null, Object(Config\Cache), false)
10 SYSTEMPATH/Boot.php(334): CodeIgniter\CodeIgniter->run()
11 SYSTEMPATH/Boot.php(67): CodeIgniter\Boot::runCodeIgniter(Object(CodeIgniter\CodeIgniter))
12 FCPATH/index.php(56): CodeIgniter\Boot::bootWeb(Object(Config\Paths))
DEBUG - 2025-02-07 17:14:21 --> Session: Class initialized using 'CodeIgniter\Session\Handlers\FileHandler' driver.
DEBUG - 2025-02-07 17:14:21 --> Session: Class initialized using 'CodeIgniter\Session\Handlers\FileHandler' driver.
WARNING - 2025-02-07 17:14:25 --> [DEPRECATED] Passing lowercase HTTP method "get" is deprecated. Use uppercase HTTP method like "GET". in SYSTEMPATH/Router/RouteCollection.php on line 1026.
 1 SYSTEMPATH/Router/RouteCollection.php(1026): trigger_error('Passing lowercase HTTP method "get" is deprecated. Use uppercase HTTP method like "GET".', 16384)
 2 ROOTPATH/Modules/Templates/Config/Routes.php(7): CodeIgniter\Router\RouteCollection->match([...], '/', 'Templates::index')
 3 SYSTEMPATH/Router/RouteCollection.php(799): CodeIgniter\Router\RouteCollection::{closure}(Object(CodeIgniter\Router\RouteCollection))
 4 ROOTPATH/Modules/Templates/Config/Routes.php(4): CodeIgniter\Router\RouteCollection->group('', [...], Object(Closure))
 5 SYSTEMPATH/Router/RouteCollection.php(372): include('/Users/alanmartin/Sites/localhost/hmvc-master/Ci4/Modules/Templates/Config/Routes.php')
 6 SYSTEMPATH/Router/RouteCollection.php(342): CodeIgniter\Router\RouteCollection->discoverRoutes()
 7 SYSTEMPATH/CodeIgniter.php(821): CodeIgniter\Router\RouteCollection->loadRoutes()
 8 SYSTEMPATH/CodeIgniter.php(455): CodeIgniter\CodeIgniter->tryToRouteIt(null)
 9 SYSTEMPATH/CodeIgniter.php(354): CodeIgniter\CodeIgniter->handleRequest(null, Object(Config\Cache), false)
10 SYSTEMPATH/Boot.php(334): CodeIgniter\CodeIgniter->run()
11 SYSTEMPATH/Boot.php(67): CodeIgniter\Boot::runCodeIgniter(Object(CodeIgniter\CodeIgniter))
12 FCPATH/index.php(56): CodeIgniter\Boot::bootWeb(Object(Config\Paths))
WARNING - 2025-02-07 17:14:25 --> [DEPRECATED] Passing lowercase HTTP method "post" is deprecated. Use uppercase HTTP method like "POST". in SYSTEMPATH/Router/RouteCollection.php on line 1026.
 1 SYSTEMPATH/Router/RouteCollection.php(1026): trigger_error('Passing lowercase HTTP method "post" is deprecated. Use uppercase HTTP method like "POST".', 16384)
 2 ROOTPATH/Modules/Templates/Config/Routes.php(7): CodeIgniter\Router\RouteCollection->match([...], '/', 'Templates::index')
 3 SYSTEMPATH/Router/RouteCollection.php(799): CodeIgniter\Router\RouteCollection::{closure}(Object(CodeIgniter\Router\RouteCollection))
 4 ROOTPATH/Modules/Templates/Config/Routes.php(4): CodeIgniter\Router\RouteCollection->group('', [...], Object(Closure))
 5 SYSTEMPATH/Router/RouteCollection.php(372): include('/Users/alanmartin/Sites/localhost/hmvc-master/Ci4/Modules/Templates/Config/Routes.php')
 6 SYSTEMPATH/Router/RouteCollection.php(342): CodeIgniter\Router\RouteCollection->discoverRoutes()
 7 SYSTEMPATH/CodeIgniter.php(821): CodeIgniter\Router\RouteCollection->loadRoutes()
 8 SYSTEMPATH/CodeIgniter.php(455): CodeIgniter\CodeIgniter->tryToRouteIt(null)
 9 SYSTEMPATH/CodeIgniter.php(354): CodeIgniter\CodeIgniter->handleRequest(null, Object(Config\Cache), false)
10 SYSTEMPATH/Boot.php(334): CodeIgniter\CodeIgniter->run()
11 SYSTEMPATH/Boot.php(67): CodeIgniter\Boot::runCodeIgniter(Object(CodeIgniter\CodeIgniter))
12 FCPATH/index.php(56): CodeIgniter\Boot::bootWeb(Object(Config\Paths))
DEBUG - 2025-02-07 17:14:25 --> Session: Class initialized using 'CodeIgniter\Session\Handlers\FileHandler' driver.
WARNING - 2025-02-07 17:14:25 --> [DEPRECATED] Creation of dynamic property Modules\Quiz\Controllers\Quiz::$db is deprecated in ROOTPATH/Modules/Quiz/Controllers/Quiz.php on line 40.
 1 SYSTEMPATH/CodeIgniter.php(903): Modules\Quiz\Controllers\Quiz->__construct()
 2 SYSTEMPATH/CodeIgniter.php(498): CodeIgniter\CodeIgniter->createController()
 3 SYSTEMPATH/CodeIgniter.php(354): CodeIgniter\CodeIgniter->handleRequest(null, Object(Config\Cache), false)
 4 SYSTEMPATH/Boot.php(334): CodeIgniter\CodeIgniter->run()
 5 SYSTEMPATH/Boot.php(67): CodeIgniter\Boot::runCodeIgniter(Object(CodeIgniter\CodeIgniter))
 6 FCPATH/index.php(56): CodeIgniter\Boot::bootWeb(Object(Config\Paths))
WARNING - 2025-02-07 17:14:25 --> Session: Sessions is enabled, and one exists. Please don't $session->start();
WARNING - 2025-02-07 17:14:25 --> [DEPRECATED] Creation of dynamic property Modules\Quiz\Model\QuizModel::$request is deprecated in ROOTPATH/Modules/Quiz/Model/QuizModel.php on line 151.
 1 ROOTPATH/Modules/Quiz/Controllers/Quiz.php(457): Modules\Quiz\Model\QuizModel->get_teachers_names()
 2 SYSTEMPATH/CodeIgniter.php(933): Modules\Quiz\Controllers\Quiz->find_teacher()
 3 SYSTEMPATH/CodeIgniter.php(507): CodeIgniter\CodeIgniter->runController(Object(Modules\Quiz\Controllers\Quiz))
 4 SYSTEMPATH/CodeIgniter.php(354): CodeIgniter\CodeIgniter->handleRequest(null, Object(Config\Cache), false)
 5 SYSTEMPATH/Boot.php(334): CodeIgniter\CodeIgniter->run()
 6 SYSTEMPATH/Boot.php(67): CodeIgniter\Boot::runCodeIgniter(Object(CodeIgniter\CodeIgniter))
 7 FCPATH/index.php(56): CodeIgniter\Boot::bootWeb(Object(Config\Paths))
DEBUG - 2025-02-07 17:14:25 --> Session: Class initialized using 'CodeIgniter\Session\Handlers\FileHandler' driver.
WARNING - 2025-02-07 17:14:30 --> [DEPRECATED] Passing lowercase HTTP method "get" is deprecated. Use uppercase HTTP method like "GET". in SYSTEMPATH/Router/RouteCollection.php on line 1026.
 1 SYSTEMPATH/Router/RouteCollection.php(1026): trigger_error('Passing lowercase HTTP method "get" is deprecated. Use uppercase HTTP method like "GET".', 16384)
 2 ROOTPATH/Modules/Templates/Config/Routes.php(7): CodeIgniter\Router\RouteCollection->match([...], '/', 'Templates::index')
 3 SYSTEMPATH/Router/RouteCollection.php(799): CodeIgniter\Router\RouteCollection::{closure}(Object(CodeIgniter\Router\RouteCollection))
 4 ROOTPATH/Modules/Templates/Config/Routes.php(4): CodeIgniter\Router\RouteCollection->group('', [...], Object(Closure))
 5 SYSTEMPATH/Router/RouteCollection.php(372): include('/Users/alanmartin/Sites/localhost/hmvc-master/Ci4/Modules/Templates/Config/Routes.php')
 6 SYSTEMPATH/Router/RouteCollection.php(342): CodeIgniter\Router\RouteCollection->discoverRoutes()
 7 SYSTEMPATH/CodeIgniter.php(821): CodeIgniter\Router\RouteCollection->loadRoutes()
 8 SYSTEMPATH/CodeIgniter.php(455): CodeIgniter\CodeIgniter->tryToRouteIt(null)
 9 SYSTEMPATH/CodeIgniter.php(354): CodeIgniter\CodeIgniter->handleRequest(null, Object(Config\Cache), false)
10 SYSTEMPATH/Boot.php(334): CodeIgniter\CodeIgniter->run()
11 SYSTEMPATH/Boot.php(67): CodeIgniter\Boot::runCodeIgniter(Object(CodeIgniter\CodeIgniter))
12 FCPATH/index.php(56): CodeIgniter\Boot::bootWeb(Object(Config\Paths))
WARNING - 2025-02-07 17:14:30 --> [DEPRECATED] Passing lowercase HTTP method "post" is deprecated. Use uppercase HTTP method like "POST". in SYSTEMPATH/Router/RouteCollection.php on line 1026.
 1 SYSTEMPATH/Router/RouteCollection.php(1026): trigger_error('Passing lowercase HTTP method "post" is deprecated. Use uppercase HTTP method like "POST".', 16384)
 2 ROOTPATH/Modules/Templates/Config/Routes.php(7): CodeIgniter\Router\RouteCollection->match([...], '/', 'Templates::index')
 3 SYSTEMPATH/Router/RouteCollection.php(799): CodeIgniter\Router\RouteCollection::{closure}(Object(CodeIgniter\Router\RouteCollection))
 4 ROOTPATH/Modules/Templates/Config/Routes.php(4): CodeIgniter\Router\RouteCollection->group('', [...], Object(Closure))
 5 SYSTEMPATH/Router/RouteCollection.php(372): include('/Users/alanmartin/Sites/localhost/hmvc-master/Ci4/Modules/Templates/Config/Routes.php')
 6 SYSTEMPATH/Router/RouteCollection.php(342): CodeIgniter\Router\RouteCollection->discoverRoutes()
 7 SYSTEMPATH/CodeIgniter.php(821): CodeIgniter\Router\RouteCollection->loadRoutes()
 8 SYSTEMPATH/CodeIgniter.php(455): CodeIgniter\CodeIgniter->tryToRouteIt(null)
 9 SYSTEMPATH/CodeIgniter.php(354): CodeIgniter\CodeIgniter->handleRequest(null, Object(Config\Cache), false)
10 SYSTEMPATH/Boot.php(334): CodeIgniter\CodeIgniter->run()
11 SYSTEMPATH/Boot.php(67): CodeIgniter\Boot::runCodeIgniter(Object(CodeIgniter\CodeIgniter))
12 FCPATH/index.php(56): CodeIgniter\Boot::bootWeb(Object(Config\Paths))
DEBUG - 2025-02-07 17:14:30 --> Session: Class initialized using 'CodeIgniter\Session\Handlers\FileHandler' driver.
WARNING - 2025-02-07 17:14:30 --> [DEPRECATED] Creation of dynamic property Modules\Quiz\Controllers\Quiz::$db is deprecated in ROOTPATH/Modules/Quiz/Controllers/Quiz.php on line 40.
 1 SYSTEMPATH/CodeIgniter.php(903): Modules\Quiz\Controllers\Quiz->__construct()
 2 SYSTEMPATH/CodeIgniter.php(498): CodeIgniter\CodeIgniter->createController()
 3 SYSTEMPATH/CodeIgniter.php(354): CodeIgniter\CodeIgniter->handleRequest(null, Object(Config\Cache), false)
 4 SYSTEMPATH/Boot.php(334): CodeIgniter\CodeIgniter->run()
 5 SYSTEMPATH/Boot.php(67): CodeIgniter\Boot::runCodeIgniter(Object(CodeIgniter\CodeIgniter))
 6 FCPATH/index.php(56): CodeIgniter\Boot::bootWeb(Object(Config\Paths))
WARNING - 2025-02-07 17:14:30 --> Session: Sessions is enabled, and one exists. Please don't $session->start();
WARNING - 2025-02-07 17:14:30 --> [DEPRECATED] Creation of dynamic property Modules\Quiz\Model\QuizModel::$request is deprecated in ROOTPATH/Modules/Quiz/Model/QuizModel.php on line 126.
 1 ROOTPATH/Modules/Quiz/Controllers/Quiz.php(81): Modules\Quiz\Model\QuizModel->get_teachers_quiz()
 2 SYSTEMPATH/CodeIgniter.php(933): Modules\Quiz\Controllers\Quiz->find_teachers_quiz()
 3 SYSTEMPATH/CodeIgniter.php(507): CodeIgniter\CodeIgniter->runController(Object(Modules\Quiz\Controllers\Quiz))
 4 SYSTEMPATH/CodeIgniter.php(354): CodeIgniter\CodeIgniter->handleRequest(null, Object(Config\Cache), false)
 5 SYSTEMPATH/Boot.php(334): CodeIgniter\CodeIgniter->run()
 6 SYSTEMPATH/Boot.php(67): CodeIgniter\Boot::runCodeIgniter(Object(CodeIgniter\CodeIgniter))
 7 FCPATH/index.php(56): CodeIgniter\Boot::bootWeb(Object(Config\Paths))
WARNING - 2025-02-07 17:14:30 --> [DEPRECATED] Creation of dynamic property CodeIgniter\View\View::$session is deprecated in ROOTPATH/Modules/Quiz/Views/pages/quiz/take_quiz.php on line 5.
 1 SYSTEMPATH/View/View.php(224): include('/Users/alanmartin/Sites/localhost/hmvc-master/Ci4/Modules/Quiz/Views/pages/quiz/take_quiz.php')
 2 SYSTEMPATH/View/View.php(227): CodeIgniter\View\View->CodeIgniter\View\{closure}()
 3 SYSTEMPATH/Common.php(1173): CodeIgniter\View\View->render('\\Modules\\Quiz\\Views\\pages\\quiz\\take_quiz', [], true)
 4 ROOTPATH/Modules/Quiz/Controllers/Quiz.php(83): view('\\Modules\\Quiz\\Views\\pages\\quiz\\take_quiz', [...])
 5 SYSTEMPATH/CodeIgniter.php(933): Modules\Quiz\Controllers\Quiz->find_teachers_quiz()
 6 SYSTEMPATH/CodeIgniter.php(507): CodeIgniter\CodeIgniter->runController(Object(Modules\Quiz\Controllers\Quiz))
 7 SYSTEMPATH/CodeIgniter.php(354): CodeIgniter\CodeIgniter->handleRequest(null, Object(Config\Cache), false)
 8 SYSTEMPATH/Boot.php(334): CodeIgniter\CodeIgniter->run()
 9 SYSTEMPATH/Boot.php(67): CodeIgniter\Boot::runCodeIgniter(Object(CodeIgniter\CodeIgniter))
10 FCPATH/index.php(56): CodeIgniter\Boot::bootWeb(Object(Config\Paths))
DEBUG - 2025-02-07 17:14:30 --> Session: Class initialized using 'CodeIgniter\Session\Handlers\FileHandler' driver.
WARNING - 2025-02-07 17:14:32 --> [DEPRECATED] Passing lowercase HTTP method "get" is deprecated. Use uppercase HTTP method like "GET". in SYSTEMPATH/Router/RouteCollection.php on line 1026.
 1 SYSTEMPATH/Router/RouteCollection.php(1026): trigger_error('Passing lowercase HTTP method "get" is deprecated. Use uppercase HTTP method like "GET".', 16384)
 2 ROOTPATH/Modules/Templates/Config/Routes.php(7): CodeIgniter\Router\RouteCollection->match([...], '/', 'Templates::index')
 3 SYSTEMPATH/Router/RouteCollection.php(799): CodeIgniter\Router\RouteCollection::{closure}(Object(CodeIgniter\Router\RouteCollection))
 4 ROOTPATH/Modules/Templates/Config/Routes.php(4): CodeIgniter\Router\RouteCollection->group('', [...], Object(Closure))
 5 SYSTEMPATH/Router/RouteCollection.php(372): include('/Users/alanmartin/Sites/localhost/hmvc-master/Ci4/Modules/Templates/Config/Routes.php')
 6 SYSTEMPATH/Router/RouteCollection.php(342): CodeIgniter\Router\RouteCollection->discoverRoutes()
 7 SYSTEMPATH/CodeIgniter.php(821): CodeIgniter\Router\RouteCollection->loadRoutes()
 8 SYSTEMPATH/CodeIgniter.php(455): CodeIgniter\CodeIgniter->tryToRouteIt(null)
 9 SYSTEMPATH/CodeIgniter.php(354): CodeIgniter\CodeIgniter->handleRequest(null, Object(Config\Cache), false)
10 SYSTEMPATH/Boot.php(334): CodeIgniter\CodeIgniter->run()
11 SYSTEMPATH/Boot.php(67): CodeIgniter\Boot::runCodeIgniter(Object(CodeIgniter\CodeIgniter))
12 FCPATH/index.php(56): CodeIgniter\Boot::bootWeb(Object(Config\Paths))
WARNING - 2025-02-07 17:14:32 --> [DEPRECATED] Passing lowercase HTTP method "post" is deprecated. Use uppercase HTTP method like "POST". in SYSTEMPATH/Router/RouteCollection.php on line 1026.
 1 SYSTEMPATH/Router/RouteCollection.php(1026): trigger_error('Passing lowercase HTTP method "post" is deprecated. Use uppercase HTTP method like "POST".', 16384)
 2 ROOTPATH/Modules/Templates/Config/Routes.php(7): CodeIgniter\Router\RouteCollection->match([...], '/', 'Templates::index')
 3 SYSTEMPATH/Router/RouteCollection.php(799): CodeIgniter\Router\RouteCollection::{closure}(Object(CodeIgniter\Router\RouteCollection))
 4 ROOTPATH/Modules/Templates/Config/Routes.php(4): CodeIgniter\Router\RouteCollection->group('', [...], Object(Closure))
 5 SYSTEMPATH/Router/RouteCollection.php(372): include('/Users/alanmartin/Sites/localhost/hmvc-master/Ci4/Modules/Templates/Config/Routes.php')
 6 SYSTEMPATH/Router/RouteCollection.php(342): CodeIgniter\Router\RouteCollection->discoverRoutes()
 7 SYSTEMPATH/CodeIgniter.php(821): CodeIgniter\Router\RouteCollection->loadRoutes()
 8 SYSTEMPATH/CodeIgniter.php(455): CodeIgniter\CodeIgniter->tryToRouteIt(null)
 9 SYSTEMPATH/CodeIgniter.php(354): CodeIgniter\CodeIgniter->handleRequest(null, Object(Config\Cache), false)
10 SYSTEMPATH/Boot.php(334): CodeIgniter\CodeIgniter->run()
11 SYSTEMPATH/Boot.php(67): CodeIgniter\Boot::runCodeIgniter(Object(CodeIgniter\CodeIgniter))
12 FCPATH/index.php(56): CodeIgniter\Boot::bootWeb(Object(Config\Paths))
WARNING - 2025-02-07 17:15:09 --> [DEPRECATED] Passing lowercase HTTP method "get" is deprecated. Use uppercase HTTP method like "GET". in SYSTEMPATH/Router/RouteCollection.php on line 1026.
 1 SYSTEMPATH/Router/RouteCollection.php(1026): trigger_error('Passing lowercase HTTP method "get" is deprecated. Use uppercase HTTP method like "GET".', 16384)
 2 ROOTPATH/Modules/Templates/Config/Routes.php(7): CodeIgniter\Router\RouteCollection->match([...], '/', 'Templates::index')
 3 SYSTEMPATH/Router/RouteCollection.php(799): CodeIgniter\Router\RouteCollection::{closure}(Object(CodeIgniter\Router\RouteCollection))
 4 ROOTPATH/Modules/Templates/Config/Routes.php(4): CodeIgniter\Router\RouteCollection->group('', [...], Object(Closure))
 5 SYSTEMPATH/Router/RouteCollection.php(372): include('/Users/alanmartin/Sites/localhost/hmvc-master/Ci4/Modules/Templates/Config/Routes.php')
 6 SYSTEMPATH/Router/RouteCollection.php(342): CodeIgniter\Router\RouteCollection->discoverRoutes()
 7 SYSTEMPATH/CodeIgniter.php(821): CodeIgniter\Router\RouteCollection->loadRoutes()
 8 SYSTEMPATH/CodeIgniter.php(455): CodeIgniter\CodeIgniter->tryToRouteIt(null)
 9 SYSTEMPATH/CodeIgniter.php(354): CodeIgniter\CodeIgniter->handleRequest(null, Object(Config\Cache), false)
10 SYSTEMPATH/Boot.php(334): CodeIgniter\CodeIgniter->run()
11 SYSTEMPATH/Boot.php(67): CodeIgniter\Boot::runCodeIgniter(Object(CodeIgniter\CodeIgniter))
12 FCPATH/index.php(56): CodeIgniter\Boot::bootWeb(Object(Config\Paths))
WARNING - 2025-02-07 17:15:09 --> [DEPRECATED] Passing lowercase HTTP method "post" is deprecated. Use uppercase HTTP method like "POST". in SYSTEMPATH/Router/RouteCollection.php on line 1026.
 1 SYSTEMPATH/Router/RouteCollection.php(1026): trigger_error('Passing lowercase HTTP method "post" is deprecated. Use uppercase HTTP method like "POST".', 16384)
 2 ROOTPATH/Modules/Templates/Config/Routes.php(7): CodeIgniter\Router\RouteCollection->match([...], '/', 'Templates::index')
 3 SYSTEMPATH/Router/RouteCollection.php(799): CodeIgniter\Router\RouteCollection::{closure}(Object(CodeIgniter\Router\RouteCollection))
 4 ROOTPATH/Modules/Templates/Config/Routes.php(4): CodeIgniter\Router\RouteCollection->group('', [...], Object(Closure))
 5 SYSTEMPATH/Router/RouteCollection.php(372): include('/Users/alanmartin/Sites/localhost/hmvc-master/Ci4/Modules/Templates/Config/Routes.php')
 6 SYSTEMPATH/Router/RouteCollection.php(342): CodeIgniter\Router\RouteCollection->discoverRoutes()
 7 SYSTEMPATH/CodeIgniter.php(821): CodeIgniter\Router\RouteCollection->loadRoutes()
 8 SYSTEMPATH/CodeIgniter.php(455): CodeIgniter\CodeIgniter->tryToRouteIt(null)
 9 SYSTEMPATH/CodeIgniter.php(354): CodeIgniter\CodeIgniter->handleRequest(null, Object(Config\Cache), false)
10 SYSTEMPATH/Boot.php(334): CodeIgniter\CodeIgniter->run()
11 SYSTEMPATH/Boot.php(67): CodeIgniter\Boot::runCodeIgniter(Object(CodeIgniter\CodeIgniter))
12 FCPATH/index.php(56): CodeIgniter\Boot::bootWeb(Object(Config\Paths))
DEBUG - 2025-02-07 17:15:09 --> Session: Class initialized using 'CodeIgniter\Session\Handlers\FileHandler' driver.
DEBUG - 2025-02-07 17:15:10 --> Session: Class initialized using 'CodeIgniter\Session\Handlers\FileHandler' driver.
WARNING - 2025-02-07 17:17:15 --> [DEPRECATED] Passing lowercase HTTP method "get" is deprecated. Use uppercase HTTP method like "GET". in SYSTEMPATH/Router/RouteCollection.php on line 1026.
 1 SYSTEMPATH/Router/RouteCollection.php(1026): trigger_error('Passing lowercase HTTP method "get" is deprecated. Use uppercase HTTP method like "GET".', 16384)
 2 ROOTPATH/Modules/Templates/Config/Routes.php(7): CodeIgniter\Router\RouteCollection->match([...], '/', 'Templates::index')
 3 SYSTEMPATH/Router/RouteCollection.php(799): CodeIgniter\Router\RouteCollection::{closure}(Object(CodeIgniter\Router\RouteCollection))
 4 ROOTPATH/Modules/Templates/Config/Routes.php(4): CodeIgniter\Router\RouteCollection->group('', [...], Object(Closure))
 5 SYSTEMPATH/Router/RouteCollection.php(372): include('/Users/alanmartin/Sites/localhost/hmvc-master/Ci4/Modules/Templates/Config/Routes.php')
 6 SYSTEMPATH/Router/RouteCollection.php(342): CodeIgniter\Router\RouteCollection->discoverRoutes()
 7 SYSTEMPATH/CodeIgniter.php(821): CodeIgniter\Router\RouteCollection->loadRoutes()
 8 SYSTEMPATH/CodeIgniter.php(455): CodeIgniter\CodeIgniter->tryToRouteIt(null)
 9 SYSTEMPATH/CodeIgniter.php(354): CodeIgniter\CodeIgniter->handleRequest(null, Object(Config\Cache), false)
10 SYSTEMPATH/Boot.php(334): CodeIgniter\CodeIgniter->run()
11 SYSTEMPATH/Boot.php(67): CodeIgniter\Boot::runCodeIgniter(Object(CodeIgniter\CodeIgniter))
12 FCPATH/index.php(56): CodeIgniter\Boot::bootWeb(Object(Config\Paths))
WARNING - 2025-02-07 17:17:15 --> [DEPRECATED] Passing lowercase HTTP method "post" is deprecated. Use uppercase HTTP method like "POST". in SYSTEMPATH/Router/RouteCollection.php on line 1026.
 1 SYSTEMPATH/Router/RouteCollection.php(1026): trigger_error('Passing lowercase HTTP method "post" is deprecated. Use uppercase HTTP method like "POST".', 16384)
 2 ROOTPATH/Modules/Templates/Config/Routes.php(7): CodeIgniter\Router\RouteCollection->match([...], '/', 'Templates::index')
 3 SYSTEMPATH/Router/RouteCollection.php(799): CodeIgniter\Router\RouteCollection::{closure}(Object(CodeIgniter\Router\RouteCollection))
 4 ROOTPATH/Modules/Templates/Config/Routes.php(4): CodeIgniter\Router\RouteCollection->group('', [...], Object(Closure))
 5 SYSTEMPATH/Router/RouteCollection.php(372): include('/Users/alanmartin/Sites/localhost/hmvc-master/Ci4/Modules/Templates/Config/Routes.php')
 6 SYSTEMPATH/Router/RouteCollection.php(342): CodeIgniter\Router\RouteCollection->discoverRoutes()
 7 SYSTEMPATH/CodeIgniter.php(821): CodeIgniter\Router\RouteCollection->loadRoutes()
 8 SYSTEMPATH/CodeIgniter.php(455): CodeIgniter\CodeIgniter->tryToRouteIt(null)
 9 SYSTEMPATH/CodeIgniter.php(354): CodeIgniter\CodeIgniter->handleRequest(null, Object(Config\Cache), false)
10 SYSTEMPATH/Boot.php(334): CodeIgniter\CodeIgniter->run()
11 SYSTEMPATH/Boot.php(67): CodeIgniter\Boot::runCodeIgniter(Object(CodeIgniter\CodeIgniter))
12 FCPATH/index.php(56): CodeIgniter\Boot::bootWeb(Object(Config\Paths))
DEBUG - 2025-02-07 17:17:15 --> Session: Class initialized using 'CodeIgniter\Session\Handlers\FileHandler' driver.
DEBUG - 2025-02-07 17:17:15 --> Session: Class initialized using 'CodeIgniter\Session\Handlers\FileHandler' driver.
WARNING - 2025-02-07 17:17:26 --> [DEPRECATED] Passing lowercase HTTP method "get" is deprecated. Use uppercase HTTP method like "GET". in SYSTEMPATH/Router/RouteCollection.php on line 1026.
 1 SYSTEMPATH/Router/RouteCollection.php(1026): trigger_error('Passing lowercase HTTP method "get" is deprecated. Use uppercase HTTP method like "GET".', 16384)
 2 ROOTPATH/Modules/Templates/Config/Routes.php(7): CodeIgniter\Router\RouteCollection->match([...], '/', 'Templates::index')
 3 SYSTEMPATH/Router/RouteCollection.php(799): CodeIgniter\Router\RouteCollection::{closure}(Object(CodeIgniter\Router\RouteCollection))
 4 ROOTPATH/Modules/Templates/Config/Routes.php(4): CodeIgniter\Router\RouteCollection->group('', [...], Object(Closure))
 5 SYSTEMPATH/Router/RouteCollection.php(372): include('/Users/alanmartin/Sites/localhost/hmvc-master/Ci4/Modules/Templates/Config/Routes.php')
 6 SYSTEMPATH/Router/RouteCollection.php(342): CodeIgniter\Router\RouteCollection->discoverRoutes()
 7 SYSTEMPATH/CodeIgniter.php(821): CodeIgniter\Router\RouteCollection->loadRoutes()
 8 SYSTEMPATH/CodeIgniter.php(455): CodeIgniter\CodeIgniter->tryToRouteIt(null)
 9 SYSTEMPATH/CodeIgniter.php(354): CodeIgniter\CodeIgniter->handleRequest(null, Object(Config\Cache), false)
10 SYSTEMPATH/Boot.php(334): CodeIgniter\CodeIgniter->run()
11 SYSTEMPATH/Boot.php(67): CodeIgniter\Boot::runCodeIgniter(Object(CodeIgniter\CodeIgniter))
12 FCPATH/index.php(56): CodeIgniter\Boot::bootWeb(Object(Config\Paths))
WARNING - 2025-02-07 17:17:26 --> [DEPRECATED] Passing lowercase HTTP method "post" is deprecated. Use uppercase HTTP method like "POST". in SYSTEMPATH/Router/RouteCollection.php on line 1026.
 1 SYSTEMPATH/Router/RouteCollection.php(1026): trigger_error('Passing lowercase HTTP method "post" is deprecated. Use uppercase HTTP method like "POST".', 16384)
 2 ROOTPATH/Modules/Templates/Config/Routes.php(7): CodeIgniter\Router\RouteCollection->match([...], '/', 'Templates::index')
 3 SYSTEMPATH/Router/RouteCollection.php(799): CodeIgniter\Router\RouteCollection::{closure}(Object(CodeIgniter\Router\RouteCollection))
 4 ROOTPATH/Modules/Templates/Config/Routes.php(4): CodeIgniter\Router\RouteCollection->group('', [...], Object(Closure))
 5 SYSTEMPATH/Router/RouteCollection.php(372): include('/Users/alanmartin/Sites/localhost/hmvc-master/Ci4/Modules/Templates/Config/Routes.php')
 6 SYSTEMPATH/Router/RouteCollection.php(342): CodeIgniter\Router\RouteCollection->discoverRoutes()
 7 SYSTEMPATH/CodeIgniter.php(821): CodeIgniter\Router\RouteCollection->loadRoutes()
 8 SYSTEMPATH/CodeIgniter.php(455): CodeIgniter\CodeIgniter->tryToRouteIt(null)
 9 SYSTEMPATH/CodeIgniter.php(354): CodeIgniter\CodeIgniter->handleRequest(null, Object(Config\Cache), false)
10 SYSTEMPATH/Boot.php(334): CodeIgniter\CodeIgniter->run()
11 SYSTEMPATH/Boot.php(67): CodeIgniter\Boot::runCodeIgniter(Object(CodeIgniter\CodeIgniter))
12 FCPATH/index.php(56): CodeIgniter\Boot::bootWeb(Object(Config\Paths))
DEBUG - 2025-02-07 17:17:26 --> Session: Class initialized using 'CodeIgniter\Session\Handlers\FileHandler' driver.
WARNING - 2025-02-07 17:17:26 --> [DEPRECATED] Passing lowercase HTTP method "get" is deprecated. Use uppercase HTTP method like "GET". in SYSTEMPATH/Router/RouteCollection.php on line 1026.
 1 SYSTEMPATH/Router/RouteCollection.php(1026): trigger_error('Passing lowercase HTTP method "get" is deprecated. Use uppercase HTTP method like "GET".', 16384)
 2 ROOTPATH/Modules/Templates/Config/Routes.php(7): CodeIgniter\Router\RouteCollection->match([...], '/', 'Templates::index')
 3 SYSTEMPATH/Router/RouteCollection.php(799): CodeIgniter\Router\RouteCollection::{closure}(Object(CodeIgniter\Router\RouteCollection))
 4 ROOTPATH/Modules/Templates/Config/Routes.php(4): CodeIgniter\Router\RouteCollection->group('', [...], Object(Closure))
 5 SYSTEMPATH/Router/RouteCollection.php(372): include('/Users/alanmartin/Sites/localhost/hmvc-master/Ci4/Modules/Templates/Config/Routes.php')
 6 SYSTEMPATH/Router/RouteCollection.php(342): CodeIgniter\Router\RouteCollection->discoverRoutes()
 7 SYSTEMPATH/CodeIgniter.php(821): CodeIgniter\Router\RouteCollection->loadRoutes()
 8 SYSTEMPATH/CodeIgniter.php(455): CodeIgniter\CodeIgniter->tryToRouteIt(null)
 9 SYSTEMPATH/CodeIgniter.php(354): CodeIgniter\CodeIgniter->handleRequest(null, Object(Config\Cache), false)
10 SYSTEMPATH/Boot.php(334): CodeIgniter\CodeIgniter->run()
11 SYSTEMPATH/Boot.php(67): CodeIgniter\Boot::runCodeIgniter(Object(CodeIgniter\CodeIgniter))
12 FCPATH/index.php(56): CodeIgniter\Boot::bootWeb(Object(Config\Paths))
WARNING - 2025-02-07 17:17:26 --> [DEPRECATED] Passing lowercase HTTP method "post" is deprecated. Use uppercase HTTP method like "POST". in SYSTEMPATH/Router/RouteCollection.php on line 1026.
 1 SYSTEMPATH/Router/RouteCollection.php(1026): trigger_error('Passing lowercase HTTP method "post" is deprecated. Use uppercase HTTP method like "POST".', 16384)
 2 ROOTPATH/Modules/Templates/Config/Routes.php(7): CodeIgniter\Router\RouteCollection->match([...], '/', 'Templates::index')
 3 SYSTEMPATH/Router/RouteCollection.php(799): CodeIgniter\Router\RouteCollection::{closure}(Object(CodeIgniter\Router\RouteCollection))
 4 ROOTPATH/Modules/Templates/Config/Routes.php(4): CodeIgniter\Router\RouteCollection->group('', [...], Object(Closure))
 5 SYSTEMPATH/Router/RouteCollection.php(372): include('/Users/alanmartin/Sites/localhost/hmvc-master/Ci4/Modules/Templates/Config/Routes.php')
 6 SYSTEMPATH/Router/RouteCollection.php(342): CodeIgniter\Router\RouteCollection->discoverRoutes()
 7 SYSTEMPATH/CodeIgniter.php(821): CodeIgniter\Router\RouteCollection->loadRoutes()
 8 SYSTEMPATH/CodeIgniter.php(455): CodeIgniter\CodeIgniter->tryToRouteIt(null)
 9 SYSTEMPATH/CodeIgniter.php(354): CodeIgniter\CodeIgniter->handleRequest(null, Object(Config\Cache), false)
10 SYSTEMPATH/Boot.php(334): CodeIgniter\CodeIgniter->run()
11 SYSTEMPATH/Boot.php(67): CodeIgniter\Boot::runCodeIgniter(Object(CodeIgniter\CodeIgniter))
12 FCPATH/index.php(56): CodeIgniter\Boot::bootWeb(Object(Config\Paths))
DEBUG - 2025-02-07 17:17:26 --> Session: Class initialized using 'CodeIgniter\Session\Handlers\FileHandler' driver.
DEBUG - 2025-02-07 17:17:26 --> Session: Class initialized using 'CodeIgniter\Session\Handlers\FileHandler' driver.
WARNING - 2025-02-07 17:17:32 --> [DEPRECATED] Passing lowercase HTTP method "get" is deprecated. Use uppercase HTTP method like "GET". in SYSTEMPATH/Router/RouteCollection.php on line 1026.
 1 SYSTEMPATH/Router/RouteCollection.php(1026): trigger_error('Passing lowercase HTTP method "get" is deprecated. Use uppercase HTTP method like "GET".', 16384)
 2 ROOTPATH/Modules/Templates/Config/Routes.php(7): CodeIgniter\Router\RouteCollection->match([...], '/', 'Templates::index')
 3 SYSTEMPATH/Router/RouteCollection.php(799): CodeIgniter\Router\RouteCollection::{closure}(Object(CodeIgniter\Router\RouteCollection))
 4 ROOTPATH/Modules/Templates/Config/Routes.php(4): CodeIgniter\Router\RouteCollection->group('', [...], Object(Closure))
 5 SYSTEMPATH/Router/RouteCollection.php(372): include('/Users/alanmartin/Sites/localhost/hmvc-master/Ci4/Modules/Templates/Config/Routes.php')
 6 SYSTEMPATH/Router/RouteCollection.php(342): CodeIgniter\Router\RouteCollection->discoverRoutes()
 7 SYSTEMPATH/CodeIgniter.php(821): CodeIgniter\Router\RouteCollection->loadRoutes()
 8 SYSTEMPATH/CodeIgniter.php(455): CodeIgniter\CodeIgniter->tryToRouteIt(null)
 9 SYSTEMPATH/CodeIgniter.php(354): CodeIgniter\CodeIgniter->handleRequest(null, Object(Config\Cache), false)
10 SYSTEMPATH/Boot.php(334): CodeIgniter\CodeIgniter->run()
11 SYSTEMPATH/Boot.php(67): CodeIgniter\Boot::runCodeIgniter(Object(CodeIgniter\CodeIgniter))
12 FCPATH/index.php(56): CodeIgniter\Boot::bootWeb(Object(Config\Paths))
WARNING - 2025-02-07 17:17:32 --> [DEPRECATED] Passing lowercase HTTP method "post" is deprecated. Use uppercase HTTP method like "POST". in SYSTEMPATH/Router/RouteCollection.php on line 1026.
 1 SYSTEMPATH/Router/RouteCollection.php(1026): trigger_error('Passing lowercase HTTP method "post" is deprecated. Use uppercase HTTP method like "POST".', 16384)
 2 ROOTPATH/Modules/Templates/Config/Routes.php(7): CodeIgniter\Router\RouteCollection->match([...], '/', 'Templates::index')
 3 SYSTEMPATH/Router/RouteCollection.php(799): CodeIgniter\Router\RouteCollection::{closure}(Object(CodeIgniter\Router\RouteCollection))
 4 ROOTPATH/Modules/Templates/Config/Routes.php(4): CodeIgniter\Router\RouteCollection->group('', [...], Object(Closure))
 5 SYSTEMPATH/Router/RouteCollection.php(372): include('/Users/alanmartin/Sites/localhost/hmvc-master/Ci4/Modules/Templates/Config/Routes.php')
 6 SYSTEMPATH/Router/RouteCollection.php(342): CodeIgniter\Router\RouteCollection->discoverRoutes()
 7 SYSTEMPATH/CodeIgniter.php(821): CodeIgniter\Router\RouteCollection->loadRoutes()
 8 SYSTEMPATH/CodeIgniter.php(455): CodeIgniter\CodeIgniter->tryToRouteIt(null)
 9 SYSTEMPATH/CodeIgniter.php(354): CodeIgniter\CodeIgniter->handleRequest(null, Object(Config\Cache), false)
10 SYSTEMPATH/Boot.php(334): CodeIgniter\CodeIgniter->run()
11 SYSTEMPATH/Boot.php(67): CodeIgniter\Boot::runCodeIgniter(Object(CodeIgniter\CodeIgniter))
12 FCPATH/index.php(56): CodeIgniter\Boot::bootWeb(Object(Config\Paths))
DEBUG - 2025-02-07 17:17:32 --> Session: Class initialized using 'CodeIgniter\Session\Handlers\FileHandler' driver.
WARNING - 2025-02-07 17:17:32 --> [DEPRECATED] Passing lowercase HTTP method "get" is deprecated. Use uppercase HTTP method like "GET". in SYSTEMPATH/Router/RouteCollection.php on line 1026.
 1 SYSTEMPATH/Router/RouteCollection.php(1026): trigger_error('Passing lowercase HTTP method "get" is deprecated. Use uppercase HTTP method like "GET".', 16384)
 2 ROOTPATH/Modules/Templates/Config/Routes.php(7): CodeIgniter\Router\RouteCollection->match([...], '/', 'Templates::index')
 3 SYSTEMPATH/Router/RouteCollection.php(799): CodeIgniter\Router\RouteCollection::{closure}(Object(CodeIgniter\Router\RouteCollection))
 4 ROOTPATH/Modules/Templates/Config/Routes.php(4): CodeIgniter\Router\RouteCollection->group('', [...], Object(Closure))
 5 SYSTEMPATH/Router/RouteCollection.php(372): include('/Users/alanmartin/Sites/localhost/hmvc-master/Ci4/Modules/Templates/Config/Routes.php')
 6 SYSTEMPATH/Router/RouteCollection.php(342): CodeIgniter\Router\RouteCollection->discoverRoutes()
 7 SYSTEMPATH/CodeIgniter.php(821): CodeIgniter\Router\RouteCollection->loadRoutes()
 8 SYSTEMPATH/CodeIgniter.php(455): CodeIgniter\CodeIgniter->tryToRouteIt(null)
 9 SYSTEMPATH/CodeIgniter.php(354): CodeIgniter\CodeIgniter->handleRequest(null, Object(Config\Cache), false)
10 SYSTEMPATH/Boot.php(334): CodeIgniter\CodeIgniter->run()
11 SYSTEMPATH/Boot.php(67): CodeIgniter\Boot::runCodeIgniter(Object(CodeIgniter\CodeIgniter))
12 FCPATH/index.php(56): CodeIgniter\Boot::bootWeb(Object(Config\Paths))
WARNING - 2025-02-07 17:17:32 --> [DEPRECATED] Passing lowercase HTTP method "post" is deprecated. Use uppercase HTTP method like "POST". in SYSTEMPATH/Router/RouteCollection.php on line 1026.
 1 SYSTEMPATH/Router/RouteCollection.php(1026): trigger_error('Passing lowercase HTTP method "post" is deprecated. Use uppercase HTTP method like "POST".', 16384)
 2 ROOTPATH/Modules/Templates/Config/Routes.php(7): CodeIgniter\Router\RouteCollection->match([...], '/', 'Templates::index')
 3 SYSTEMPATH/Router/RouteCollection.php(799): CodeIgniter\Router\RouteCollection::{closure}(Object(CodeIgniter\Router\RouteCollection))
 4 ROOTPATH/Modules/Templates/Config/Routes.php(4): CodeIgniter\Router\RouteCollection->group('', [...], Object(Closure))
 5 SYSTEMPATH/Router/RouteCollection.php(372): include('/Users/alanmartin/Sites/localhost/hmvc-master/Ci4/Modules/Templates/Config/Routes.php')
 6 SYSTEMPATH/Router/RouteCollection.php(342): CodeIgniter\Router\RouteCollection->discoverRoutes()
 7 SYSTEMPATH/CodeIgniter.php(821): CodeIgniter\Router\RouteCollection->loadRoutes()
 8 SYSTEMPATH/CodeIgniter.php(455): CodeIgniter\CodeIgniter->tryToRouteIt(null)
 9 SYSTEMPATH/CodeIgniter.php(354): CodeIgniter\CodeIgniter->handleRequest(null, Object(Config\Cache), false)
10 SYSTEMPATH/Boot.php(334): CodeIgniter\CodeIgniter->run()
11 SYSTEMPATH/Boot.php(67): CodeIgniter\Boot::runCodeIgniter(Object(CodeIgniter\CodeIgniter))
12 FCPATH/index.php(56): CodeIgniter\Boot::bootWeb(Object(Config\Paths))
DEBUG - 2025-02-07 17:17:32 --> Session: Class initialized using 'CodeIgniter\Session\Handlers\FileHandler' driver.
DEBUG - 2025-02-07 17:17:32 --> Session: Class initialized using 'CodeIgniter\Session\Handlers\FileHandler' driver.
WARNING - 2025-02-07 17:17:36 --> [DEPRECATED] Passing lowercase HTTP method "get" is deprecated. Use uppercase HTTP method like "GET". in SYSTEMPATH/Router/RouteCollection.php on line 1026.
 1 SYSTEMPATH/Router/RouteCollection.php(1026): trigger_error('Passing lowercase HTTP method "get" is deprecated. Use uppercase HTTP method like "GET".', 16384)
 2 ROOTPATH/Modules/Templates/Config/Routes.php(7): CodeIgniter\Router\RouteCollection->match([...], '/', 'Templates::index')
 3 SYSTEMPATH/Router/RouteCollection.php(799): CodeIgniter\Router\RouteCollection::{closure}(Object(CodeIgniter\Router\RouteCollection))
 4 ROOTPATH/Modules/Templates/Config/Routes.php(4): CodeIgniter\Router\RouteCollection->group('', [...], Object(Closure))
 5 SYSTEMPATH/Router/RouteCollection.php(372): include('/Users/alanmartin/Sites/localhost/hmvc-master/Ci4/Modules/Templates/Config/Routes.php')
 6 SYSTEMPATH/Router/RouteCollection.php(342): CodeIgniter\Router\RouteCollection->discoverRoutes()
 7 SYSTEMPATH/CodeIgniter.php(821): CodeIgniter\Router\RouteCollection->loadRoutes()
 8 SYSTEMPATH/CodeIgniter.php(455): CodeIgniter\CodeIgniter->tryToRouteIt(null)
 9 SYSTEMPATH/CodeIgniter.php(354): CodeIgniter\CodeIgniter->handleRequest(null, Object(Config\Cache), false)
10 SYSTEMPATH/Boot.php(334): CodeIgniter\CodeIgniter->run()
11 SYSTEMPATH/Boot.php(67): CodeIgniter\Boot::runCodeIgniter(Object(CodeIgniter\CodeIgniter))
12 FCPATH/index.php(56): CodeIgniter\Boot::bootWeb(Object(Config\Paths))
WARNING - 2025-02-07 17:17:36 --> [DEPRECATED] Passing lowercase HTTP method "post" is deprecated. Use uppercase HTTP method like "POST". in SYSTEMPATH/Router/RouteCollection.php on line 1026.
 1 SYSTEMPATH/Router/RouteCollection.php(1026): trigger_error('Passing lowercase HTTP method "post" is deprecated. Use uppercase HTTP method like "POST".', 16384)
 2 ROOTPATH/Modules/Templates/Config/Routes.php(7): CodeIgniter\Router\RouteCollection->match([...], '/', 'Templates::index')
 3 SYSTEMPATH/Router/RouteCollection.php(799): CodeIgniter\Router\RouteCollection::{closure}(Object(CodeIgniter\Router\RouteCollection))
 4 ROOTPATH/Modules/Templates/Config/Routes.php(4): CodeIgniter\Router\RouteCollection->group('', [...], Object(Closure))
 5 SYSTEMPATH/Router/RouteCollection.php(372): include('/Users/alanmartin/Sites/localhost/hmvc-master/Ci4/Modules/Templates/Config/Routes.php')
 6 SYSTEMPATH/Router/RouteCollection.php(342): CodeIgniter\Router\RouteCollection->discoverRoutes()
 7 SYSTEMPATH/CodeIgniter.php(821): CodeIgniter\Router\RouteCollection->loadRoutes()
 8 SYSTEMPATH/CodeIgniter.php(455): CodeIgniter\CodeIgniter->tryToRouteIt(null)
 9 SYSTEMPATH/CodeIgniter.php(354): CodeIgniter\CodeIgniter->handleRequest(null, Object(Config\Cache), false)
10 SYSTEMPATH/Boot.php(334): CodeIgniter\CodeIgniter->run()
11 SYSTEMPATH/Boot.php(67): CodeIgniter\Boot::runCodeIgniter(Object(CodeIgniter\CodeIgniter))
12 FCPATH/index.php(56): CodeIgniter\Boot::bootWeb(Object(Config\Paths))
DEBUG - 2025-02-07 17:17:36 --> Session: Class initialized using 'CodeIgniter\Session\Handlers\FileHandler' driver.
WARNING - 2025-02-07 17:17:36 --> [DEPRECATED] Passing lowercase HTTP method "get" is deprecated. Use uppercase HTTP method like "GET". in SYSTEMPATH/Router/RouteCollection.php on line 1026.
 1 SYSTEMPATH/Router/RouteCollection.php(1026): trigger_error('Passing lowercase HTTP method "get" is deprecated. Use uppercase HTTP method like "GET".', 16384)
 2 ROOTPATH/Modules/Templates/Config/Routes.php(7): CodeIgniter\Router\RouteCollection->match([...], '/', 'Templates::index')
 3 SYSTEMPATH/Router/RouteCollection.php(799): CodeIgniter\Router\RouteCollection::{closure}(Object(CodeIgniter\Router\RouteCollection))
 4 ROOTPATH/Modules/Templates/Config/Routes.php(4): CodeIgniter\Router\RouteCollection->group('', [...], Object(Closure))
 5 SYSTEMPATH/Router/RouteCollection.php(372): include('/Users/alanmartin/Sites/localhost/hmvc-master/Ci4/Modules/Templates/Config/Routes.php')
 6 SYSTEMPATH/Router/RouteCollection.php(342): CodeIgniter\Router\RouteCollection->discoverRoutes()
 7 SYSTEMPATH/CodeIgniter.php(821): CodeIgniter\Router\RouteCollection->loadRoutes()
 8 SYSTEMPATH/CodeIgniter.php(455): CodeIgniter\CodeIgniter->tryToRouteIt(null)
 9 SYSTEMPATH/CodeIgniter.php(354): CodeIgniter\CodeIgniter->handleRequest(null, Object(Config\Cache), false)
10 SYSTEMPATH/Boot.php(334): CodeIgniter\CodeIgniter->run()
11 SYSTEMPATH/Boot.php(67): CodeIgniter\Boot::runCodeIgniter(Object(CodeIgniter\CodeIgniter))
12 FCPATH/index.php(56): CodeIgniter\Boot::bootWeb(Object(Config\Paths))
WARNING - 2025-02-07 17:17:36 --> [DEPRECATED] Passing lowercase HTTP method "post" is deprecated. Use uppercase HTTP method like "POST". in SYSTEMPATH/Router/RouteCollection.php on line 1026.
 1 SYSTEMPATH/Router/RouteCollection.php(1026): trigger_error('Passing lowercase HTTP method "post" is deprecated. Use uppercase HTTP method like "POST".', 16384)
 2 ROOTPATH/Modules/Templates/Config/Routes.php(7): CodeIgniter\Router\RouteCollection->match([...], '/', 'Templates::index')
 3 SYSTEMPATH/Router/RouteCollection.php(799): CodeIgniter\Router\RouteCollection::{closure}(Object(CodeIgniter\Router\RouteCollection))
 4 ROOTPATH/Modules/Templates/Config/Routes.php(4): CodeIgniter\Router\RouteCollection->group('', [...], Object(Closure))
 5 SYSTEMPATH/Router/RouteCollection.php(372): include('/Users/alanmartin/Sites/localhost/hmvc-master/Ci4/Modules/Templates/Config/Routes.php')
 6 SYSTEMPATH/Router/RouteCollection.php(342): CodeIgniter\Router\RouteCollection->discoverRoutes()
 7 SYSTEMPATH/CodeIgniter.php(821): CodeIgniter\Router\RouteCollection->loadRoutes()
 8 SYSTEMPATH/CodeIgniter.php(455): CodeIgniter\CodeIgniter->tryToRouteIt(null)
 9 SYSTEMPATH/CodeIgniter.php(354): CodeIgniter\CodeIgniter->handleRequest(null, Object(Config\Cache), false)
10 SYSTEMPATH/Boot.php(334): CodeIgniter\CodeIgniter->run()
11 SYSTEMPATH/Boot.php(67): CodeIgniter\Boot::runCodeIgniter(Object(CodeIgniter\CodeIgniter))
12 FCPATH/index.php(56): CodeIgniter\Boot::bootWeb(Object(Config\Paths))
DEBUG - 2025-02-07 17:17:36 --> Session: Class initialized using 'CodeIgniter\Session\Handlers\FileHandler' driver.
DEBUG - 2025-02-07 17:17:36 --> Session: Class initialized using 'CodeIgniter\Session\Handlers\FileHandler' driver.
WARNING - 2025-02-07 17:18:28 --> [DEPRECATED] Passing lowercase HTTP method "get" is deprecated. Use uppercase HTTP method like "GET". in SYSTEMPATH/Router/RouteCollection.php on line 1026.
 1 SYSTEMPATH/Router/RouteCollection.php(1026): trigger_error('Passing lowercase HTTP method "get" is deprecated. Use uppercase HTTP method like "GET".', 16384)
 2 ROOTPATH/Modules/Templates/Config/Routes.php(7): CodeIgniter\Router\RouteCollection->match([...], '/', 'Templates::index')
 3 SYSTEMPATH/Router/RouteCollection.php(799): CodeIgniter\Router\RouteCollection::{closure}(Object(CodeIgniter\Router\RouteCollection))
 4 ROOTPATH/Modules/Templates/Config/Routes.php(4): CodeIgniter\Router\RouteCollection->group('', [...], Object(Closure))
 5 SYSTEMPATH/Router/RouteCollection.php(372): include('/Users/alanmartin/Sites/localhost/hmvc-master/Ci4/Modules/Templates/Config/Routes.php')
 6 SYSTEMPATH/Router/RouteCollection.php(342): CodeIgniter\Router\RouteCollection->discoverRoutes()
 7 SYSTEMPATH/CodeIgniter.php(821): CodeIgniter\Router\RouteCollection->loadRoutes()
 8 SYSTEMPATH/CodeIgniter.php(455): CodeIgniter\CodeIgniter->tryToRouteIt(null)
 9 SYSTEMPATH/CodeIgniter.php(354): CodeIgniter\CodeIgniter->handleRequest(null, Object(Config\Cache), false)
10 SYSTEMPATH/Boot.php(334): CodeIgniter\CodeIgniter->run()
11 SYSTEMPATH/Boot.php(67): CodeIgniter\Boot::runCodeIgniter(Object(CodeIgniter\CodeIgniter))
12 FCPATH/index.php(56): CodeIgniter\Boot::bootWeb(Object(Config\Paths))
WARNING - 2025-02-07 17:18:28 --> [DEPRECATED] Passing lowercase HTTP method "post" is deprecated. Use uppercase HTTP method like "POST". in SYSTEMPATH/Router/RouteCollection.php on line 1026.
 1 SYSTEMPATH/Router/RouteCollection.php(1026): trigger_error('Passing lowercase HTTP method "post" is deprecated. Use uppercase HTTP method like "POST".', 16384)
 2 ROOTPATH/Modules/Templates/Config/Routes.php(7): CodeIgniter\Router\RouteCollection->match([...], '/', 'Templates::index')
 3 SYSTEMPATH/Router/RouteCollection.php(799): CodeIgniter\Router\RouteCollection::{closure}(Object(CodeIgniter\Router\RouteCollection))
 4 ROOTPATH/Modules/Templates/Config/Routes.php(4): CodeIgniter\Router\RouteCollection->group('', [...], Object(Closure))
 5 SYSTEMPATH/Router/RouteCollection.php(372): include('/Users/alanmartin/Sites/localhost/hmvc-master/Ci4/Modules/Templates/Config/Routes.php')
 6 SYSTEMPATH/Router/RouteCollection.php(342): CodeIgniter\Router\RouteCollection->discoverRoutes()
 7 SYSTEMPATH/CodeIgniter.php(821): CodeIgniter\Router\RouteCollection->loadRoutes()
 8 SYSTEMPATH/CodeIgniter.php(455): CodeIgniter\CodeIgniter->tryToRouteIt(null)
 9 SYSTEMPATH/CodeIgniter.php(354): CodeIgniter\CodeIgniter->handleRequest(null, Object(Config\Cache), false)
10 SYSTEMPATH/Boot.php(334): CodeIgniter\CodeIgniter->run()
11 SYSTEMPATH/Boot.php(67): CodeIgniter\Boot::runCodeIgniter(Object(CodeIgniter\CodeIgniter))
12 FCPATH/index.php(56): CodeIgniter\Boot::bootWeb(Object(Config\Paths))
DEBUG - 2025-02-07 17:18:28 --> Session: Class initialized using 'CodeIgniter\Session\Handlers\FileHandler' driver.
DEBUG - 2025-02-07 17:18:28 --> Session: Class initialized using 'CodeIgniter\Session\Handlers\FileHandler' driver.
WARNING - 2025-02-07 17:18:35 --> [DEPRECATED] Passing lowercase HTTP method "get" is deprecated. Use uppercase HTTP method like "GET". in SYSTEMPATH/Router/RouteCollection.php on line 1026.
 1 SYSTEMPATH/Router/RouteCollection.php(1026): trigger_error('Passing lowercase HTTP method "get" is deprecated. Use uppercase HTTP method like "GET".', 16384)
 2 ROOTPATH/Modules/Templates/Config/Routes.php(7): CodeIgniter\Router\RouteCollection->match([...], '/', 'Templates::index')
 3 SYSTEMPATH/Router/RouteCollection.php(799): CodeIgniter\Router\RouteCollection::{closure}(Object(CodeIgniter\Router\RouteCollection))
 4 ROOTPATH/Modules/Templates/Config/Routes.php(4): CodeIgniter\Router\RouteCollection->group('', [...], Object(Closure))
 5 SYSTEMPATH/Router/RouteCollection.php(372): include('/Users/alanmartin/Sites/localhost/hmvc-master/Ci4/Modules/Templates/Config/Routes.php')
 6 SYSTEMPATH/Router/RouteCollection.php(342): CodeIgniter\Router\RouteCollection->discoverRoutes()
 7 SYSTEMPATH/CodeIgniter.php(821): CodeIgniter\Router\RouteCollection->loadRoutes()
 8 SYSTEMPATH/CodeIgniter.php(455): CodeIgniter\CodeIgniter->tryToRouteIt(null)
 9 SYSTEMPATH/CodeIgniter.php(354): CodeIgniter\CodeIgniter->handleRequest(null, Object(Config\Cache), false)
10 SYSTEMPATH/Boot.php(334): CodeIgniter\CodeIgniter->run()
11 SYSTEMPATH/Boot.php(67): CodeIgniter\Boot::runCodeIgniter(Object(CodeIgniter\CodeIgniter))
12 FCPATH/index.php(56): CodeIgniter\Boot::bootWeb(Object(Config\Paths))
WARNING - 2025-02-07 17:18:35 --> [DEPRECATED] Passing lowercase HTTP method "post" is deprecated. Use uppercase HTTP method like "POST". in SYSTEMPATH/Router/RouteCollection.php on line 1026.
 1 SYSTEMPATH/Router/RouteCollection.php(1026): trigger_error('Passing lowercase HTTP method "post" is deprecated. Use uppercase HTTP method like "POST".', 16384)
 2 ROOTPATH/Modules/Templates/Config/Routes.php(7): CodeIgniter\Router\RouteCollection->match([...], '/', 'Templates::index')
 3 SYSTEMPATH/Router/RouteCollection.php(799): CodeIgniter\Router\RouteCollection::{closure}(Object(CodeIgniter\Router\RouteCollection))
 4 ROOTPATH/Modules/Templates/Config/Routes.php(4): CodeIgniter\Router\RouteCollection->group('', [...], Object(Closure))
 5 SYSTEMPATH/Router/RouteCollection.php(372): include('/Users/alanmartin/Sites/localhost/hmvc-master/Ci4/Modules/Templates/Config/Routes.php')
 6 SYSTEMPATH/Router/RouteCollection.php(342): CodeIgniter\Router\RouteCollection->discoverRoutes()
 7 SYSTEMPATH/CodeIgniter.php(821): CodeIgniter\Router\RouteCollection->loadRoutes()
 8 SYSTEMPATH/CodeIgniter.php(455): CodeIgniter\CodeIgniter->tryToRouteIt(null)
 9 SYSTEMPATH/CodeIgniter.php(354): CodeIgniter\CodeIgniter->handleRequest(null, Object(Config\Cache), false)
10 SYSTEMPATH/Boot.php(334): CodeIgniter\CodeIgniter->run()
11 SYSTEMPATH/Boot.php(67): CodeIgniter\Boot::runCodeIgniter(Object(CodeIgniter\CodeIgniter))
12 FCPATH/index.php(56): CodeIgniter\Boot::bootWeb(Object(Config\Paths))
DEBUG - 2025-02-07 17:18:35 --> Session: Class initialized using 'CodeIgniter\Session\Handlers\FileHandler' driver.
WARNING - 2025-02-07 17:18:36 --> [DEPRECATED] Passing lowercase HTTP method "get" is deprecated. Use uppercase HTTP method like "GET". in SYSTEMPATH/Router/RouteCollection.php on line 1026.
 1 SYSTEMPATH/Router/RouteCollection.php(1026): trigger_error('Passing lowercase HTTP method "get" is deprecated. Use uppercase HTTP method like "GET".', 16384)
 2 ROOTPATH/Modules/Templates/Config/Routes.php(7): CodeIgniter\Router\RouteCollection->match([...], '/', 'Templates::index')
 3 SYSTEMPATH/Router/RouteCollection.php(799): CodeIgniter\Router\RouteCollection::{closure}(Object(CodeIgniter\Router\RouteCollection))
 4 ROOTPATH/Modules/Templates/Config/Routes.php(4): CodeIgniter\Router\RouteCollection->group('', [...], Object(Closure))
 5 SYSTEMPATH/Router/RouteCollection.php(372): include('/Users/alanmartin/Sites/localhost/hmvc-master/Ci4/Modules/Templates/Config/Routes.php')
 6 SYSTEMPATH/Router/RouteCollection.php(342): CodeIgniter\Router\RouteCollection->discoverRoutes()
 7 SYSTEMPATH/CodeIgniter.php(821): CodeIgniter\Router\RouteCollection->loadRoutes()
 8 SYSTEMPATH/CodeIgniter.php(455): CodeIgniter\CodeIgniter->tryToRouteIt(null)
 9 SYSTEMPATH/CodeIgniter.php(354): CodeIgniter\CodeIgniter->handleRequest(null, Object(Config\Cache), false)
10 SYSTEMPATH/Boot.php(334): CodeIgniter\CodeIgniter->run()
11 SYSTEMPATH/Boot.php(67): CodeIgniter\Boot::runCodeIgniter(Object(CodeIgniter\CodeIgniter))
12 FCPATH/index.php(56): CodeIgniter\Boot::bootWeb(Object(Config\Paths))
WARNING - 2025-02-07 17:18:36 --> [DEPRECATED] Passing lowercase HTTP method "post" is deprecated. Use uppercase HTTP method like "POST". in SYSTEMPATH/Router/RouteCollection.php on line 1026.
 1 SYSTEMPATH/Router/RouteCollection.php(1026): trigger_error('Passing lowercase HTTP method "post" is deprecated. Use uppercase HTTP method like "POST".', 16384)
 2 ROOTPATH/Modules/Templates/Config/Routes.php(7): CodeIgniter\Router\RouteCollection->match([...], '/', 'Templates::index')
 3 SYSTEMPATH/Router/RouteCollection.php(799): CodeIgniter\Router\RouteCollection::{closure}(Object(CodeIgniter\Router\RouteCollection))
 4 ROOTPATH/Modules/Templates/Config/Routes.php(4): CodeIgniter\Router\RouteCollection->group('', [...], Object(Closure))
 5 SYSTEMPATH/Router/RouteCollection.php(372): include('/Users/alanmartin/Sites/localhost/hmvc-master/Ci4/Modules/Templates/Config/Routes.php')
 6 SYSTEMPATH/Router/RouteCollection.php(342): CodeIgniter\Router\RouteCollection->discoverRoutes()
 7 SYSTEMPATH/CodeIgniter.php(821): CodeIgniter\Router\RouteCollection->loadRoutes()
 8 SYSTEMPATH/CodeIgniter.php(455): CodeIgniter\CodeIgniter->tryToRouteIt(null)
 9 SYSTEMPATH/CodeIgniter.php(354): CodeIgniter\CodeIgniter->handleRequest(null, Object(Config\Cache), false)
10 SYSTEMPATH/Boot.php(334): CodeIgniter\CodeIgniter->run()
11 SYSTEMPATH/Boot.php(67): CodeIgniter\Boot::runCodeIgniter(Object(CodeIgniter\CodeIgniter))
12 FCPATH/index.php(56): CodeIgniter\Boot::bootWeb(Object(Config\Paths))
DEBUG - 2025-02-07 17:18:36 --> Session: Class initialized using 'CodeIgniter\Session\Handlers\FileHandler' driver.
DEBUG - 2025-02-07 17:18:36 --> Session: Class initialized using 'CodeIgniter\Session\Handlers\FileHandler' driver.
WARNING - 2025-02-07 17:18:40 --> [DEPRECATED] Passing lowercase HTTP method "get" is deprecated. Use uppercase HTTP method like "GET". in SYSTEMPATH/Router/RouteCollection.php on line 1026.
 1 SYSTEMPATH/Router/RouteCollection.php(1026): trigger_error('Passing lowercase HTTP method "get" is deprecated. Use uppercase HTTP method like "GET".', 16384)
 2 ROOTPATH/Modules/Templates/Config/Routes.php(7): CodeIgniter\Router\RouteCollection->match([...], '/', 'Templates::index')
 3 SYSTEMPATH/Router/RouteCollection.php(799): CodeIgniter\Router\RouteCollection::{closure}(Object(CodeIgniter\Router\RouteCollection))
 4 ROOTPATH/Modules/Templates/Config/Routes.php(4): CodeIgniter\Router\RouteCollection->group('', [...], Object(Closure))
 5 SYSTEMPATH/Router/RouteCollection.php(372): include('/Users/alanmartin/Sites/localhost/hmvc-master/Ci4/Modules/Templates/Config/Routes.php')
 6 SYSTEMPATH/Router/RouteCollection.php(342): CodeIgniter\Router\RouteCollection->discoverRoutes()
 7 SYSTEMPATH/CodeIgniter.php(821): CodeIgniter\Router\RouteCollection->loadRoutes()
 8 SYSTEMPATH/CodeIgniter.php(455): CodeIgniter\CodeIgniter->tryToRouteIt(null)
 9 SYSTEMPATH/CodeIgniter.php(354): CodeIgniter\CodeIgniter->handleRequest(null, Object(Config\Cache), false)
10 SYSTEMPATH/Boot.php(334): CodeIgniter\CodeIgniter->run()
11 SYSTEMPATH/Boot.php(67): CodeIgniter\Boot::runCodeIgniter(Object(CodeIgniter\CodeIgniter))
12 FCPATH/index.php(56): CodeIgniter\Boot::bootWeb(Object(Config\Paths))
WARNING - 2025-02-07 17:18:40 --> [DEPRECATED] Passing lowercase HTTP method "post" is deprecated. Use uppercase HTTP method like "POST". in SYSTEMPATH/Router/RouteCollection.php on line 1026.
 1 SYSTEMPATH/Router/RouteCollection.php(1026): trigger_error('Passing lowercase HTTP method "post" is deprecated. Use uppercase HTTP method like "POST".', 16384)
 2 ROOTPATH/Modules/Templates/Config/Routes.php(7): CodeIgniter\Router\RouteCollection->match([...], '/', 'Templates::index')
 3 SYSTEMPATH/Router/RouteCollection.php(799): CodeIgniter\Router\RouteCollection::{closure}(Object(CodeIgniter\Router\RouteCollection))
 4 ROOTPATH/Modules/Templates/Config/Routes.php(4): CodeIgniter\Router\RouteCollection->group('', [...], Object(Closure))
 5 SYSTEMPATH/Router/RouteCollection.php(372): include('/Users/alanmartin/Sites/localhost/hmvc-master/Ci4/Modules/Templates/Config/Routes.php')
 6 SYSTEMPATH/Router/RouteCollection.php(342): CodeIgniter\Router\RouteCollection->discoverRoutes()
 7 SYSTEMPATH/CodeIgniter.php(821): CodeIgniter\Router\RouteCollection->loadRoutes()
 8 SYSTEMPATH/CodeIgniter.php(455): CodeIgniter\CodeIgniter->tryToRouteIt(null)
 9 SYSTEMPATH/CodeIgniter.php(354): CodeIgniter\CodeIgniter->handleRequest(null, Object(Config\Cache), false)
10 SYSTEMPATH/Boot.php(334): CodeIgniter\CodeIgniter->run()
11 SYSTEMPATH/Boot.php(67): CodeIgniter\Boot::runCodeIgniter(Object(CodeIgniter\CodeIgniter))
12 FCPATH/index.php(56): CodeIgniter\Boot::bootWeb(Object(Config\Paths))
DEBUG - 2025-02-07 17:18:41 --> Session: Class initialized using 'CodeIgniter\Session\Handlers\FileHandler' driver.
WARNING - 2025-02-07 17:18:41 --> [DEPRECATED] Passing lowercase HTTP method "get" is deprecated. Use uppercase HTTP method like "GET". in SYSTEMPATH/Router/RouteCollection.php on line 1026.
 1 SYSTEMPATH/Router/RouteCollection.php(1026): trigger_error('Passing lowercase HTTP method "get" is deprecated. Use uppercase HTTP method like "GET".', 16384)
 2 ROOTPATH/Modules/Templates/Config/Routes.php(7): CodeIgniter\Router\RouteCollection->match([...], '/', 'Templates::index')
 3 SYSTEMPATH/Router/RouteCollection.php(799): CodeIgniter\Router\RouteCollection::{closure}(Object(CodeIgniter\Router\RouteCollection))
 4 ROOTPATH/Modules/Templates/Config/Routes.php(4): CodeIgniter\Router\RouteCollection->group('', [...], Object(Closure))
 5 SYSTEMPATH/Router/RouteCollection.php(372): include('/Users/alanmartin/Sites/localhost/hmvc-master/Ci4/Modules/Templates/Config/Routes.php')
 6 SYSTEMPATH/Router/RouteCollection.php(342): CodeIgniter\Router\RouteCollection->discoverRoutes()
 7 SYSTEMPATH/CodeIgniter.php(821): CodeIgniter\Router\RouteCollection->loadRoutes()
 8 SYSTEMPATH/CodeIgniter.php(455): CodeIgniter\CodeIgniter->tryToRouteIt(null)
 9 SYSTEMPATH/CodeIgniter.php(354): CodeIgniter\CodeIgniter->handleRequest(null, Object(Config\Cache), false)
10 SYSTEMPATH/Boot.php(334): CodeIgniter\CodeIgniter->run()
11 SYSTEMPATH/Boot.php(67): CodeIgniter\Boot::runCodeIgniter(Object(CodeIgniter\CodeIgniter))
12 FCPATH/index.php(56): CodeIgniter\Boot::bootWeb(Object(Config\Paths))
WARNING - 2025-02-07 17:18:41 --> [DEPRECATED] Passing lowercase HTTP method "post" is deprecated. Use uppercase HTTP method like "POST". in SYSTEMPATH/Router/RouteCollection.php on line 1026.
 1 SYSTEMPATH/Router/RouteCollection.php(1026): trigger_error('Passing lowercase HTTP method "post" is deprecated. Use uppercase HTTP method like "POST".', 16384)
 2 ROOTPATH/Modules/Templates/Config/Routes.php(7): CodeIgniter\Router\RouteCollection->match([...], '/', 'Templates::index')
 3 SYSTEMPATH/Router/RouteCollection.php(799): CodeIgniter\Router\RouteCollection::{closure}(Object(CodeIgniter\Router\RouteCollection))
 4 ROOTPATH/Modules/Templates/Config/Routes.php(4): CodeIgniter\Router\RouteCollection->group('', [...], Object(Closure))
 5 SYSTEMPATH/Router/RouteCollection.php(372): include('/Users/alanmartin/Sites/localhost/hmvc-master/Ci4/Modules/Templates/Config/Routes.php')
 6 SYSTEMPATH/Router/RouteCollection.php(342): CodeIgniter\Router\RouteCollection->discoverRoutes()
 7 SYSTEMPATH/CodeIgniter.php(821): CodeIgniter\Router\RouteCollection->loadRoutes()
 8 SYSTEMPATH/CodeIgniter.php(455): CodeIgniter\CodeIgniter->tryToRouteIt(null)
 9 SYSTEMPATH/CodeIgniter.php(354): CodeIgniter\CodeIgniter->handleRequest(null, Object(Config\Cache), false)
10 SYSTEMPATH/Boot.php(334): CodeIgniter\CodeIgniter->run()
11 SYSTEMPATH/Boot.php(67): CodeIgniter\Boot::runCodeIgniter(Object(CodeIgniter\CodeIgniter))
12 FCPATH/index.php(56): CodeIgniter\Boot::bootWeb(Object(Config\Paths))
DEBUG - 2025-02-07 17:18:41 --> Session: Class initialized using 'CodeIgniter\Session\Handlers\FileHandler' driver.
WARNING - 2025-02-07 17:18:41 --> [DEPRECATED] Creation of dynamic property Modules\Quiz\Controllers\Quiz::$db is deprecated in ROOTPATH/Modules/Quiz/Controllers/Quiz.php on line 40.
 1 SYSTEMPATH/CodeIgniter.php(903): Modules\Quiz\Controllers\Quiz->__construct()
 2 SYSTEMPATH/CodeIgniter.php(498): CodeIgniter\CodeIgniter->createController()
 3 SYSTEMPATH/CodeIgniter.php(354): CodeIgniter\CodeIgniter->handleRequest(null, Object(Config\Cache), false)
 4 SYSTEMPATH/Boot.php(334): CodeIgniter\CodeIgniter->run()
 5 SYSTEMPATH/Boot.php(67): CodeIgniter\Boot::runCodeIgniter(Object(CodeIgniter\CodeIgniter))
 6 FCPATH/index.php(56): CodeIgniter\Boot::bootWeb(Object(Config\Paths))
WARNING - 2025-02-07 17:18:41 --> Session: Sessions is enabled, and one exists. Please don't $session->start();
WARNING - 2025-02-07 17:18:41 --> [DEPRECATED] Creation of dynamic property Modules\Quiz\Model\QuizModel::$user is deprecated in ROOTPATH/Modules/Quiz/Model/QuizModel.php on line 108.
 1 ROOTPATH/Modules/Quiz/Controllers/Quiz.php(305): Modules\Quiz\Model\QuizModel->get_quiz()
 2 SYSTEMPATH/CodeIgniter.php(933): Modules\Quiz\Controllers\Quiz->display()
 3 SYSTEMPATH/CodeIgniter.php(507): CodeIgniter\CodeIgniter->runController(Object(Modules\Quiz\Controllers\Quiz))
 4 SYSTEMPATH/CodeIgniter.php(354): CodeIgniter\CodeIgniter->handleRequest(null, Object(Config\Cache), false)
 5 SYSTEMPATH/Boot.php(334): CodeIgniter\CodeIgniter->run()
 6 SYSTEMPATH/Boot.php(67): CodeIgniter\Boot::runCodeIgniter(Object(CodeIgniter\CodeIgniter))
 7 FCPATH/index.php(56): CodeIgniter\Boot::bootWeb(Object(Config\Paths))
DEBUG - 2025-02-07 17:18:41 --> Session: Class initialized using 'CodeIgniter\Session\Handlers\FileHandler' driver.
WARNING - 2025-02-07 17:18:47 --> [DEPRECATED] Passing lowercase HTTP method "get" is deprecated. Use uppercase HTTP method like "GET". in SYSTEMPATH/Router/RouteCollection.php on line 1026.
 1 SYSTEMPATH/Router/RouteCollection.php(1026): trigger_error('Passing lowercase HTTP method "get" is deprecated. Use uppercase HTTP method like "GET".', 16384)
 2 ROOTPATH/Modules/Templates/Config/Routes.php(7): CodeIgniter\Router\RouteCollection->match([...], '/', 'Templates::index')
 3 SYSTEMPATH/Router/RouteCollection.php(799): CodeIgniter\Router\RouteCollection::{closure}(Object(CodeIgniter\Router\RouteCollection))
 4 ROOTPATH/Modules/Templates/Config/Routes.php(4): CodeIgniter\Router\RouteCollection->group('', [...], Object(Closure))
 5 SYSTEMPATH/Router/RouteCollection.php(372): include('/Users/alanmartin/Sites/localhost/hmvc-master/Ci4/Modules/Templates/Config/Routes.php')
 6 SYSTEMPATH/Router/RouteCollection.php(342): CodeIgniter\Router\RouteCollection->discoverRoutes()
 7 SYSTEMPATH/CodeIgniter.php(821): CodeIgniter\Router\RouteCollection->loadRoutes()
 8 SYSTEMPATH/CodeIgniter.php(455): CodeIgniter\CodeIgniter->tryToRouteIt(null)
 9 SYSTEMPATH/CodeIgniter.php(354): CodeIgniter\CodeIgniter->handleRequest(null, Object(Config\Cache), false)
10 SYSTEMPATH/Boot.php(334): CodeIgniter\CodeIgniter->run()
11 SYSTEMPATH/Boot.php(67): CodeIgniter\Boot::runCodeIgniter(Object(CodeIgniter\CodeIgniter))
12 FCPATH/index.php(56): CodeIgniter\Boot::bootWeb(Object(Config\Paths))
WARNING - 2025-02-07 17:18:47 --> [DEPRECATED] Passing lowercase HTTP method "post" is deprecated. Use uppercase HTTP method like "POST". in SYSTEMPATH/Router/RouteCollection.php on line 1026.
 1 SYSTEMPATH/Router/RouteCollection.php(1026): trigger_error('Passing lowercase HTTP method "post" is deprecated. Use uppercase HTTP method like "POST".', 16384)
 2 ROOTPATH/Modules/Templates/Config/Routes.php(7): CodeIgniter\Router\RouteCollection->match([...], '/', 'Templates::index')
 3 SYSTEMPATH/Router/RouteCollection.php(799): CodeIgniter\Router\RouteCollection::{closure}(Object(CodeIgniter\Router\RouteCollection))
 4 ROOTPATH/Modules/Templates/Config/Routes.php(4): CodeIgniter\Router\RouteCollection->group('', [...], Object(Closure))
 5 SYSTEMPATH/Router/RouteCollection.php(372): include('/Users/alanmartin/Sites/localhost/hmvc-master/Ci4/Modules/Templates/Config/Routes.php')
 6 SYSTEMPATH/Router/RouteCollection.php(342): CodeIgniter\Router\RouteCollection->discoverRoutes()
 7 SYSTEMPATH/CodeIgniter.php(821): CodeIgniter\Router\RouteCollection->loadRoutes()
 8 SYSTEMPATH/CodeIgniter.php(455): CodeIgniter\CodeIgniter->tryToRouteIt(null)
 9 SYSTEMPATH/CodeIgniter.php(354): CodeIgniter\CodeIgniter->handleRequest(null, Object(Config\Cache), false)
10 SYSTEMPATH/Boot.php(334): CodeIgniter\CodeIgniter->run()
11 SYSTEMPATH/Boot.php(67): CodeIgniter\Boot::runCodeIgniter(Object(CodeIgniter\CodeIgniter))
12 FCPATH/index.php(56): CodeIgniter\Boot::bootWeb(Object(Config\Paths))
DEBUG - 2025-02-07 17:18:47 --> Session: Class initialized using 'CodeIgniter\Session\Handlers\FileHandler' driver.
WARNING - 2025-02-07 17:18:47 --> [DEPRECATED] Creation of dynamic property Modules\Quiz\Controllers\Quiz::$db is deprecated in ROOTPATH/Modules/Quiz/Controllers/Quiz.php on line 40.
 1 SYSTEMPATH/CodeIgniter.php(903): Modules\Quiz\Controllers\Quiz->__construct()
 2 SYSTEMPATH/CodeIgniter.php(498): CodeIgniter\CodeIgniter->createController()
 3 SYSTEMPATH/CodeIgniter.php(354): CodeIgniter\CodeIgniter->handleRequest(null, Object(Config\Cache), false)
 4 SYSTEMPATH/Boot.php(334): CodeIgniter\CodeIgniter->run()
 5 SYSTEMPATH/Boot.php(67): CodeIgniter\Boot::runCodeIgniter(Object(CodeIgniter\CodeIgniter))
 6 FCPATH/index.php(56): CodeIgniter\Boot::bootWeb(Object(Config\Paths))
WARNING - 2025-02-07 17:18:47 --> Session: Sessions is enabled, and one exists. Please don't $session->start();
WARNING - 2025-02-07 17:18:47 --> [DEPRECATED] Creation of dynamic property Modules\Quiz\Model\QuizModel::$user is deprecated in ROOTPATH/Modules/Quiz/Model/QuizModel.php on line 60.
 1 ROOTPATH/Modules/Quiz/Controllers/Quiz.php(227): Modules\Quiz\Model\QuizModel->getNumRows()
 2 ROOTPATH/Modules/Quiz/Controllers/Quiz.php(269): Modules\Quiz\Controllers\Quiz->submit_create_form()
 3 SYSTEMPATH/CodeIgniter.php(933): Modules\Quiz\Controllers\Quiz->create()
 4 SYSTEMPATH/CodeIgniter.php(507): CodeIgniter\CodeIgniter->runController(Object(Modules\Quiz\Controllers\Quiz))
 5 SYSTEMPATH/CodeIgniter.php(354): CodeIgniter\CodeIgniter->handleRequest(null, Object(Config\Cache), false)
 6 SYSTEMPATH/Boot.php(334): CodeIgniter\CodeIgniter->run()
 7 SYSTEMPATH/Boot.php(67): CodeIgniter\Boot::runCodeIgniter(Object(CodeIgniter\CodeIgniter))
 8 FCPATH/index.php(56): CodeIgniter\Boot::bootWeb(Object(Config\Paths))
DEBUG - 2025-02-07 17:18:47 --> Session: Class initialized using 'CodeIgniter\Session\Handlers\FileHandler' driver.
WARNING - 2025-02-07 17:18:49 --> [DEPRECATED] Passing lowercase HTTP method "get" is deprecated. Use uppercase HTTP method like "GET". in SYSTEMPATH/Router/RouteCollection.php on line 1026.
 1 SYSTEMPATH/Router/RouteCollection.php(1026): trigger_error('Passing lowercase HTTP method "get" is deprecated. Use uppercase HTTP method like "GET".', 16384)
 2 ROOTPATH/Modules/Templates/Config/Routes.php(7): CodeIgniter\Router\RouteCollection->match([...], '/', 'Templates::index')
 3 SYSTEMPATH/Router/RouteCollection.php(799): CodeIgniter\Router\RouteCollection::{closure}(Object(CodeIgniter\Router\RouteCollection))
 4 ROOTPATH/Modules/Templates/Config/Routes.php(4): CodeIgniter\Router\RouteCollection->group('', [...], Object(Closure))
 5 SYSTEMPATH/Router/RouteCollection.php(372): include('/Users/alanmartin/Sites/localhost/hmvc-master/Ci4/Modules/Templates/Config/Routes.php')
 6 SYSTEMPATH/Router/RouteCollection.php(342): CodeIgniter\Router\RouteCollection->discoverRoutes()
 7 SYSTEMPATH/CodeIgniter.php(821): CodeIgniter\Router\RouteCollection->loadRoutes()
 8 SYSTEMPATH/CodeIgniter.php(455): CodeIgniter\CodeIgniter->tryToRouteIt(null)
 9 SYSTEMPATH/CodeIgniter.php(354): CodeIgniter\CodeIgniter->handleRequest(null, Object(Config\Cache), false)
10 SYSTEMPATH/Boot.php(334): CodeIgniter\CodeIgniter->run()
11 SYSTEMPATH/Boot.php(67): CodeIgniter\Boot::runCodeIgniter(Object(CodeIgniter\CodeIgniter))
12 FCPATH/index.php(56): CodeIgniter\Boot::bootWeb(Object(Config\Paths))
WARNING - 2025-02-07 17:18:49 --> [DEPRECATED] Passing lowercase HTTP method "post" is deprecated. Use uppercase HTTP method like "POST". in SYSTEMPATH/Router/RouteCollection.php on line 1026.
 1 SYSTEMPATH/Router/RouteCollection.php(1026): trigger_error('Passing lowercase HTTP method "post" is deprecated. Use uppercase HTTP method like "POST".', 16384)
 2 ROOTPATH/Modules/Templates/Config/Routes.php(7): CodeIgniter\Router\RouteCollection->match([...], '/', 'Templates::index')
 3 SYSTEMPATH/Router/RouteCollection.php(799): CodeIgniter\Router\RouteCollection::{closure}(Object(CodeIgniter\Router\RouteCollection))
 4 ROOTPATH/Modules/Templates/Config/Routes.php(4): CodeIgniter\Router\RouteCollection->group('', [...], Object(Closure))
 5 SYSTEMPATH/Router/RouteCollection.php(372): include('/Users/alanmartin/Sites/localhost/hmvc-master/Ci4/Modules/Templates/Config/Routes.php')
 6 SYSTEMPATH/Router/RouteCollection.php(342): CodeIgniter\Router\RouteCollection->discoverRoutes()
 7 SYSTEMPATH/CodeIgniter.php(821): CodeIgniter\Router\RouteCollection->loadRoutes()
 8 SYSTEMPATH/CodeIgniter.php(455): CodeIgniter\CodeIgniter->tryToRouteIt(null)
 9 SYSTEMPATH/CodeIgniter.php(354): CodeIgniter\CodeIgniter->handleRequest(null, Object(Config\Cache), false)
10 SYSTEMPATH/Boot.php(334): CodeIgniter\CodeIgniter->run()
11 SYSTEMPATH/Boot.php(67): CodeIgniter\Boot::runCodeIgniter(Object(CodeIgniter\CodeIgniter))
12 FCPATH/index.php(56): CodeIgniter\Boot::bootWeb(Object(Config\Paths))
DEBUG - 2025-02-07 17:18:49 --> Session: Class initialized using 'CodeIgniter\Session\Handlers\FileHandler' driver.
WARNING - 2025-02-07 17:18:49 --> [DEPRECATED] Creation of dynamic property Modules\Quiz\Controllers\Quiz::$db is deprecated in ROOTPATH/Modules/Quiz/Controllers/Quiz.php on line 40.
 1 SYSTEMPATH/CodeIgniter.php(903): Modules\Quiz\Controllers\Quiz->__construct()
 2 SYSTEMPATH/CodeIgniter.php(498): CodeIgniter\CodeIgniter->createController()
 3 SYSTEMPATH/CodeIgniter.php(354): CodeIgniter\CodeIgniter->handleRequest(null, Object(Config\Cache), false)
 4 SYSTEMPATH/Boot.php(334): CodeIgniter\CodeIgniter->run()
 5 SYSTEMPATH/Boot.php(67): CodeIgniter\Boot::runCodeIgniter(Object(CodeIgniter\CodeIgniter))
 6 FCPATH/index.php(56): CodeIgniter\Boot::bootWeb(Object(Config\Paths))
WARNING - 2025-02-07 17:18:49 --> Session: Sessions is enabled, and one exists. Please don't $session->start();
WARNING - 2025-02-07 17:18:49 --> [DEPRECATED] Creation of dynamic property Modules\Quiz\Model\QuizModel::$user is deprecated in ROOTPATH/Modules/Quiz/Model/QuizModel.php on line 108.
 1 ROOTPATH/Modules/Quiz/Controllers/Quiz.php(305): Modules\Quiz\Model\QuizModel->get_quiz()
 2 SYSTEMPATH/CodeIgniter.php(933): Modules\Quiz\Controllers\Quiz->display()
 3 SYSTEMPATH/CodeIgniter.php(507): CodeIgniter\CodeIgniter->runController(Object(Modules\Quiz\Controllers\Quiz))
 4 SYSTEMPATH/CodeIgniter.php(354): CodeIgniter\CodeIgniter->handleRequest(null, Object(Config\Cache), false)
 5 SYSTEMPATH/Boot.php(334): CodeIgniter\CodeIgniter->run()
 6 SYSTEMPATH/Boot.php(67): CodeIgniter\Boot::runCodeIgniter(Object(CodeIgniter\CodeIgniter))
 7 FCPATH/index.php(56): CodeIgniter\Boot::bootWeb(Object(Config\Paths))
DEBUG - 2025-02-07 17:18:49 --> Session: Class initialized using 'CodeIgniter\Session\Handlers\FileHandler' driver.
WARNING - 2025-02-07 17:18:51 --> [DEPRECATED] Passing lowercase HTTP method "get" is deprecated. Use uppercase HTTP method like "GET". in SYSTEMPATH/Router/RouteCollection.php on line 1026.
 1 SYSTEMPATH/Router/RouteCollection.php(1026): trigger_error('Passing lowercase HTTP method "get" is deprecated. Use uppercase HTTP method like "GET".', 16384)
 2 ROOTPATH/Modules/Templates/Config/Routes.php(7): CodeIgniter\Router\RouteCollection->match([...], '/', 'Templates::index')
 3 SYSTEMPATH/Router/RouteCollection.php(799): CodeIgniter\Router\RouteCollection::{closure}(Object(CodeIgniter\Router\RouteCollection))
 4 ROOTPATH/Modules/Templates/Config/Routes.php(4): CodeIgniter\Router\RouteCollection->group('', [...], Object(Closure))
 5 SYSTEMPATH/Router/RouteCollection.php(372): include('/Users/alanmartin/Sites/localhost/hmvc-master/Ci4/Modules/Templates/Config/Routes.php')
 6 SYSTEMPATH/Router/RouteCollection.php(342): CodeIgniter\Router\RouteCollection->discoverRoutes()
 7 SYSTEMPATH/CodeIgniter.php(821): CodeIgniter\Router\RouteCollection->loadRoutes()
 8 SYSTEMPATH/CodeIgniter.php(455): CodeIgniter\CodeIgniter->tryToRouteIt(null)
 9 SYSTEMPATH/CodeIgniter.php(354): CodeIgniter\CodeIgniter->handleRequest(null, Object(Config\Cache), false)
10 SYSTEMPATH/Boot.php(334): CodeIgniter\CodeIgniter->run()
11 SYSTEMPATH/Boot.php(67): CodeIgniter\Boot::runCodeIgniter(Object(CodeIgniter\CodeIgniter))
12 FCPATH/index.php(56): CodeIgniter\Boot::bootWeb(Object(Config\Paths))
WARNING - 2025-02-07 17:18:51 --> [DEPRECATED] Passing lowercase HTTP method "post" is deprecated. Use uppercase HTTP method like "POST". in SYSTEMPATH/Router/RouteCollection.php on line 1026.
 1 SYSTEMPATH/Router/RouteCollection.php(1026): trigger_error('Passing lowercase HTTP method "post" is deprecated. Use uppercase HTTP method like "POST".', 16384)
 2 ROOTPATH/Modules/Templates/Config/Routes.php(7): CodeIgniter\Router\RouteCollection->match([...], '/', 'Templates::index')
 3 SYSTEMPATH/Router/RouteCollection.php(799): CodeIgniter\Router\RouteCollection::{closure}(Object(CodeIgniter\Router\RouteCollection))
 4 ROOTPATH/Modules/Templates/Config/Routes.php(4): CodeIgniter\Router\RouteCollection->group('', [...], Object(Closure))
 5 SYSTEMPATH/Router/RouteCollection.php(372): include('/Users/alanmartin/Sites/localhost/hmvc-master/Ci4/Modules/Templates/Config/Routes.php')
 6 SYSTEMPATH/Router/RouteCollection.php(342): CodeIgniter\Router\RouteCollection->discoverRoutes()
 7 SYSTEMPATH/CodeIgniter.php(821): CodeIgniter\Router\RouteCollection->loadRoutes()
 8 SYSTEMPATH/CodeIgniter.php(455): CodeIgniter\CodeIgniter->tryToRouteIt(null)
 9 SYSTEMPATH/CodeIgniter.php(354): CodeIgniter\CodeIgniter->handleRequest(null, Object(Config\Cache), false)
10 SYSTEMPATH/Boot.php(334): CodeIgniter\CodeIgniter->run()
11 SYSTEMPATH/Boot.php(67): CodeIgniter\Boot::runCodeIgniter(Object(CodeIgniter\CodeIgniter))
12 FCPATH/index.php(56): CodeIgniter\Boot::bootWeb(Object(Config\Paths))
DEBUG - 2025-02-07 17:18:51 --> Session: Class initialized using 'CodeIgniter\Session\Handlers\FileHandler' driver.
ERROR - 2025-02-07 17:18:51 --> mysqli_sql_exception: Table 'hmvc_master.quiz_results' doesn't exist in /Users/alanmartin/Sites/localhost/hmvc-master/Ci4/vendor/codeigniter4/framework/system/Database/MySQLi/Connection.php:327
Stack trace:
#0 /Users/alanmartin/Sites/localhost/hmvc-master/Ci4/vendor/codeigniter4/framework/system/Database/MySQLi/Connection.php(327): mysqli->query('SELECT `result_...', 0)
#1 /Users/alanmartin/Sites/localhost/hmvc-master/Ci4/vendor/codeigniter4/framework/system/Database/BaseConnection.php(738): CodeIgniter\Database\MySQLi\Connection->execute('SELECT `result_...')
#2 /Users/alanmartin/Sites/localhost/hmvc-master/Ci4/vendor/codeigniter4/framework/system/Database/BaseConnection.php(652): CodeIgniter\Database\BaseConnection->simpleQuery('SELECT `result_...')
#3 /Users/alanmartin/Sites/localhost/hmvc-master/Ci4/vendor/codeigniter4/framework/system/Database/BaseBuilder.php(1649): CodeIgniter\Database\BaseConnection->query('SELECT `result_...', Array, false)
#4 /Users/alanmartin/Sites/localhost/hmvc-master/Ci4/Modules/Result/Model/ResultModel.php(35): CodeIgniter\Database\BaseBuilder->get()
#5 /Users/alanmartin/Sites/localhost/hmvc-master/Ci4/Modules/Result/Controllers/Result.php(40): Modules\Result\Model\ResultModel->get_results()
#6 /Users/alanmartin/Sites/localhost/hmvc-master/Ci4/vendor/codeigniter4/framework/system/CodeIgniter.php(933): Modules\Result\Controllers\Result->index()
#7 /Users/alanmartin/Sites/localhost/hmvc-master/Ci4/vendor/codeigniter4/framework/system/CodeIgniter.php(507): CodeIgniter\CodeIgniter->runController(Object(Modules\Result\Controllers\Result))
#8 /Users/alanmartin/Sites/localhost/hmvc-master/Ci4/vendor/codeigniter4/framework/system/CodeIgniter.php(354): CodeIgniter\CodeIgniter->handleRequest(NULL, Object(Config\Cache), false)
#9 /Users/alanmartin/Sites/localhost/hmvc-master/Ci4/vendor/codeigniter4/framework/system/Boot.php(334): CodeIgniter\CodeIgniter->run()
#10 /Users/alanmartin/Sites/localhost/hmvc-master/Ci4/vendor/codeigniter4/framework/system/Boot.php(67): CodeIgniter\Boot::runCodeIgniter(Object(CodeIgniter\CodeIgniter))
#11 /Users/alanmartin/Sites/localhost/hmvc-master/public/index.php(56): CodeIgniter\Boot::bootWeb(Object(Config\Paths))
#12 {main}
CRITICAL - 2025-02-07 17:18:51 --> CodeIgniter\Database\Exceptions\DatabaseException: Table 'hmvc_master.quiz_results' doesn't exist
[Method: GET, Route: result/index]
in SYSTEMPATH/Database/BaseConnection.php on line 692.
 1 SYSTEMPATH/Database/BaseBuilder.php(1649): CodeIgniter\Database\BaseConnection->query('SELECT `result_id`, `user`, `quiz_taker`, `class`, `your_answer1`, `your_answer2`, `your_answer3`, `your_answer4`, `final`, `date_taken`
FROM `quiz_results`
WHERE `user` = :user:
ORDER BY `result_id`', [...], false)
 2 ROOTPATH/Modules/Result/Model/ResultModel.php(35): CodeIgniter\Database\BaseBuilder->get()
 3 ROOTPATH/Modules/Result/Controllers/Result.php(40): Modules\Result\Model\ResultModel->get_results()
 4 SYSTEMPATH/CodeIgniter.php(933): Modules\Result\Controllers\Result->index()
 5 SYSTEMPATH/CodeIgniter.php(507): CodeIgniter\CodeIgniter->runController(Object(Modules\Result\Controllers\Result))
 6 SYSTEMPATH/CodeIgniter.php(354): CodeIgniter\CodeIgniter->handleRequest(null, Object(Config\Cache), false)
 7 SYSTEMPATH/Boot.php(334): CodeIgniter\CodeIgniter->run()
 8 SYSTEMPATH/Boot.php(67): CodeIgniter\Boot::runCodeIgniter(Object(CodeIgniter\CodeIgniter))
 9 FCPATH/index.php(56): CodeIgniter\Boot::bootWeb(Object(Config\Paths))
CRITICAL - 2025-02-07 17:18:51 --> [Caused by] CodeIgniter\Database\Exceptions\DatabaseException: Table 'hmvc_master.quiz_results' doesn't exist
in SYSTEMPATH/Database/MySQLi/Connection.php on line 332.
 1 SYSTEMPATH/Database/BaseConnection.php(738): CodeIgniter\Database\MySQLi\Connection->execute('SELECT `result_id`, `user`, `quiz_taker`, `class`, `your_answer1`, `your_answer2`, `your_answer3`, `your_answer4`, `final`, `date_taken`
FROM `quiz_results`
WHERE `user` = \'alan\'
ORDER BY `result_id`')
 2 SYSTEMPATH/Database/BaseConnection.php(652): CodeIgniter\Database\BaseConnection->simpleQuery('SELECT `result_id`, `user`, `quiz_taker`, `class`, `your_answer1`, `your_answer2`, `your_answer3`, `your_answer4`, `final`, `date_taken`
FROM `quiz_results`
WHERE `user` = \'alan\'
ORDER BY `result_id`')
 3 SYSTEMPATH/Database/BaseBuilder.php(1649): CodeIgniter\Database\BaseConnection->query('SELECT `result_id`, `user`, `quiz_taker`, `class`, `your_answer1`, `your_answer2`, `your_answer3`, `your_answer4`, `final`, `date_taken`
FROM `quiz_results`
WHERE `user` = :user:
ORDER BY `result_id`', [...], false)
 4 ROOTPATH/Modules/Result/Model/ResultModel.php(35): CodeIgniter\Database\BaseBuilder->get()
 5 ROOTPATH/Modules/Result/Controllers/Result.php(40): Modules\Result\Model\ResultModel->get_results()
 6 SYSTEMPATH/CodeIgniter.php(933): Modules\Result\Controllers\Result->index()
 7 SYSTEMPATH/CodeIgniter.php(507): CodeIgniter\CodeIgniter->runController(Object(Modules\Result\Controllers\Result))
 8 SYSTEMPATH/CodeIgniter.php(354): CodeIgniter\CodeIgniter->handleRequest(null, Object(Config\Cache), false)
 9 SYSTEMPATH/Boot.php(334): CodeIgniter\CodeIgniter->run()
10 SYSTEMPATH/Boot.php(67): CodeIgniter\Boot::runCodeIgniter(Object(CodeIgniter\CodeIgniter))
11 FCPATH/index.php(56): CodeIgniter\Boot::bootWeb(Object(Config\Paths))
CRITICAL - 2025-02-07 17:18:51 --> [Caused by] mysqli_sql_exception: Table 'hmvc_master.quiz_results' doesn't exist
in SYSTEMPATH/Database/MySQLi/Connection.php on line 327.
 1 SYSTEMPATH/Database/MySQLi/Connection.php(327): mysqli->query('SELECT `result_id`, `user`, `quiz_taker`, `class`, `your_answer1`, `your_answer2`, `your_answer3`, `your_answer4`, `final`, `date_taken`
FROM `quiz_results`
WHERE `user` = \'alan\'
ORDER BY `result_id`', 0)
 2 SYSTEMPATH/Database/BaseConnection.php(738): CodeIgniter\Database\MySQLi\Connection->execute('SELECT `result_id`, `user`, `quiz_taker`, `class`, `your_answer1`, `your_answer2`, `your_answer3`, `your_answer4`, `final`, `date_taken`
FROM `quiz_results`
WHERE `user` = \'alan\'
ORDER BY `result_id`')
 3 SYSTEMPATH/Database/BaseConnection.php(652): CodeIgniter\Database\BaseConnection->simpleQuery('SELECT `result_id`, `user`, `quiz_taker`, `class`, `your_answer1`, `your_answer2`, `your_answer3`, `your_answer4`, `final`, `date_taken`
FROM `quiz_results`
WHERE `user` = \'alan\'
ORDER BY `result_id`')
 4 SYSTEMPATH/Database/BaseBuilder.php(1649): CodeIgniter\Database\BaseConnection->query('SELECT `result_id`, `user`, `quiz_taker`, `class`, `your_answer1`, `your_answer2`, `your_answer3`, `your_answer4`, `final`, `date_taken`
FROM `quiz_results`
WHERE `user` = :user:
ORDER BY `result_id`', [...], false)
 5 ROOTPATH/Modules/Result/Model/ResultModel.php(35): CodeIgniter\Database\BaseBuilder->get()
 6 ROOTPATH/Modules/Result/Controllers/Result.php(40): Modules\Result\Model\ResultModel->get_results()
 7 SYSTEMPATH/CodeIgniter.php(933): Modules\Result\Controllers\Result->index()
 8 SYSTEMPATH/CodeIgniter.php(507): CodeIgniter\CodeIgniter->runController(Object(Modules\Result\Controllers\Result))
 9 SYSTEMPATH/CodeIgniter.php(354): CodeIgniter\CodeIgniter->handleRequest(null, Object(Config\Cache), false)
10 SYSTEMPATH/Boot.php(334): CodeIgniter\CodeIgniter->run()
11 SYSTEMPATH/Boot.php(67): CodeIgniter\Boot::runCodeIgniter(Object(CodeIgniter\CodeIgniter))
12 FCPATH/index.php(56): CodeIgniter\Boot::bootWeb(Object(Config\Paths))
WARNING - 2025-02-07 17:19:36 --> [DEPRECATED] Passing lowercase HTTP method "get" is deprecated. Use uppercase HTTP method like "GET". in SYSTEMPATH/Router/RouteCollection.php on line 1026.
 1 SYSTEMPATH/Router/RouteCollection.php(1026): trigger_error('Passing lowercase HTTP method "get" is deprecated. Use uppercase HTTP method like "GET".', 16384)
 2 ROOTPATH/Modules/Templates/Config/Routes.php(7): CodeIgniter\Router\RouteCollection->match([...], '/', 'Templates::index')
 3 SYSTEMPATH/Router/RouteCollection.php(799): CodeIgniter\Router\RouteCollection::{closure}(Object(CodeIgniter\Router\RouteCollection))
 4 ROOTPATH/Modules/Templates/Config/Routes.php(4): CodeIgniter\Router\RouteCollection->group('', [...], Object(Closure))
 5 SYSTEMPATH/Router/RouteCollection.php(372): include('/Users/alanmartin/Sites/localhost/hmvc-master/Ci4/Modules/Templates/Config/Routes.php')
 6 SYSTEMPATH/Router/RouteCollection.php(342): CodeIgniter\Router\RouteCollection->discoverRoutes()
 7 SYSTEMPATH/CodeIgniter.php(821): CodeIgniter\Router\RouteCollection->loadRoutes()
 8 SYSTEMPATH/CodeIgniter.php(455): CodeIgniter\CodeIgniter->tryToRouteIt(null)
 9 SYSTEMPATH/CodeIgniter.php(354): CodeIgniter\CodeIgniter->handleRequest(null, Object(Config\Cache), false)
10 SYSTEMPATH/Boot.php(334): CodeIgniter\CodeIgniter->run()
11 SYSTEMPATH/Boot.php(67): CodeIgniter\Boot::runCodeIgniter(Object(CodeIgniter\CodeIgniter))
12 FCPATH/index.php(56): CodeIgniter\Boot::bootWeb(Object(Config\Paths))
WARNING - 2025-02-07 17:19:36 --> [DEPRECATED] Passing lowercase HTTP method "post" is deprecated. Use uppercase HTTP method like "POST". in SYSTEMPATH/Router/RouteCollection.php on line 1026.
 1 SYSTEMPATH/Router/RouteCollection.php(1026): trigger_error('Passing lowercase HTTP method "post" is deprecated. Use uppercase HTTP method like "POST".', 16384)
 2 ROOTPATH/Modules/Templates/Config/Routes.php(7): CodeIgniter\Router\RouteCollection->match([...], '/', 'Templates::index')
 3 SYSTEMPATH/Router/RouteCollection.php(799): CodeIgniter\Router\RouteCollection::{closure}(Object(CodeIgniter\Router\RouteCollection))
 4 ROOTPATH/Modules/Templates/Config/Routes.php(4): CodeIgniter\Router\RouteCollection->group('', [...], Object(Closure))
 5 SYSTEMPATH/Router/RouteCollection.php(372): include('/Users/alanmartin/Sites/localhost/hmvc-master/Ci4/Modules/Templates/Config/Routes.php')
 6 SYSTEMPATH/Router/RouteCollection.php(342): CodeIgniter\Router\RouteCollection->discoverRoutes()
 7 SYSTEMPATH/CodeIgniter.php(821): CodeIgniter\Router\RouteCollection->loadRoutes()
 8 SYSTEMPATH/CodeIgniter.php(455): CodeIgniter\CodeIgniter->tryToRouteIt(null)
 9 SYSTEMPATH/CodeIgniter.php(354): CodeIgniter\CodeIgniter->handleRequest(null, Object(Config\Cache), false)
10 SYSTEMPATH/Boot.php(334): CodeIgniter\CodeIgniter->run()
11 SYSTEMPATH/Boot.php(67): CodeIgniter\Boot::runCodeIgniter(Object(CodeIgniter\CodeIgniter))
12 FCPATH/index.php(56): CodeIgniter\Boot::bootWeb(Object(Config\Paths))
DEBUG - 2025-02-07 17:19:36 --> Session: Class initialized using 'CodeIgniter\Session\Handlers\FileHandler' driver.
CRITICAL - 2025-02-07 17:19:36 --> CodeIgniter\View\Exceptions\ViewException: Invalid file: "partials/header.php"
[Method: GET, Route: result/index]
in SYSTEMPATH/Exceptions/FrameworkException.php on line 39.
 1 SYSTEMPATH/View/View.php(212): CodeIgniter\Exceptions\FrameworkException::forInvalidFile('partials/header.php')
 2 SYSTEMPATH/Common.php(1173): CodeIgniter\View\View->render('partials/header', [], true)
 3 ROOTPATH/Modules/Result/Controllers/Result.php(42): view('partials/header', [...])
 4 SYSTEMPATH/CodeIgniter.php(933): Modules\Result\Controllers\Result->index()
 5 SYSTEMPATH/CodeIgniter.php(507): CodeIgniter\CodeIgniter->runController(Object(Modules\Result\Controllers\Result))
 6 SYSTEMPATH/CodeIgniter.php(354): CodeIgniter\CodeIgniter->handleRequest(null, Object(Config\Cache), false)
 7 SYSTEMPATH/Boot.php(334): CodeIgniter\CodeIgniter->run()
 8 SYSTEMPATH/Boot.php(67): CodeIgniter\Boot::runCodeIgniter(Object(CodeIgniter\CodeIgniter))
 9 FCPATH/index.php(56): CodeIgniter\Boot::bootWeb(Object(Config\Paths))
WARNING - 2025-02-07 17:19:37 --> [DEPRECATED] Passing lowercase HTTP method "get" is deprecated. Use uppercase HTTP method like "GET". in SYSTEMPATH/Router/RouteCollection.php on line 1026.
 1 SYSTEMPATH/Router/RouteCollection.php(1026): trigger_error('Passing lowercase HTTP method "get" is deprecated. Use uppercase HTTP method like "GET".', 16384)
 2 ROOTPATH/Modules/Templates/Config/Routes.php(7): CodeIgniter\Router\RouteCollection->match([...], '/', 'Templates::index')
 3 SYSTEMPATH/Router/RouteCollection.php(799): CodeIgniter\Router\RouteCollection::{closure}(Object(CodeIgniter\Router\RouteCollection))
 4 ROOTPATH/Modules/Templates/Config/Routes.php(4): CodeIgniter\Router\RouteCollection->group('', [...], Object(Closure))
 5 SYSTEMPATH/Router/RouteCollection.php(372): include('/Users/alanmartin/Sites/localhost/hmvc-master/Ci4/Modules/Templates/Config/Routes.php')
 6 SYSTEMPATH/Router/RouteCollection.php(342): CodeIgniter\Router\RouteCollection->discoverRoutes()
 7 SYSTEMPATH/CodeIgniter.php(821): CodeIgniter\Router\RouteCollection->loadRoutes()
 8 SYSTEMPATH/CodeIgniter.php(455): CodeIgniter\CodeIgniter->tryToRouteIt(null)
 9 SYSTEMPATH/CodeIgniter.php(354): CodeIgniter\CodeIgniter->handleRequest(null, Object(Config\Cache), false)
10 SYSTEMPATH/Boot.php(334): CodeIgniter\CodeIgniter->run()
11 SYSTEMPATH/Boot.php(67): CodeIgniter\Boot::runCodeIgniter(Object(CodeIgniter\CodeIgniter))
12 FCPATH/index.php(56): CodeIgniter\Boot::bootWeb(Object(Config\Paths))
WARNING - 2025-02-07 17:19:37 --> [DEPRECATED] Passing lowercase HTTP method "post" is deprecated. Use uppercase HTTP method like "POST". in SYSTEMPATH/Router/RouteCollection.php on line 1026.
 1 SYSTEMPATH/Router/RouteCollection.php(1026): trigger_error('Passing lowercase HTTP method "post" is deprecated. Use uppercase HTTP method like "POST".', 16384)
 2 ROOTPATH/Modules/Templates/Config/Routes.php(7): CodeIgniter\Router\RouteCollection->match([...], '/', 'Templates::index')
 3 SYSTEMPATH/Router/RouteCollection.php(799): CodeIgniter\Router\RouteCollection::{closure}(Object(CodeIgniter\Router\RouteCollection))
 4 ROOTPATH/Modules/Templates/Config/Routes.php(4): CodeIgniter\Router\RouteCollection->group('', [...], Object(Closure))
 5 SYSTEMPATH/Router/RouteCollection.php(372): include('/Users/alanmartin/Sites/localhost/hmvc-master/Ci4/Modules/Templates/Config/Routes.php')
 6 SYSTEMPATH/Router/RouteCollection.php(342): CodeIgniter\Router\RouteCollection->discoverRoutes()
 7 SYSTEMPATH/CodeIgniter.php(821): CodeIgniter\Router\RouteCollection->loadRoutes()
 8 SYSTEMPATH/CodeIgniter.php(455): CodeIgniter\CodeIgniter->tryToRouteIt(null)
 9 SYSTEMPATH/CodeIgniter.php(354): CodeIgniter\CodeIgniter->handleRequest(null, Object(Config\Cache), false)
10 SYSTEMPATH/Boot.php(334): CodeIgniter\CodeIgniter->run()
11 SYSTEMPATH/Boot.php(67): CodeIgniter\Boot::runCodeIgniter(Object(CodeIgniter\CodeIgniter))
12 FCPATH/index.php(56): CodeIgniter\Boot::bootWeb(Object(Config\Paths))
DEBUG - 2025-02-07 17:19:37 --> Session: Class initialized using 'CodeIgniter\Session\Handlers\FileHandler' driver.
CRITICAL - 2025-02-07 17:19:37 --> CodeIgniter\View\Exceptions\ViewException: Invalid file: "partials/header.php"
[Method: GET, Route: result/index]
in SYSTEMPATH/Exceptions/FrameworkException.php on line 39.
 1 SYSTEMPATH/View/View.php(212): CodeIgniter\Exceptions\FrameworkException::forInvalidFile('partials/header.php')
 2 SYSTEMPATH/Common.php(1173): CodeIgniter\View\View->render('partials/header', [], true)
 3 ROOTPATH/Modules/Result/Controllers/Result.php(42): view('partials/header', [...])
 4 SYSTEMPATH/CodeIgniter.php(933): Modules\Result\Controllers\Result->index()
 5 SYSTEMPATH/CodeIgniter.php(507): CodeIgniter\CodeIgniter->runController(Object(Modules\Result\Controllers\Result))
 6 SYSTEMPATH/CodeIgniter.php(354): CodeIgniter\CodeIgniter->handleRequest(null, Object(Config\Cache), false)
 7 SYSTEMPATH/Boot.php(334): CodeIgniter\CodeIgniter->run()
 8 SYSTEMPATH/Boot.php(67): CodeIgniter\Boot::runCodeIgniter(Object(CodeIgniter\CodeIgniter))
 9 FCPATH/index.php(56): CodeIgniter\Boot::bootWeb(Object(Config\Paths))
WARNING - 2025-02-07 17:24:29 --> [DEPRECATED] Passing lowercase HTTP method "get" is deprecated. Use uppercase HTTP method like "GET". in SYSTEMPATH/Router/RouteCollection.php on line 1026.
 1 SYSTEMPATH/Router/RouteCollection.php(1026): trigger_error('Passing lowercase HTTP method "get" is deprecated. Use uppercase HTTP method like "GET".', 16384)
 2 ROOTPATH/Modules/Templates/Config/Routes.php(7): CodeIgniter\Router\RouteCollection->match([...], '/', 'Templates::index')
 3 SYSTEMPATH/Router/RouteCollection.php(799): CodeIgniter\Router\RouteCollection::{closure}(Object(CodeIgniter\Router\RouteCollection))
 4 ROOTPATH/Modules/Templates/Config/Routes.php(4): CodeIgniter\Router\RouteCollection->group('', [...], Object(Closure))
 5 SYSTEMPATH/Router/RouteCollection.php(372): include('/Users/alanmartin/Sites/localhost/hmvc-master/Ci4/Modules/Templates/Config/Routes.php')
 6 SYSTEMPATH/Router/RouteCollection.php(342): CodeIgniter\Router\RouteCollection->discoverRoutes()
 7 SYSTEMPATH/CodeIgniter.php(821): CodeIgniter\Router\RouteCollection->loadRoutes()
 8 SYSTEMPATH/CodeIgniter.php(455): CodeIgniter\CodeIgniter->tryToRouteIt(null)
 9 SYSTEMPATH/CodeIgniter.php(354): CodeIgniter\CodeIgniter->handleRequest(null, Object(Config\Cache), false)
10 SYSTEMPATH/Boot.php(334): CodeIgniter\CodeIgniter->run()
11 SYSTEMPATH/Boot.php(67): CodeIgniter\Boot::runCodeIgniter(Object(CodeIgniter\CodeIgniter))
12 FCPATH/index.php(56): CodeIgniter\Boot::bootWeb(Object(Config\Paths))
WARNING - 2025-02-07 17:24:29 --> [DEPRECATED] Passing lowercase HTTP method "post" is deprecated. Use uppercase HTTP method like "POST". in SYSTEMPATH/Router/RouteCollection.php on line 1026.
 1 SYSTEMPATH/Router/RouteCollection.php(1026): trigger_error('Passing lowercase HTTP method "post" is deprecated. Use uppercase HTTP method like "POST".', 16384)
 2 ROOTPATH/Modules/Templates/Config/Routes.php(7): CodeIgniter\Router\RouteCollection->match([...], '/', 'Templates::index')
 3 SYSTEMPATH/Router/RouteCollection.php(799): CodeIgniter\Router\RouteCollection::{closure}(Object(CodeIgniter\Router\RouteCollection))
 4 ROOTPATH/Modules/Templates/Config/Routes.php(4): CodeIgniter\Router\RouteCollection->group('', [...], Object(Closure))
 5 SYSTEMPATH/Router/RouteCollection.php(372): include('/Users/alanmartin/Sites/localhost/hmvc-master/Ci4/Modules/Templates/Config/Routes.php')
 6 SYSTEMPATH/Router/RouteCollection.php(342): CodeIgniter\Router\RouteCollection->discoverRoutes()
 7 SYSTEMPATH/CodeIgniter.php(821): CodeIgniter\Router\RouteCollection->loadRoutes()
 8 SYSTEMPATH/CodeIgniter.php(455): CodeIgniter\CodeIgniter->tryToRouteIt(null)
 9 SYSTEMPATH/CodeIgniter.php(354): CodeIgniter\CodeIgniter->handleRequest(null, Object(Config\Cache), false)
10 SYSTEMPATH/Boot.php(334): CodeIgniter\CodeIgniter->run()
11 SYSTEMPATH/Boot.php(67): CodeIgniter\Boot::runCodeIgniter(Object(CodeIgniter\CodeIgniter))
12 FCPATH/index.php(56): CodeIgniter\Boot::bootWeb(Object(Config\Paths))
DEBUG - 2025-02-07 17:24:29 --> Session: Class initialized using 'CodeIgniter\Session\Handlers\FileHandler' driver.
CRITICAL - 2025-02-07 17:24:29 --> CodeIgniter\View\Exceptions\ViewException: Invalid file: "\Modules\Quiz\Views\pages\result\student_results.php"
[Method: GET, Route: result/index]
in SYSTEMPATH/Exceptions/FrameworkException.php on line 39.
 1 SYSTEMPATH/View/View.php(212): CodeIgniter\Exceptions\FrameworkException::forInvalidFile('\\Modules\\Quiz\\Views\\pages\\result\\student_results.php')
 2 SYSTEMPATH/Common.php(1173): CodeIgniter\View\View->render('\\Modules\\Quiz\\Views\\pages\\result\\student_results', [], true)
 3 ROOTPATH/Modules/Result/Controllers/Result.php(43): view('\\Modules\\Quiz\\Views\\pages\\result\\student_results')
 4 SYSTEMPATH/CodeIgniter.php(933): Modules\Result\Controllers\Result->index()
 5 SYSTEMPATH/CodeIgniter.php(507): CodeIgniter\CodeIgniter->runController(Object(Modules\Result\Controllers\Result))
 6 SYSTEMPATH/CodeIgniter.php(354): CodeIgniter\CodeIgniter->handleRequest(null, Object(Config\Cache), false)
 7 SYSTEMPATH/Boot.php(334): CodeIgniter\CodeIgniter->run()
 8 SYSTEMPATH/Boot.php(67): CodeIgniter\Boot::runCodeIgniter(Object(CodeIgniter\CodeIgniter))
 9 FCPATH/index.php(56): CodeIgniter\Boot::bootWeb(Object(Config\Paths))
WARNING - 2025-02-07 17:24:30 --> [DEPRECATED] Passing lowercase HTTP method "get" is deprecated. Use uppercase HTTP method like "GET". in SYSTEMPATH/Router/RouteCollection.php on line 1026.
 1 SYSTEMPATH/Router/RouteCollection.php(1026): trigger_error('Passing lowercase HTTP method "get" is deprecated. Use uppercase HTTP method like "GET".', 16384)
 2 ROOTPATH/Modules/Templates/Config/Routes.php(7): CodeIgniter\Router\RouteCollection->match([...], '/', 'Templates::index')
 3 SYSTEMPATH/Router/RouteCollection.php(799): CodeIgniter\Router\RouteCollection::{closure}(Object(CodeIgniter\Router\RouteCollection))
 4 ROOTPATH/Modules/Templates/Config/Routes.php(4): CodeIgniter\Router\RouteCollection->group('', [...], Object(Closure))
 5 SYSTEMPATH/Router/RouteCollection.php(372): include('/Users/alanmartin/Sites/localhost/hmvc-master/Ci4/Modules/Templates/Config/Routes.php')
 6 SYSTEMPATH/Router/RouteCollection.php(342): CodeIgniter\Router\RouteCollection->discoverRoutes()
 7 SYSTEMPATH/CodeIgniter.php(821): CodeIgniter\Router\RouteCollection->loadRoutes()
 8 SYSTEMPATH/CodeIgniter.php(455): CodeIgniter\CodeIgniter->tryToRouteIt(null)
 9 SYSTEMPATH/CodeIgniter.php(354): CodeIgniter\CodeIgniter->handleRequest(null, Object(Config\Cache), false)
10 SYSTEMPATH/Boot.php(334): CodeIgniter\CodeIgniter->run()
11 SYSTEMPATH/Boot.php(67): CodeIgniter\Boot::runCodeIgniter(Object(CodeIgniter\CodeIgniter))
12 FCPATH/index.php(56): CodeIgniter\Boot::bootWeb(Object(Config\Paths))
WARNING - 2025-02-07 17:24:30 --> [DEPRECATED] Passing lowercase HTTP method "post" is deprecated. Use uppercase HTTP method like "POST". in SYSTEMPATH/Router/RouteCollection.php on line 1026.
 1 SYSTEMPATH/Router/RouteCollection.php(1026): trigger_error('Passing lowercase HTTP method "post" is deprecated. Use uppercase HTTP method like "POST".', 16384)
 2 ROOTPATH/Modules/Templates/Config/Routes.php(7): CodeIgniter\Router\RouteCollection->match([...], '/', 'Templates::index')
 3 SYSTEMPATH/Router/RouteCollection.php(799): CodeIgniter\Router\RouteCollection::{closure}(Object(CodeIgniter\Router\RouteCollection))
 4 ROOTPATH/Modules/Templates/Config/Routes.php(4): CodeIgniter\Router\RouteCollection->group('', [...], Object(Closure))
 5 SYSTEMPATH/Router/RouteCollection.php(372): include('/Users/alanmartin/Sites/localhost/hmvc-master/Ci4/Modules/Templates/Config/Routes.php')
 6 SYSTEMPATH/Router/RouteCollection.php(342): CodeIgniter\Router\RouteCollection->discoverRoutes()
 7 SYSTEMPATH/CodeIgniter.php(821): CodeIgniter\Router\RouteCollection->loadRoutes()
 8 SYSTEMPATH/CodeIgniter.php(455): CodeIgniter\CodeIgniter->tryToRouteIt(null)
 9 SYSTEMPATH/CodeIgniter.php(354): CodeIgniter\CodeIgniter->handleRequest(null, Object(Config\Cache), false)
10 SYSTEMPATH/Boot.php(334): CodeIgniter\CodeIgniter->run()
11 SYSTEMPATH/Boot.php(67): CodeIgniter\Boot::runCodeIgniter(Object(CodeIgniter\CodeIgniter))
12 FCPATH/index.php(56): CodeIgniter\Boot::bootWeb(Object(Config\Paths))
DEBUG - 2025-02-07 17:24:30 --> Session: Class initialized using 'CodeIgniter\Session\Handlers\FileHandler' driver.
CRITICAL - 2025-02-07 17:24:30 --> CodeIgniter\View\Exceptions\ViewException: Invalid file: "\Modules\Quiz\Views\pages\result\student_results.php"
[Method: GET, Route: result/index]
in SYSTEMPATH/Exceptions/FrameworkException.php on line 39.
 1 SYSTEMPATH/View/View.php(212): CodeIgniter\Exceptions\FrameworkException::forInvalidFile('\\Modules\\Quiz\\Views\\pages\\result\\student_results.php')
 2 SYSTEMPATH/Common.php(1173): CodeIgniter\View\View->render('\\Modules\\Quiz\\Views\\pages\\result\\student_results', [], true)
 3 ROOTPATH/Modules/Result/Controllers/Result.php(43): view('\\Modules\\Quiz\\Views\\pages\\result\\student_results')
 4 SYSTEMPATH/CodeIgniter.php(933): Modules\Result\Controllers\Result->index()
 5 SYSTEMPATH/CodeIgniter.php(507): CodeIgniter\CodeIgniter->runController(Object(Modules\Result\Controllers\Result))
 6 SYSTEMPATH/CodeIgniter.php(354): CodeIgniter\CodeIgniter->handleRequest(null, Object(Config\Cache), false)
 7 SYSTEMPATH/Boot.php(334): CodeIgniter\CodeIgniter->run()
 8 SYSTEMPATH/Boot.php(67): CodeIgniter\Boot::runCodeIgniter(Object(CodeIgniter\CodeIgniter))
 9 FCPATH/index.php(56): CodeIgniter\Boot::bootWeb(Object(Config\Paths))
WARNING - 2025-02-07 17:26:03 --> [DEPRECATED] Passing lowercase HTTP method "get" is deprecated. Use uppercase HTTP method like "GET". in SYSTEMPATH/Router/RouteCollection.php on line 1026.
 1 SYSTEMPATH/Router/RouteCollection.php(1026): trigger_error('Passing lowercase HTTP method "get" is deprecated. Use uppercase HTTP method like "GET".', 16384)
 2 ROOTPATH/Modules/Templates/Config/Routes.php(7): CodeIgniter\Router\RouteCollection->match([...], '/', 'Templates::index')
 3 SYSTEMPATH/Router/RouteCollection.php(799): CodeIgniter\Router\RouteCollection::{closure}(Object(CodeIgniter\Router\RouteCollection))
 4 ROOTPATH/Modules/Templates/Config/Routes.php(4): CodeIgniter\Router\RouteCollection->group('', [...], Object(Closure))
 5 SYSTEMPATH/Router/RouteCollection.php(372): include('/Users/alanmartin/Sites/localhost/hmvc-master/Ci4/Modules/Templates/Config/Routes.php')
 6 SYSTEMPATH/Router/RouteCollection.php(342): CodeIgniter\Router\RouteCollection->discoverRoutes()
 7 SYSTEMPATH/CodeIgniter.php(821): CodeIgniter\Router\RouteCollection->loadRoutes()
 8 SYSTEMPATH/CodeIgniter.php(455): CodeIgniter\CodeIgniter->tryToRouteIt(null)
 9 SYSTEMPATH/CodeIgniter.php(354): CodeIgniter\CodeIgniter->handleRequest(null, Object(Config\Cache), false)
10 SYSTEMPATH/Boot.php(334): CodeIgniter\CodeIgniter->run()
11 SYSTEMPATH/Boot.php(67): CodeIgniter\Boot::runCodeIgniter(Object(CodeIgniter\CodeIgniter))
12 FCPATH/index.php(56): CodeIgniter\Boot::bootWeb(Object(Config\Paths))
WARNING - 2025-02-07 17:26:03 --> [DEPRECATED] Passing lowercase HTTP method "post" is deprecated. Use uppercase HTTP method like "POST". in SYSTEMPATH/Router/RouteCollection.php on line 1026.
 1 SYSTEMPATH/Router/RouteCollection.php(1026): trigger_error('Passing lowercase HTTP method "post" is deprecated. Use uppercase HTTP method like "POST".', 16384)
 2 ROOTPATH/Modules/Templates/Config/Routes.php(7): CodeIgniter\Router\RouteCollection->match([...], '/', 'Templates::index')
 3 SYSTEMPATH/Router/RouteCollection.php(799): CodeIgniter\Router\RouteCollection::{closure}(Object(CodeIgniter\Router\RouteCollection))
 4 ROOTPATH/Modules/Templates/Config/Routes.php(4): CodeIgniter\Router\RouteCollection->group('', [...], Object(Closure))
 5 SYSTEMPATH/Router/RouteCollection.php(372): include('/Users/alanmartin/Sites/localhost/hmvc-master/Ci4/Modules/Templates/Config/Routes.php')
 6 SYSTEMPATH/Router/RouteCollection.php(342): CodeIgniter\Router\RouteCollection->discoverRoutes()
 7 SYSTEMPATH/CodeIgniter.php(821): CodeIgniter\Router\RouteCollection->loadRoutes()
 8 SYSTEMPATH/CodeIgniter.php(455): CodeIgniter\CodeIgniter->tryToRouteIt(null)
 9 SYSTEMPATH/CodeIgniter.php(354): CodeIgniter\CodeIgniter->handleRequest(null, Object(Config\Cache), false)
10 SYSTEMPATH/Boot.php(334): CodeIgniter\CodeIgniter->run()
11 SYSTEMPATH/Boot.php(67): CodeIgniter\Boot::runCodeIgniter(Object(CodeIgniter\CodeIgniter))
12 FCPATH/index.php(56): CodeIgniter\Boot::bootWeb(Object(Config\Paths))
DEBUG - 2025-02-07 17:26:03 --> Session: Class initialized using 'CodeIgniter\Session\Handlers\FileHandler' driver.
DEBUG - 2025-02-07 17:26:04 --> Session: Class initialized using 'CodeIgniter\Session\Handlers\FileHandler' driver.
WARNING - 2025-02-07 17:26:07 --> [DEPRECATED] Passing lowercase HTTP method "get" is deprecated. Use uppercase HTTP method like "GET". in SYSTEMPATH/Router/RouteCollection.php on line 1026.
 1 SYSTEMPATH/Router/RouteCollection.php(1026): trigger_error('Passing lowercase HTTP method "get" is deprecated. Use uppercase HTTP method like "GET".', 16384)
 2 ROOTPATH/Modules/Templates/Config/Routes.php(7): CodeIgniter\Router\RouteCollection->match([...], '/', 'Templates::index')
 3 SYSTEMPATH/Router/RouteCollection.php(799): CodeIgniter\Router\RouteCollection::{closure}(Object(CodeIgniter\Router\RouteCollection))
 4 ROOTPATH/Modules/Templates/Config/Routes.php(4): CodeIgniter\Router\RouteCollection->group('', [...], Object(Closure))
 5 SYSTEMPATH/Router/RouteCollection.php(372): include('/Users/alanmartin/Sites/localhost/hmvc-master/Ci4/Modules/Templates/Config/Routes.php')
 6 SYSTEMPATH/Router/RouteCollection.php(342): CodeIgniter\Router\RouteCollection->discoverRoutes()
 7 SYSTEMPATH/CodeIgniter.php(821): CodeIgniter\Router\RouteCollection->loadRoutes()
 8 SYSTEMPATH/CodeIgniter.php(455): CodeIgniter\CodeIgniter->tryToRouteIt(null)
 9 SYSTEMPATH/CodeIgniter.php(354): CodeIgniter\CodeIgniter->handleRequest(null, Object(Config\Cache), false)
10 SYSTEMPATH/Boot.php(334): CodeIgniter\CodeIgniter->run()
11 SYSTEMPATH/Boot.php(67): CodeIgniter\Boot::runCodeIgniter(Object(CodeIgniter\CodeIgniter))
12 FCPATH/index.php(56): CodeIgniter\Boot::bootWeb(Object(Config\Paths))
WARNING - 2025-02-07 17:26:07 --> [DEPRECATED] Passing lowercase HTTP method "post" is deprecated. Use uppercase HTTP method like "POST". in SYSTEMPATH/Router/RouteCollection.php on line 1026.
 1 SYSTEMPATH/Router/RouteCollection.php(1026): trigger_error('Passing lowercase HTTP method "post" is deprecated. Use uppercase HTTP method like "POST".', 16384)
 2 ROOTPATH/Modules/Templates/Config/Routes.php(7): CodeIgniter\Router\RouteCollection->match([...], '/', 'Templates::index')
 3 SYSTEMPATH/Router/RouteCollection.php(799): CodeIgniter\Router\RouteCollection::{closure}(Object(CodeIgniter\Router\RouteCollection))
 4 ROOTPATH/Modules/Templates/Config/Routes.php(4): CodeIgniter\Router\RouteCollection->group('', [...], Object(Closure))
 5 SYSTEMPATH/Router/RouteCollection.php(372): include('/Users/alanmartin/Sites/localhost/hmvc-master/Ci4/Modules/Templates/Config/Routes.php')
 6 SYSTEMPATH/Router/RouteCollection.php(342): CodeIgniter\Router\RouteCollection->discoverRoutes()
 7 SYSTEMPATH/CodeIgniter.php(821): CodeIgniter\Router\RouteCollection->loadRoutes()
 8 SYSTEMPATH/CodeIgniter.php(455): CodeIgniter\CodeIgniter->tryToRouteIt(null)
 9 SYSTEMPATH/CodeIgniter.php(354): CodeIgniter\CodeIgniter->handleRequest(null, Object(Config\Cache), false)
10 SYSTEMPATH/Boot.php(334): CodeIgniter\CodeIgniter->run()
11 SYSTEMPATH/Boot.php(67): CodeIgniter\Boot::runCodeIgniter(Object(CodeIgniter\CodeIgniter))
12 FCPATH/index.php(56): CodeIgniter\Boot::bootWeb(Object(Config\Paths))
DEBUG - 2025-02-07 17:26:07 --> Session: Class initialized using 'CodeIgniter\Session\Handlers\FileHandler' driver.
WARNING - 2025-02-07 17:26:07 --> [DEPRECATED] Creation of dynamic property Modules\Quiz\Controllers\Quiz::$db is deprecated in ROOTPATH/Modules/Quiz/Controllers/Quiz.php on line 40.
 1 SYSTEMPATH/CodeIgniter.php(903): Modules\Quiz\Controllers\Quiz->__construct()
 2 SYSTEMPATH/CodeIgniter.php(498): CodeIgniter\CodeIgniter->createController()
 3 SYSTEMPATH/CodeIgniter.php(354): CodeIgniter\CodeIgniter->handleRequest(null, Object(Config\Cache), false)
 4 SYSTEMPATH/Boot.php(334): CodeIgniter\CodeIgniter->run()
 5 SYSTEMPATH/Boot.php(67): CodeIgniter\Boot::runCodeIgniter(Object(CodeIgniter\CodeIgniter))
 6 FCPATH/index.php(56): CodeIgniter\Boot::bootWeb(Object(Config\Paths))
WARNING - 2025-02-07 17:26:07 --> Session: Sessions is enabled, and one exists. Please don't $session->start();
WARNING - 2025-02-07 17:26:07 --> [DEPRECATED] Creation of dynamic property Modules\Quiz\Model\QuizModel::$user is deprecated in ROOTPATH/Modules/Quiz/Model/QuizModel.php on line 108.
 1 ROOTPATH/Modules/Quiz/Controllers/Quiz.php(305): Modules\Quiz\Model\QuizModel->get_quiz()
 2 SYSTEMPATH/CodeIgniter.php(933): Modules\Quiz\Controllers\Quiz->display()
 3 SYSTEMPATH/CodeIgniter.php(507): CodeIgniter\CodeIgniter->runController(Object(Modules\Quiz\Controllers\Quiz))
 4 SYSTEMPATH/CodeIgniter.php(354): CodeIgniter\CodeIgniter->handleRequest(null, Object(Config\Cache), false)
 5 SYSTEMPATH/Boot.php(334): CodeIgniter\CodeIgniter->run()
 6 SYSTEMPATH/Boot.php(67): CodeIgniter\Boot::runCodeIgniter(Object(CodeIgniter\CodeIgniter))
 7 FCPATH/index.php(56): CodeIgniter\Boot::bootWeb(Object(Config\Paths))
DEBUG - 2025-02-07 17:26:08 --> Session: Class initialized using 'CodeIgniter\Session\Handlers\FileHandler' driver.
WARNING - 2025-02-07 17:26:15 --> [DEPRECATED] Passing lowercase HTTP method "get" is deprecated. Use uppercase HTTP method like "GET". in SYSTEMPATH/Router/RouteCollection.php on line 1026.
 1 SYSTEMPATH/Router/RouteCollection.php(1026): trigger_error('Passing lowercase HTTP method "get" is deprecated. Use uppercase HTTP method like "GET".', 16384)
 2 ROOTPATH/Modules/Templates/Config/Routes.php(7): CodeIgniter\Router\RouteCollection->match([...], '/', 'Templates::index')
 3 SYSTEMPATH/Router/RouteCollection.php(799): CodeIgniter\Router\RouteCollection::{closure}(Object(CodeIgniter\Router\RouteCollection))
 4 ROOTPATH/Modules/Templates/Config/Routes.php(4): CodeIgniter\Router\RouteCollection->group('', [...], Object(Closure))
 5 SYSTEMPATH/Router/RouteCollection.php(372): include('/Users/alanmartin/Sites/localhost/hmvc-master/Ci4/Modules/Templates/Config/Routes.php')
 6 SYSTEMPATH/Router/RouteCollection.php(342): CodeIgniter\Router\RouteCollection->discoverRoutes()
 7 SYSTEMPATH/CodeIgniter.php(821): CodeIgniter\Router\RouteCollection->loadRoutes()
 8 SYSTEMPATH/CodeIgniter.php(455): CodeIgniter\CodeIgniter->tryToRouteIt(null)
 9 SYSTEMPATH/CodeIgniter.php(354): CodeIgniter\CodeIgniter->handleRequest(null, Object(Config\Cache), false)
10 SYSTEMPATH/Boot.php(334): CodeIgniter\CodeIgniter->run()
11 SYSTEMPATH/Boot.php(67): CodeIgniter\Boot::runCodeIgniter(Object(CodeIgniter\CodeIgniter))
12 FCPATH/index.php(56): CodeIgniter\Boot::bootWeb(Object(Config\Paths))
WARNING - 2025-02-07 17:26:15 --> [DEPRECATED] Passing lowercase HTTP method "post" is deprecated. Use uppercase HTTP method like "POST". in SYSTEMPATH/Router/RouteCollection.php on line 1026.
 1 SYSTEMPATH/Router/RouteCollection.php(1026): trigger_error('Passing lowercase HTTP method "post" is deprecated. Use uppercase HTTP method like "POST".', 16384)
 2 ROOTPATH/Modules/Templates/Config/Routes.php(7): CodeIgniter\Router\RouteCollection->match([...], '/', 'Templates::index')
 3 SYSTEMPATH/Router/RouteCollection.php(799): CodeIgniter\Router\RouteCollection::{closure}(Object(CodeIgniter\Router\RouteCollection))
 4 ROOTPATH/Modules/Templates/Config/Routes.php(4): CodeIgniter\Router\RouteCollection->group('', [...], Object(Closure))
 5 SYSTEMPATH/Router/RouteCollection.php(372): include('/Users/alanmartin/Sites/localhost/hmvc-master/Ci4/Modules/Templates/Config/Routes.php')
 6 SYSTEMPATH/Router/RouteCollection.php(342): CodeIgniter\Router\RouteCollection->discoverRoutes()
 7 SYSTEMPATH/CodeIgniter.php(821): CodeIgniter\Router\RouteCollection->loadRoutes()
 8 SYSTEMPATH/CodeIgniter.php(455): CodeIgniter\CodeIgniter->tryToRouteIt(null)
 9 SYSTEMPATH/CodeIgniter.php(354): CodeIgniter\CodeIgniter->handleRequest(null, Object(Config\Cache), false)
10 SYSTEMPATH/Boot.php(334): CodeIgniter\CodeIgniter->run()
11 SYSTEMPATH/Boot.php(67): CodeIgniter\Boot::runCodeIgniter(Object(CodeIgniter\CodeIgniter))
12 FCPATH/index.php(56): CodeIgniter\Boot::bootWeb(Object(Config\Paths))
DEBUG - 2025-02-07 17:26:15 --> Session: Class initialized using 'CodeIgniter\Session\Handlers\FileHandler' driver.
WARNING - 2025-02-07 17:26:15 --> [DEPRECATED] Creation of dynamic property Modules\Quiz\Controllers\Quiz::$db is deprecated in ROOTPATH/Modules/Quiz/Controllers/Quiz.php on line 40.
 1 SYSTEMPATH/CodeIgniter.php(903): Modules\Quiz\Controllers\Quiz->__construct()
 2 SYSTEMPATH/CodeIgniter.php(498): CodeIgniter\CodeIgniter->createController()
 3 SYSTEMPATH/CodeIgniter.php(354): CodeIgniter\CodeIgniter->handleRequest(null, Object(Config\Cache), false)
 4 SYSTEMPATH/Boot.php(334): CodeIgniter\CodeIgniter->run()
 5 SYSTEMPATH/Boot.php(67): CodeIgniter\Boot::runCodeIgniter(Object(CodeIgniter\CodeIgniter))
 6 FCPATH/index.php(56): CodeIgniter\Boot::bootWeb(Object(Config\Paths))
WARNING - 2025-02-07 17:26:15 --> Session: Sessions is enabled, and one exists. Please don't $session->start();
WARNING - 2025-02-07 17:26:15 --> [DEPRECATED] Creation of dynamic property CodeIgniter\View\View::$session is deprecated in ROOTPATH/Modules/Quiz/Views/pages/quiz/edit_quiz.php on line 9.
 1 SYSTEMPATH/View/View.php(224): include('/Users/alanmartin/Sites/localhost/hmvc-master/Ci4/Modules/Quiz/Views/pages/quiz/edit_quiz.php')
 2 SYSTEMPATH/View/View.php(227): CodeIgniter\View\View->CodeIgniter\View\{closure}()
 3 SYSTEMPATH/Common.php(1173): CodeIgniter\View\View->render('\\Modules\\Quiz\\Views\\pages\\quiz\\edit_quiz', [], true)
 4 ROOTPATH/Modules/Quiz/Controllers/Quiz.php(336): view('\\Modules\\Quiz\\Views\\pages\\quiz\\edit_quiz', [...])
 5 SYSTEMPATH/CodeIgniter.php(933): Modules\Quiz\Controllers\Quiz->edit('9')
 6 SYSTEMPATH/CodeIgniter.php(507): CodeIgniter\CodeIgniter->runController(Object(Modules\Quiz\Controllers\Quiz))
 7 SYSTEMPATH/CodeIgniter.php(354): CodeIgniter\CodeIgniter->handleRequest(null, Object(Config\Cache), false)
 8 SYSTEMPATH/Boot.php(334): CodeIgniter\CodeIgniter->run()
 9 SYSTEMPATH/Boot.php(67): CodeIgniter\Boot::runCodeIgniter(Object(CodeIgniter\CodeIgniter))
10 FCPATH/index.php(56): CodeIgniter\Boot::bootWeb(Object(Config\Paths))
DEBUG - 2025-02-07 17:26:15 --> Session: Class initialized using 'CodeIgniter\Session\Handlers\FileHandler' driver.
WARNING - 2025-02-07 17:26:18 --> [DEPRECATED] Passing lowercase HTTP method "get" is deprecated. Use uppercase HTTP method like "GET". in SYSTEMPATH/Router/RouteCollection.php on line 1026.
 1 SYSTEMPATH/Router/RouteCollection.php(1026): trigger_error('Passing lowercase HTTP method "get" is deprecated. Use uppercase HTTP method like "GET".', 16384)
 2 ROOTPATH/Modules/Templates/Config/Routes.php(7): CodeIgniter\Router\RouteCollection->match([...], '/', 'Templates::index')
 3 SYSTEMPATH/Router/RouteCollection.php(799): CodeIgniter\Router\RouteCollection::{closure}(Object(CodeIgniter\Router\RouteCollection))
 4 ROOTPATH/Modules/Templates/Config/Routes.php(4): CodeIgniter\Router\RouteCollection->group('', [...], Object(Closure))
 5 SYSTEMPATH/Router/RouteCollection.php(372): include('/Users/alanmartin/Sites/localhost/hmvc-master/Ci4/Modules/Templates/Config/Routes.php')
 6 SYSTEMPATH/Router/RouteCollection.php(342): CodeIgniter\Router\RouteCollection->discoverRoutes()
 7 SYSTEMPATH/CodeIgniter.php(821): CodeIgniter\Router\RouteCollection->loadRoutes()
 8 SYSTEMPATH/CodeIgniter.php(455): CodeIgniter\CodeIgniter->tryToRouteIt(null)
 9 SYSTEMPATH/CodeIgniter.php(354): CodeIgniter\CodeIgniter->handleRequest(null, Object(Config\Cache), false)
10 SYSTEMPATH/Boot.php(334): CodeIgniter\CodeIgniter->run()
11 SYSTEMPATH/Boot.php(67): CodeIgniter\Boot::runCodeIgniter(Object(CodeIgniter\CodeIgniter))
12 FCPATH/index.php(56): CodeIgniter\Boot::bootWeb(Object(Config\Paths))
WARNING - 2025-02-07 17:26:18 --> [DEPRECATED] Passing lowercase HTTP method "post" is deprecated. Use uppercase HTTP method like "POST". in SYSTEMPATH/Router/RouteCollection.php on line 1026.
 1 SYSTEMPATH/Router/RouteCollection.php(1026): trigger_error('Passing lowercase HTTP method "post" is deprecated. Use uppercase HTTP method like "POST".', 16384)
 2 ROOTPATH/Modules/Templates/Config/Routes.php(7): CodeIgniter\Router\RouteCollection->match([...], '/', 'Templates::index')
 3 SYSTEMPATH/Router/RouteCollection.php(799): CodeIgniter\Router\RouteCollection::{closure}(Object(CodeIgniter\Router\RouteCollection))
 4 ROOTPATH/Modules/Templates/Config/Routes.php(4): CodeIgniter\Router\RouteCollection->group('', [...], Object(Closure))
 5 SYSTEMPATH/Router/RouteCollection.php(372): include('/Users/alanmartin/Sites/localhost/hmvc-master/Ci4/Modules/Templates/Config/Routes.php')
 6 SYSTEMPATH/Router/RouteCollection.php(342): CodeIgniter\Router\RouteCollection->discoverRoutes()
 7 SYSTEMPATH/CodeIgniter.php(821): CodeIgniter\Router\RouteCollection->loadRoutes()
 8 SYSTEMPATH/CodeIgniter.php(455): CodeIgniter\CodeIgniter->tryToRouteIt(null)
 9 SYSTEMPATH/CodeIgniter.php(354): CodeIgniter\CodeIgniter->handleRequest(null, Object(Config\Cache), false)
10 SYSTEMPATH/Boot.php(334): CodeIgniter\CodeIgniter->run()
11 SYSTEMPATH/Boot.php(67): CodeIgniter\Boot::runCodeIgniter(Object(CodeIgniter\CodeIgniter))
12 FCPATH/index.php(56): CodeIgniter\Boot::bootWeb(Object(Config\Paths))
DEBUG - 2025-02-07 17:26:18 --> Session: Class initialized using 'CodeIgniter\Session\Handlers\FileHandler' driver.
WARNING - 2025-02-07 17:26:18 --> [DEPRECATED] Creation of dynamic property Modules\Quiz\Controllers\Quiz::$db is deprecated in ROOTPATH/Modules/Quiz/Controllers/Quiz.php on line 40.
 1 SYSTEMPATH/CodeIgniter.php(903): Modules\Quiz\Controllers\Quiz->__construct()
 2 SYSTEMPATH/CodeIgniter.php(498): CodeIgniter\CodeIgniter->createController()
 3 SYSTEMPATH/CodeIgniter.php(354): CodeIgniter\CodeIgniter->handleRequest(null, Object(Config\Cache), false)
 4 SYSTEMPATH/Boot.php(334): CodeIgniter\CodeIgniter->run()
 5 SYSTEMPATH/Boot.php(67): CodeIgniter\Boot::runCodeIgniter(Object(CodeIgniter\CodeIgniter))
 6 FCPATH/index.php(56): CodeIgniter\Boot::bootWeb(Object(Config\Paths))
WARNING - 2025-02-07 17:26:18 --> Session: Sessions is enabled, and one exists. Please don't $session->start();
WARNING - 2025-02-07 17:26:18 --> [DEPRECATED] Creation of dynamic property Modules\Quiz\Model\QuizModel::$user is deprecated in ROOTPATH/Modules/Quiz/Model/QuizModel.php on line 108.
 1 ROOTPATH/Modules/Quiz/Controllers/Quiz.php(356): Modules\Quiz\Model\QuizModel->get_quiz()
 2 SYSTEMPATH/CodeIgniter.php(933): Modules\Quiz\Controllers\Quiz->update('9')
 3 SYSTEMPATH/CodeIgniter.php(507): CodeIgniter\CodeIgniter->runController(Object(Modules\Quiz\Controllers\Quiz))
 4 SYSTEMPATH/CodeIgniter.php(354): CodeIgniter\CodeIgniter->handleRequest(null, Object(Config\Cache), false)
 5 SYSTEMPATH/Boot.php(334): CodeIgniter\CodeIgniter->run()
 6 SYSTEMPATH/Boot.php(67): CodeIgniter\Boot::runCodeIgniter(Object(CodeIgniter\CodeIgniter))
 7 FCPATH/index.php(56): CodeIgniter\Boot::bootWeb(Object(Config\Paths))
DEBUG - 2025-02-07 17:26:18 --> Session: Class initialized using 'CodeIgniter\Session\Handlers\FileHandler' driver.
WARNING - 2025-02-07 17:26:21 --> [DEPRECATED] Passing lowercase HTTP method "get" is deprecated. Use uppercase HTTP method like "GET". in SYSTEMPATH/Router/RouteCollection.php on line 1026.
 1 SYSTEMPATH/Router/RouteCollection.php(1026): trigger_error('Passing lowercase HTTP method "get" is deprecated. Use uppercase HTTP method like "GET".', 16384)
 2 ROOTPATH/Modules/Templates/Config/Routes.php(7): CodeIgniter\Router\RouteCollection->match([...], '/', 'Templates::index')
 3 SYSTEMPATH/Router/RouteCollection.php(799): CodeIgniter\Router\RouteCollection::{closure}(Object(CodeIgniter\Router\RouteCollection))
 4 ROOTPATH/Modules/Templates/Config/Routes.php(4): CodeIgniter\Router\RouteCollection->group('', [...], Object(Closure))
 5 SYSTEMPATH/Router/RouteCollection.php(372): include('/Users/alanmartin/Sites/localhost/hmvc-master/Ci4/Modules/Templates/Config/Routes.php')
 6 SYSTEMPATH/Router/RouteCollection.php(342): CodeIgniter\Router\RouteCollection->discoverRoutes()
 7 SYSTEMPATH/CodeIgniter.php(821): CodeIgniter\Router\RouteCollection->loadRoutes()
 8 SYSTEMPATH/CodeIgniter.php(455): CodeIgniter\CodeIgniter->tryToRouteIt(null)
 9 SYSTEMPATH/CodeIgniter.php(354): CodeIgniter\CodeIgniter->handleRequest(null, Object(Config\Cache), false)
10 SYSTEMPATH/Boot.php(334): CodeIgniter\CodeIgniter->run()
11 SYSTEMPATH/Boot.php(67): CodeIgniter\Boot::runCodeIgniter(Object(CodeIgniter\CodeIgniter))
12 FCPATH/index.php(56): CodeIgniter\Boot::bootWeb(Object(Config\Paths))
WARNING - 2025-02-07 17:26:21 --> [DEPRECATED] Passing lowercase HTTP method "post" is deprecated. Use uppercase HTTP method like "POST". in SYSTEMPATH/Router/RouteCollection.php on line 1026.
 1 SYSTEMPATH/Router/RouteCollection.php(1026): trigger_error('Passing lowercase HTTP method "post" is deprecated. Use uppercase HTTP method like "POST".', 16384)
 2 ROOTPATH/Modules/Templates/Config/Routes.php(7): CodeIgniter\Router\RouteCollection->match([...], '/', 'Templates::index')
 3 SYSTEMPATH/Router/RouteCollection.php(799): CodeIgniter\Router\RouteCollection::{closure}(Object(CodeIgniter\Router\RouteCollection))
 4 ROOTPATH/Modules/Templates/Config/Routes.php(4): CodeIgniter\Router\RouteCollection->group('', [...], Object(Closure))
 5 SYSTEMPATH/Router/RouteCollection.php(372): include('/Users/alanmartin/Sites/localhost/hmvc-master/Ci4/Modules/Templates/Config/Routes.php')
 6 SYSTEMPATH/Router/RouteCollection.php(342): CodeIgniter\Router\RouteCollection->discoverRoutes()
 7 SYSTEMPATH/CodeIgniter.php(821): CodeIgniter\Router\RouteCollection->loadRoutes()
 8 SYSTEMPATH/CodeIgniter.php(455): CodeIgniter\CodeIgniter->tryToRouteIt(null)
 9 SYSTEMPATH/CodeIgniter.php(354): CodeIgniter\CodeIgniter->handleRequest(null, Object(Config\Cache), false)
10 SYSTEMPATH/Boot.php(334): CodeIgniter\CodeIgniter->run()
11 SYSTEMPATH/Boot.php(67): CodeIgniter\Boot::runCodeIgniter(Object(CodeIgniter\CodeIgniter))
12 FCPATH/index.php(56): CodeIgniter\Boot::bootWeb(Object(Config\Paths))
DEBUG - 2025-02-07 17:26:21 --> Session: Class initialized using 'CodeIgniter\Session\Handlers\FileHandler' driver.
DEBUG - 2025-02-07 17:26:21 --> Session: Class initialized using 'CodeIgniter\Session\Handlers\FileHandler' driver.
WARNING - 2025-02-07 17:26:24 --> [DEPRECATED] Passing lowercase HTTP method "get" is deprecated. Use uppercase HTTP method like "GET". in SYSTEMPATH/Router/RouteCollection.php on line 1026.
 1 SYSTEMPATH/Router/RouteCollection.php(1026): trigger_error('Passing lowercase HTTP method "get" is deprecated. Use uppercase HTTP method like "GET".', 16384)
 2 ROOTPATH/Modules/Templates/Config/Routes.php(7): CodeIgniter\Router\RouteCollection->match([...], '/', 'Templates::index')
 3 SYSTEMPATH/Router/RouteCollection.php(799): CodeIgniter\Router\RouteCollection::{closure}(Object(CodeIgniter\Router\RouteCollection))
 4 ROOTPATH/Modules/Templates/Config/Routes.php(4): CodeIgniter\Router\RouteCollection->group('', [...], Object(Closure))
 5 SYSTEMPATH/Router/RouteCollection.php(372): include('/Users/alanmartin/Sites/localhost/hmvc-master/Ci4/Modules/Templates/Config/Routes.php')
 6 SYSTEMPATH/Router/RouteCollection.php(342): CodeIgniter\Router\RouteCollection->discoverRoutes()
 7 SYSTEMPATH/CodeIgniter.php(821): CodeIgniter\Router\RouteCollection->loadRoutes()
 8 SYSTEMPATH/CodeIgniter.php(455): CodeIgniter\CodeIgniter->tryToRouteIt(null)
 9 SYSTEMPATH/CodeIgniter.php(354): CodeIgniter\CodeIgniter->handleRequest(null, Object(Config\Cache), false)
10 SYSTEMPATH/Boot.php(334): CodeIgniter\CodeIgniter->run()
11 SYSTEMPATH/Boot.php(67): CodeIgniter\Boot::runCodeIgniter(Object(CodeIgniter\CodeIgniter))
12 FCPATH/index.php(56): CodeIgniter\Boot::bootWeb(Object(Config\Paths))
WARNING - 2025-02-07 17:26:24 --> [DEPRECATED] Passing lowercase HTTP method "post" is deprecated. Use uppercase HTTP method like "POST". in SYSTEMPATH/Router/RouteCollection.php on line 1026.
 1 SYSTEMPATH/Router/RouteCollection.php(1026): trigger_error('Passing lowercase HTTP method "post" is deprecated. Use uppercase HTTP method like "POST".', 16384)
 2 ROOTPATH/Modules/Templates/Config/Routes.php(7): CodeIgniter\Router\RouteCollection->match([...], '/', 'Templates::index')
 3 SYSTEMPATH/Router/RouteCollection.php(799): CodeIgniter\Router\RouteCollection::{closure}(Object(CodeIgniter\Router\RouteCollection))
 4 ROOTPATH/Modules/Templates/Config/Routes.php(4): CodeIgniter\Router\RouteCollection->group('', [...], Object(Closure))
 5 SYSTEMPATH/Router/RouteCollection.php(372): include('/Users/alanmartin/Sites/localhost/hmvc-master/Ci4/Modules/Templates/Config/Routes.php')
 6 SYSTEMPATH/Router/RouteCollection.php(342): CodeIgniter\Router\RouteCollection->discoverRoutes()
 7 SYSTEMPATH/CodeIgniter.php(821): CodeIgniter\Router\RouteCollection->loadRoutes()
 8 SYSTEMPATH/CodeIgniter.php(455): CodeIgniter\CodeIgniter->tryToRouteIt(null)
 9 SYSTEMPATH/CodeIgniter.php(354): CodeIgniter\CodeIgniter->handleRequest(null, Object(Config\Cache), false)
10 SYSTEMPATH/Boot.php(334): CodeIgniter\CodeIgniter->run()
11 SYSTEMPATH/Boot.php(67): CodeIgniter\Boot::runCodeIgniter(Object(CodeIgniter\CodeIgniter))
12 FCPATH/index.php(56): CodeIgniter\Boot::bootWeb(Object(Config\Paths))
DEBUG - 2025-02-07 17:26:24 --> Session: Class initialized using 'CodeIgniter\Session\Handlers\FileHandler' driver.
WARNING - 2025-02-07 17:26:24 --> [DEPRECATED] Creation of dynamic property Modules\Quiz\Controllers\Quiz::$db is deprecated in ROOTPATH/Modules/Quiz/Controllers/Quiz.php on line 40.
 1 SYSTEMPATH/CodeIgniter.php(903): Modules\Quiz\Controllers\Quiz->__construct()
 2 SYSTEMPATH/CodeIgniter.php(498): CodeIgniter\CodeIgniter->createController()
 3 SYSTEMPATH/CodeIgniter.php(354): CodeIgniter\CodeIgniter->handleRequest(null, Object(Config\Cache), false)
 4 SYSTEMPATH/Boot.php(334): CodeIgniter\CodeIgniter->run()
 5 SYSTEMPATH/Boot.php(67): CodeIgniter\Boot::runCodeIgniter(Object(CodeIgniter\CodeIgniter))
 6 FCPATH/index.php(56): CodeIgniter\Boot::bootWeb(Object(Config\Paths))
WARNING - 2025-02-07 17:26:24 --> Session: Sessions is enabled, and one exists. Please don't $session->start();
WARNING - 2025-02-07 17:26:24 --> [DEPRECATED] Creation of dynamic property Modules\Quiz\Model\QuizModel::$user is deprecated in ROOTPATH/Modules/Quiz/Model/QuizModel.php on line 108.
 1 ROOTPATH/Modules/Quiz/Controllers/Quiz.php(305): Modules\Quiz\Model\QuizModel->get_quiz()
 2 SYSTEMPATH/CodeIgniter.php(933): Modules\Quiz\Controllers\Quiz->display()
 3 SYSTEMPATH/CodeIgniter.php(507): CodeIgniter\CodeIgniter->runController(Object(Modules\Quiz\Controllers\Quiz))
 4 SYSTEMPATH/CodeIgniter.php(354): CodeIgniter\CodeIgniter->handleRequest(null, Object(Config\Cache), false)
 5 SYSTEMPATH/Boot.php(334): CodeIgniter\CodeIgniter->run()
 6 SYSTEMPATH/Boot.php(67): CodeIgniter\Boot::runCodeIgniter(Object(CodeIgniter\CodeIgniter))
 7 FCPATH/index.php(56): CodeIgniter\Boot::bootWeb(Object(Config\Paths))
DEBUG - 2025-02-07 17:26:24 --> Session: Class initialized using 'CodeIgniter\Session\Handlers\FileHandler' driver.
WARNING - 2025-02-07 17:26:27 --> [DEPRECATED] Passing lowercase HTTP method "get" is deprecated. Use uppercase HTTP method like "GET". in SYSTEMPATH/Router/RouteCollection.php on line 1026.
 1 SYSTEMPATH/Router/RouteCollection.php(1026): trigger_error('Passing lowercase HTTP method "get" is deprecated. Use uppercase HTTP method like "GET".', 16384)
 2 ROOTPATH/Modules/Templates/Config/Routes.php(7): CodeIgniter\Router\RouteCollection->match([...], '/', 'Templates::index')
 3 SYSTEMPATH/Router/RouteCollection.php(799): CodeIgniter\Router\RouteCollection::{closure}(Object(CodeIgniter\Router\RouteCollection))
 4 ROOTPATH/Modules/Templates/Config/Routes.php(4): CodeIgniter\Router\RouteCollection->group('', [...], Object(Closure))
 5 SYSTEMPATH/Router/RouteCollection.php(372): include('/Users/alanmartin/Sites/localhost/hmvc-master/Ci4/Modules/Templates/Config/Routes.php')
 6 SYSTEMPATH/Router/RouteCollection.php(342): CodeIgniter\Router\RouteCollection->discoverRoutes()
 7 SYSTEMPATH/CodeIgniter.php(821): CodeIgniter\Router\RouteCollection->loadRoutes()
 8 SYSTEMPATH/CodeIgniter.php(455): CodeIgniter\CodeIgniter->tryToRouteIt(null)
 9 SYSTEMPATH/CodeIgniter.php(354): CodeIgniter\CodeIgniter->handleRequest(null, Object(Config\Cache), false)
10 SYSTEMPATH/Boot.php(334): CodeIgniter\CodeIgniter->run()
11 SYSTEMPATH/Boot.php(67): CodeIgniter\Boot::runCodeIgniter(Object(CodeIgniter\CodeIgniter))
12 FCPATH/index.php(56): CodeIgniter\Boot::bootWeb(Object(Config\Paths))
WARNING - 2025-02-07 17:26:27 --> [DEPRECATED] Passing lowercase HTTP method "post" is deprecated. Use uppercase HTTP method like "POST". in SYSTEMPATH/Router/RouteCollection.php on line 1026.
 1 SYSTEMPATH/Router/RouteCollection.php(1026): trigger_error('Passing lowercase HTTP method "post" is deprecated. Use uppercase HTTP method like "POST".', 16384)
 2 ROOTPATH/Modules/Templates/Config/Routes.php(7): CodeIgniter\Router\RouteCollection->match([...], '/', 'Templates::index')
 3 SYSTEMPATH/Router/RouteCollection.php(799): CodeIgniter\Router\RouteCollection::{closure}(Object(CodeIgniter\Router\RouteCollection))
 4 ROOTPATH/Modules/Templates/Config/Routes.php(4): CodeIgniter\Router\RouteCollection->group('', [...], Object(Closure))
 5 SYSTEMPATH/Router/RouteCollection.php(372): include('/Users/alanmartin/Sites/localhost/hmvc-master/Ci4/Modules/Templates/Config/Routes.php')
 6 SYSTEMPATH/Router/RouteCollection.php(342): CodeIgniter\Router\RouteCollection->discoverRoutes()
 7 SYSTEMPATH/CodeIgniter.php(821): CodeIgniter\Router\RouteCollection->loadRoutes()
 8 SYSTEMPATH/CodeIgniter.php(455): CodeIgniter\CodeIgniter->tryToRouteIt(null)
 9 SYSTEMPATH/CodeIgniter.php(354): CodeIgniter\CodeIgniter->handleRequest(null, Object(Config\Cache), false)
10 SYSTEMPATH/Boot.php(334): CodeIgniter\CodeIgniter->run()
11 SYSTEMPATH/Boot.php(67): CodeIgniter\Boot::runCodeIgniter(Object(CodeIgniter\CodeIgniter))
12 FCPATH/index.php(56): CodeIgniter\Boot::bootWeb(Object(Config\Paths))
DEBUG - 2025-02-07 17:26:27 --> Session: Class initialized using 'CodeIgniter\Session\Handlers\FileHandler' driver.
DEBUG - 2025-02-07 17:26:27 --> Session: Class initialized using 'CodeIgniter\Session\Handlers\FileHandler' driver.
WARNING - 2025-02-07 17:26:33 --> [DEPRECATED] Passing lowercase HTTP method "get" is deprecated. Use uppercase HTTP method like "GET". in SYSTEMPATH/Router/RouteCollection.php on line 1026.
 1 SYSTEMPATH/Router/RouteCollection.php(1026): trigger_error('Passing lowercase HTTP method "get" is deprecated. Use uppercase HTTP method like "GET".', 16384)
 2 ROOTPATH/Modules/Templates/Config/Routes.php(7): CodeIgniter\Router\RouteCollection->match([...], '/', 'Templates::index')
 3 SYSTEMPATH/Router/RouteCollection.php(799): CodeIgniter\Router\RouteCollection::{closure}(Object(CodeIgniter\Router\RouteCollection))
 4 ROOTPATH/Modules/Templates/Config/Routes.php(4): CodeIgniter\Router\RouteCollection->group('', [...], Object(Closure))
 5 SYSTEMPATH/Router/RouteCollection.php(372): include('/Users/alanmartin/Sites/localhost/hmvc-master/Ci4/Modules/Templates/Config/Routes.php')
 6 SYSTEMPATH/Router/RouteCollection.php(342): CodeIgniter\Router\RouteCollection->discoverRoutes()
 7 SYSTEMPATH/CodeIgniter.php(821): CodeIgniter\Router\RouteCollection->loadRoutes()
 8 SYSTEMPATH/CodeIgniter.php(455): CodeIgniter\CodeIgniter->tryToRouteIt(null)
 9 SYSTEMPATH/CodeIgniter.php(354): CodeIgniter\CodeIgniter->handleRequest(null, Object(Config\Cache), false)
10 SYSTEMPATH/Boot.php(334): CodeIgniter\CodeIgniter->run()
11 SYSTEMPATH/Boot.php(67): CodeIgniter\Boot::runCodeIgniter(Object(CodeIgniter\CodeIgniter))
12 FCPATH/index.php(56): CodeIgniter\Boot::bootWeb(Object(Config\Paths))
WARNING - 2025-02-07 17:26:33 --> [DEPRECATED] Passing lowercase HTTP method "post" is deprecated. Use uppercase HTTP method like "POST". in SYSTEMPATH/Router/RouteCollection.php on line 1026.
 1 SYSTEMPATH/Router/RouteCollection.php(1026): trigger_error('Passing lowercase HTTP method "post" is deprecated. Use uppercase HTTP method like "POST".', 16384)
 2 ROOTPATH/Modules/Templates/Config/Routes.php(7): CodeIgniter\Router\RouteCollection->match([...], '/', 'Templates::index')
 3 SYSTEMPATH/Router/RouteCollection.php(799): CodeIgniter\Router\RouteCollection::{closure}(Object(CodeIgniter\Router\RouteCollection))
 4 ROOTPATH/Modules/Templates/Config/Routes.php(4): CodeIgniter\Router\RouteCollection->group('', [...], Object(Closure))
 5 SYSTEMPATH/Router/RouteCollection.php(372): include('/Users/alanmartin/Sites/localhost/hmvc-master/Ci4/Modules/Templates/Config/Routes.php')
 6 SYSTEMPATH/Router/RouteCollection.php(342): CodeIgniter\Router\RouteCollection->discoverRoutes()
 7 SYSTEMPATH/CodeIgniter.php(821): CodeIgniter\Router\RouteCollection->loadRoutes()
 8 SYSTEMPATH/CodeIgniter.php(455): CodeIgniter\CodeIgniter->tryToRouteIt(null)
 9 SYSTEMPATH/CodeIgniter.php(354): CodeIgniter\CodeIgniter->handleRequest(null, Object(Config\Cache), false)
10 SYSTEMPATH/Boot.php(334): CodeIgniter\CodeIgniter->run()
11 SYSTEMPATH/Boot.php(67): CodeIgniter\Boot::runCodeIgniter(Object(CodeIgniter\CodeIgniter))
12 FCPATH/index.php(56): CodeIgniter\Boot::bootWeb(Object(Config\Paths))
DEBUG - 2025-02-07 17:26:33 --> Session: Class initialized using 'CodeIgniter\Session\Handlers\FileHandler' driver.
DEBUG - 2025-02-07 17:26:33 --> Session: Class initialized using 'CodeIgniter\Session\Handlers\FileHandler' driver.
WARNING - 2025-02-07 17:27:41 --> [DEPRECATED] Passing lowercase HTTP method "get" is deprecated. Use uppercase HTTP method like "GET". in SYSTEMPATH/Router/RouteCollection.php on line 1026.
 1 SYSTEMPATH/Router/RouteCollection.php(1026): trigger_error('Passing lowercase HTTP method "get" is deprecated. Use uppercase HTTP method like "GET".', 16384)
 2 ROOTPATH/Modules/Templates/Config/Routes.php(7): CodeIgniter\Router\RouteCollection->match([...], '/', 'Templates::index')
 3 SYSTEMPATH/Router/RouteCollection.php(799): CodeIgniter\Router\RouteCollection::{closure}(Object(CodeIgniter\Router\RouteCollection))
 4 ROOTPATH/Modules/Templates/Config/Routes.php(4): CodeIgniter\Router\RouteCollection->group('', [...], Object(Closure))
 5 SYSTEMPATH/Router/RouteCollection.php(372): include('/Users/alanmartin/Sites/localhost/hmvc-master/Ci4/Modules/Templates/Config/Routes.php')
 6 SYSTEMPATH/Router/RouteCollection.php(342): CodeIgniter\Router\RouteCollection->discoverRoutes()
 7 SYSTEMPATH/CodeIgniter.php(821): CodeIgniter\Router\RouteCollection->loadRoutes()
 8 SYSTEMPATH/CodeIgniter.php(455): CodeIgniter\CodeIgniter->tryToRouteIt(null)
 9 SYSTEMPATH/CodeIgniter.php(354): CodeIgniter\CodeIgniter->handleRequest(null, Object(Config\Cache), false)
10 SYSTEMPATH/Boot.php(334): CodeIgniter\CodeIgniter->run()
11 SYSTEMPATH/Boot.php(67): CodeIgniter\Boot::runCodeIgniter(Object(CodeIgniter\CodeIgniter))
12 FCPATH/index.php(56): CodeIgniter\Boot::bootWeb(Object(Config\Paths))
WARNING - 2025-02-07 17:27:41 --> [DEPRECATED] Passing lowercase HTTP method "post" is deprecated. Use uppercase HTTP method like "POST". in SYSTEMPATH/Router/RouteCollection.php on line 1026.
 1 SYSTEMPATH/Router/RouteCollection.php(1026): trigger_error('Passing lowercase HTTP method "post" is deprecated. Use uppercase HTTP method like "POST".', 16384)
 2 ROOTPATH/Modules/Templates/Config/Routes.php(7): CodeIgniter\Router\RouteCollection->match([...], '/', 'Templates::index')
 3 SYSTEMPATH/Router/RouteCollection.php(799): CodeIgniter\Router\RouteCollection::{closure}(Object(CodeIgniter\Router\RouteCollection))
 4 ROOTPATH/Modules/Templates/Config/Routes.php(4): CodeIgniter\Router\RouteCollection->group('', [...], Object(Closure))
 5 SYSTEMPATH/Router/RouteCollection.php(372): include('/Users/alanmartin/Sites/localhost/hmvc-master/Ci4/Modules/Templates/Config/Routes.php')
 6 SYSTEMPATH/Router/RouteCollection.php(342): CodeIgniter\Router\RouteCollection->discoverRoutes()
 7 SYSTEMPATH/CodeIgniter.php(821): CodeIgniter\Router\RouteCollection->loadRoutes()
 8 SYSTEMPATH/CodeIgniter.php(455): CodeIgniter\CodeIgniter->tryToRouteIt(null)
 9 SYSTEMPATH/CodeIgniter.php(354): CodeIgniter\CodeIgniter->handleRequest(null, Object(Config\Cache), false)
10 SYSTEMPATH/Boot.php(334): CodeIgniter\CodeIgniter->run()
11 SYSTEMPATH/Boot.php(67): CodeIgniter\Boot::runCodeIgniter(Object(CodeIgniter\CodeIgniter))
12 FCPATH/index.php(56): CodeIgniter\Boot::bootWeb(Object(Config\Paths))
DEBUG - 2025-02-07 17:27:41 --> Session: Class initialized using 'CodeIgniter\Session\Handlers\FileHandler' driver.
WARNING - 2025-02-07 17:27:41 --> [DEPRECATED] Passing lowercase HTTP method "get" is deprecated. Use uppercase HTTP method like "GET". in SYSTEMPATH/Router/RouteCollection.php on line 1026.
 1 SYSTEMPATH/Router/RouteCollection.php(1026): trigger_error('Passing lowercase HTTP method "get" is deprecated. Use uppercase HTTP method like "GET".', 16384)
 2 ROOTPATH/Modules/Templates/Config/Routes.php(7): CodeIgniter\Router\RouteCollection->match([...], '/', 'Templates::index')
 3 SYSTEMPATH/Router/RouteCollection.php(799): CodeIgniter\Router\RouteCollection::{closure}(Object(CodeIgniter\Router\RouteCollection))
 4 ROOTPATH/Modules/Templates/Config/Routes.php(4): CodeIgniter\Router\RouteCollection->group('', [...], Object(Closure))
 5 SYSTEMPATH/Router/RouteCollection.php(372): include('/Users/alanmartin/Sites/localhost/hmvc-master/Ci4/Modules/Templates/Config/Routes.php')
 6 SYSTEMPATH/Router/RouteCollection.php(342): CodeIgniter\Router\RouteCollection->discoverRoutes()
 7 SYSTEMPATH/CodeIgniter.php(821): CodeIgniter\Router\RouteCollection->loadRoutes()
 8 SYSTEMPATH/CodeIgniter.php(455): CodeIgniter\CodeIgniter->tryToRouteIt(null)
 9 SYSTEMPATH/CodeIgniter.php(354): CodeIgniter\CodeIgniter->handleRequest(null, Object(Config\Cache), false)
10 SYSTEMPATH/Boot.php(334): CodeIgniter\CodeIgniter->run()
11 SYSTEMPATH/Boot.php(67): CodeIgniter\Boot::runCodeIgniter(Object(CodeIgniter\CodeIgniter))
12 FCPATH/index.php(56): CodeIgniter\Boot::bootWeb(Object(Config\Paths))
WARNING - 2025-02-07 17:27:41 --> [DEPRECATED] Passing lowercase HTTP method "post" is deprecated. Use uppercase HTTP method like "POST". in SYSTEMPATH/Router/RouteCollection.php on line 1026.
 1 SYSTEMPATH/Router/RouteCollection.php(1026): trigger_error('Passing lowercase HTTP method "post" is deprecated. Use uppercase HTTP method like "POST".', 16384)
 2 ROOTPATH/Modules/Templates/Config/Routes.php(7): CodeIgniter\Router\RouteCollection->match([...], '/', 'Templates::index')
 3 SYSTEMPATH/Router/RouteCollection.php(799): CodeIgniter\Router\RouteCollection::{closure}(Object(CodeIgniter\Router\RouteCollection))
 4 ROOTPATH/Modules/Templates/Config/Routes.php(4): CodeIgniter\Router\RouteCollection->group('', [...], Object(Closure))
 5 SYSTEMPATH/Router/RouteCollection.php(372): include('/Users/alanmartin/Sites/localhost/hmvc-master/Ci4/Modules/Templates/Config/Routes.php')
 6 SYSTEMPATH/Router/RouteCollection.php(342): CodeIgniter\Router\RouteCollection->discoverRoutes()
 7 SYSTEMPATH/CodeIgniter.php(821): CodeIgniter\Router\RouteCollection->loadRoutes()
 8 SYSTEMPATH/CodeIgniter.php(455): CodeIgniter\CodeIgniter->tryToRouteIt(null)
 9 SYSTEMPATH/CodeIgniter.php(354): CodeIgniter\CodeIgniter->handleRequest(null, Object(Config\Cache), false)
10 SYSTEMPATH/Boot.php(334): CodeIgniter\CodeIgniter->run()
11 SYSTEMPATH/Boot.php(67): CodeIgniter\Boot::runCodeIgniter(Object(CodeIgniter\CodeIgniter))
12 FCPATH/index.php(56): CodeIgniter\Boot::bootWeb(Object(Config\Paths))
DEBUG - 2025-02-07 17:27:41 --> Session: Class initialized using 'CodeIgniter\Session\Handlers\FileHandler' driver.
DEBUG - 2025-02-07 17:27:41 --> Session: Class initialized using 'CodeIgniter\Session\Handlers\FileHandler' driver.
WARNING - 2025-02-07 17:27:45 --> [DEPRECATED] Passing lowercase HTTP method "get" is deprecated. Use uppercase HTTP method like "GET". in SYSTEMPATH/Router/RouteCollection.php on line 1026.
 1 SYSTEMPATH/Router/RouteCollection.php(1026): trigger_error('Passing lowercase HTTP method "get" is deprecated. Use uppercase HTTP method like "GET".', 16384)
 2 ROOTPATH/Modules/Templates/Config/Routes.php(7): CodeIgniter\Router\RouteCollection->match([...], '/', 'Templates::index')
 3 SYSTEMPATH/Router/RouteCollection.php(799): CodeIgniter\Router\RouteCollection::{closure}(Object(CodeIgniter\Router\RouteCollection))
 4 ROOTPATH/Modules/Templates/Config/Routes.php(4): CodeIgniter\Router\RouteCollection->group('', [...], Object(Closure))
 5 SYSTEMPATH/Router/RouteCollection.php(372): include('/Users/alanmartin/Sites/localhost/hmvc-master/Ci4/Modules/Templates/Config/Routes.php')
 6 SYSTEMPATH/Router/RouteCollection.php(342): CodeIgniter\Router\RouteCollection->discoverRoutes()
 7 SYSTEMPATH/CodeIgniter.php(821): CodeIgniter\Router\RouteCollection->loadRoutes()
 8 SYSTEMPATH/CodeIgniter.php(455): CodeIgniter\CodeIgniter->tryToRouteIt(null)
 9 SYSTEMPATH/CodeIgniter.php(354): CodeIgniter\CodeIgniter->handleRequest(null, Object(Config\Cache), false)
10 SYSTEMPATH/Boot.php(334): CodeIgniter\CodeIgniter->run()
11 SYSTEMPATH/Boot.php(67): CodeIgniter\Boot::runCodeIgniter(Object(CodeIgniter\CodeIgniter))
12 FCPATH/index.php(56): CodeIgniter\Boot::bootWeb(Object(Config\Paths))
WARNING - 2025-02-07 17:27:45 --> [DEPRECATED] Passing lowercase HTTP method "post" is deprecated. Use uppercase HTTP method like "POST". in SYSTEMPATH/Router/RouteCollection.php on line 1026.
 1 SYSTEMPATH/Router/RouteCollection.php(1026): trigger_error('Passing lowercase HTTP method "post" is deprecated. Use uppercase HTTP method like "POST".', 16384)
 2 ROOTPATH/Modules/Templates/Config/Routes.php(7): CodeIgniter\Router\RouteCollection->match([...], '/', 'Templates::index')
 3 SYSTEMPATH/Router/RouteCollection.php(799): CodeIgniter\Router\RouteCollection::{closure}(Object(CodeIgniter\Router\RouteCollection))
 4 ROOTPATH/Modules/Templates/Config/Routes.php(4): CodeIgniter\Router\RouteCollection->group('', [...], Object(Closure))
 5 SYSTEMPATH/Router/RouteCollection.php(372): include('/Users/alanmartin/Sites/localhost/hmvc-master/Ci4/Modules/Templates/Config/Routes.php')
 6 SYSTEMPATH/Router/RouteCollection.php(342): CodeIgniter\Router\RouteCollection->discoverRoutes()
 7 SYSTEMPATH/CodeIgniter.php(821): CodeIgniter\Router\RouteCollection->loadRoutes()
 8 SYSTEMPATH/CodeIgniter.php(455): CodeIgniter\CodeIgniter->tryToRouteIt(null)
 9 SYSTEMPATH/CodeIgniter.php(354): CodeIgniter\CodeIgniter->handleRequest(null, Object(Config\Cache), false)
10 SYSTEMPATH/Boot.php(334): CodeIgniter\CodeIgniter->run()
11 SYSTEMPATH/Boot.php(67): CodeIgniter\Boot::runCodeIgniter(Object(CodeIgniter\CodeIgniter))
12 FCPATH/index.php(56): CodeIgniter\Boot::bootWeb(Object(Config\Paths))
DEBUG - 2025-02-07 17:27:46 --> Session: Class initialized using 'CodeIgniter\Session\Handlers\FileHandler' driver.
WARNING - 2025-02-07 17:27:46 --> [DEPRECATED] Passing lowercase HTTP method "get" is deprecated. Use uppercase HTTP method like "GET". in SYSTEMPATH/Router/RouteCollection.php on line 1026.
 1 SYSTEMPATH/Router/RouteCollection.php(1026): trigger_error('Passing lowercase HTTP method "get" is deprecated. Use uppercase HTTP method like "GET".', 16384)
 2 ROOTPATH/Modules/Templates/Config/Routes.php(7): CodeIgniter\Router\RouteCollection->match([...], '/', 'Templates::index')
 3 SYSTEMPATH/Router/RouteCollection.php(799): CodeIgniter\Router\RouteCollection::{closure}(Object(CodeIgniter\Router\RouteCollection))
 4 ROOTPATH/Modules/Templates/Config/Routes.php(4): CodeIgniter\Router\RouteCollection->group('', [...], Object(Closure))
 5 SYSTEMPATH/Router/RouteCollection.php(372): include('/Users/alanmartin/Sites/localhost/hmvc-master/Ci4/Modules/Templates/Config/Routes.php')
 6 SYSTEMPATH/Router/RouteCollection.php(342): CodeIgniter\Router\RouteCollection->discoverRoutes()
 7 SYSTEMPATH/CodeIgniter.php(821): CodeIgniter\Router\RouteCollection->loadRoutes()
 8 SYSTEMPATH/CodeIgniter.php(455): CodeIgniter\CodeIgniter->tryToRouteIt(null)
 9 SYSTEMPATH/CodeIgniter.php(354): CodeIgniter\CodeIgniter->handleRequest(null, Object(Config\Cache), false)
10 SYSTEMPATH/Boot.php(334): CodeIgniter\CodeIgniter->run()
11 SYSTEMPATH/Boot.php(67): CodeIgniter\Boot::runCodeIgniter(Object(CodeIgniter\CodeIgniter))
12 FCPATH/index.php(56): CodeIgniter\Boot::bootWeb(Object(Config\Paths))
WARNING - 2025-02-07 17:27:46 --> [DEPRECATED] Passing lowercase HTTP method "post" is deprecated. Use uppercase HTTP method like "POST". in SYSTEMPATH/Router/RouteCollection.php on line 1026.
 1 SYSTEMPATH/Router/RouteCollection.php(1026): trigger_error('Passing lowercase HTTP method "post" is deprecated. Use uppercase HTTP method like "POST".', 16384)
 2 ROOTPATH/Modules/Templates/Config/Routes.php(7): CodeIgniter\Router\RouteCollection->match([...], '/', 'Templates::index')
 3 SYSTEMPATH/Router/RouteCollection.php(799): CodeIgniter\Router\RouteCollection::{closure}(Object(CodeIgniter\Router\RouteCollection))
 4 ROOTPATH/Modules/Templates/Config/Routes.php(4): CodeIgniter\Router\RouteCollection->group('', [...], Object(Closure))
 5 SYSTEMPATH/Router/RouteCollection.php(372): include('/Users/alanmartin/Sites/localhost/hmvc-master/Ci4/Modules/Templates/Config/Routes.php')
 6 SYSTEMPATH/Router/RouteCollection.php(342): CodeIgniter\Router\RouteCollection->discoverRoutes()
 7 SYSTEMPATH/CodeIgniter.php(821): CodeIgniter\Router\RouteCollection->loadRoutes()
 8 SYSTEMPATH/CodeIgniter.php(455): CodeIgniter\CodeIgniter->tryToRouteIt(null)
 9 SYSTEMPATH/CodeIgniter.php(354): CodeIgniter\CodeIgniter->handleRequest(null, Object(Config\Cache), false)
10 SYSTEMPATH/Boot.php(334): CodeIgniter\CodeIgniter->run()
11 SYSTEMPATH/Boot.php(67): CodeIgniter\Boot::runCodeIgniter(Object(CodeIgniter\CodeIgniter))
12 FCPATH/index.php(56): CodeIgniter\Boot::bootWeb(Object(Config\Paths))
DEBUG - 2025-02-07 17:27:46 --> Session: Class initialized using 'CodeIgniter\Session\Handlers\FileHandler' driver.
WARNING - 2025-02-07 17:27:46 --> [DEPRECATED] Creation of dynamic property Modules\Quiz\Controllers\Quiz::$db is deprecated in ROOTPATH/Modules/Quiz/Controllers/Quiz.php on line 40.
 1 SYSTEMPATH/CodeIgniter.php(903): Modules\Quiz\Controllers\Quiz->__construct()
 2 SYSTEMPATH/CodeIgniter.php(498): CodeIgniter\CodeIgniter->createController()
 3 SYSTEMPATH/CodeIgniter.php(354): CodeIgniter\CodeIgniter->handleRequest(null, Object(Config\Cache), false)
 4 SYSTEMPATH/Boot.php(334): CodeIgniter\CodeIgniter->run()
 5 SYSTEMPATH/Boot.php(67): CodeIgniter\Boot::runCodeIgniter(Object(CodeIgniter\CodeIgniter))
 6 FCPATH/index.php(56): CodeIgniter\Boot::bootWeb(Object(Config\Paths))
WARNING - 2025-02-07 17:27:46 --> Session: Sessions is enabled, and one exists. Please don't $session->start();
WARNING - 2025-02-07 17:27:46 --> [DEPRECATED] Creation of dynamic property Modules\Quiz\Model\QuizModel::$user is deprecated in ROOTPATH/Modules/Quiz/Model/QuizModel.php on line 108.
 1 ROOTPATH/Modules/Quiz/Controllers/Quiz.php(305): Modules\Quiz\Model\QuizModel->get_quiz()
 2 SYSTEMPATH/CodeIgniter.php(933): Modules\Quiz\Controllers\Quiz->display()
 3 SYSTEMPATH/CodeIgniter.php(507): CodeIgniter\CodeIgniter->runController(Object(Modules\Quiz\Controllers\Quiz))
 4 SYSTEMPATH/CodeIgniter.php(354): CodeIgniter\CodeIgniter->handleRequest(null, Object(Config\Cache), false)
 5 SYSTEMPATH/Boot.php(334): CodeIgniter\CodeIgniter->run()
 6 SYSTEMPATH/Boot.php(67): CodeIgniter\Boot::runCodeIgniter(Object(CodeIgniter\CodeIgniter))
 7 FCPATH/index.php(56): CodeIgniter\Boot::bootWeb(Object(Config\Paths))
DEBUG - 2025-02-07 17:27:46 --> Session: Class initialized using 'CodeIgniter\Session\Handlers\FileHandler' driver.
WARNING - 2025-02-07 17:27:51 --> [DEPRECATED] Passing lowercase HTTP method "get" is deprecated. Use uppercase HTTP method like "GET". in SYSTEMPATH/Router/RouteCollection.php on line 1026.
 1 SYSTEMPATH/Router/RouteCollection.php(1026): trigger_error('Passing lowercase HTTP method "get" is deprecated. Use uppercase HTTP method like "GET".', 16384)
 2 ROOTPATH/Modules/Templates/Config/Routes.php(7): CodeIgniter\Router\RouteCollection->match([...], '/', 'Templates::index')
 3 SYSTEMPATH/Router/RouteCollection.php(799): CodeIgniter\Router\RouteCollection::{closure}(Object(CodeIgniter\Router\RouteCollection))
 4 ROOTPATH/Modules/Templates/Config/Routes.php(4): CodeIgniter\Router\RouteCollection->group('', [...], Object(Closure))
 5 SYSTEMPATH/Router/RouteCollection.php(372): include('/Users/alanmartin/Sites/localhost/hmvc-master/Ci4/Modules/Templates/Config/Routes.php')
 6 SYSTEMPATH/Router/RouteCollection.php(342): CodeIgniter\Router\RouteCollection->discoverRoutes()
 7 SYSTEMPATH/CodeIgniter.php(821): CodeIgniter\Router\RouteCollection->loadRoutes()
 8 SYSTEMPATH/CodeIgniter.php(455): CodeIgniter\CodeIgniter->tryToRouteIt(null)
 9 SYSTEMPATH/CodeIgniter.php(354): CodeIgniter\CodeIgniter->handleRequest(null, Object(Config\Cache), false)
10 SYSTEMPATH/Boot.php(334): CodeIgniter\CodeIgniter->run()
11 SYSTEMPATH/Boot.php(67): CodeIgniter\Boot::runCodeIgniter(Object(CodeIgniter\CodeIgniter))
12 FCPATH/index.php(56): CodeIgniter\Boot::bootWeb(Object(Config\Paths))
WARNING - 2025-02-07 17:27:51 --> [DEPRECATED] Passing lowercase HTTP method "post" is deprecated. Use uppercase HTTP method like "POST". in SYSTEMPATH/Router/RouteCollection.php on line 1026.
 1 SYSTEMPATH/Router/RouteCollection.php(1026): trigger_error('Passing lowercase HTTP method "post" is deprecated. Use uppercase HTTP method like "POST".', 16384)
 2 ROOTPATH/Modules/Templates/Config/Routes.php(7): CodeIgniter\Router\RouteCollection->match([...], '/', 'Templates::index')
 3 SYSTEMPATH/Router/RouteCollection.php(799): CodeIgniter\Router\RouteCollection::{closure}(Object(CodeIgniter\Router\RouteCollection))
 4 ROOTPATH/Modules/Templates/Config/Routes.php(4): CodeIgniter\Router\RouteCollection->group('', [...], Object(Closure))
 5 SYSTEMPATH/Router/RouteCollection.php(372): include('/Users/alanmartin/Sites/localhost/hmvc-master/Ci4/Modules/Templates/Config/Routes.php')
 6 SYSTEMPATH/Router/RouteCollection.php(342): CodeIgniter\Router\RouteCollection->discoverRoutes()
 7 SYSTEMPATH/CodeIgniter.php(821): CodeIgniter\Router\RouteCollection->loadRoutes()
 8 SYSTEMPATH/CodeIgniter.php(455): CodeIgniter\CodeIgniter->tryToRouteIt(null)
 9 SYSTEMPATH/CodeIgniter.php(354): CodeIgniter\CodeIgniter->handleRequest(null, Object(Config\Cache), false)
10 SYSTEMPATH/Boot.php(334): CodeIgniter\CodeIgniter->run()
11 SYSTEMPATH/Boot.php(67): CodeIgniter\Boot::runCodeIgniter(Object(CodeIgniter\CodeIgniter))
12 FCPATH/index.php(56): CodeIgniter\Boot::bootWeb(Object(Config\Paths))
DEBUG - 2025-02-07 17:27:52 --> Session: Class initialized using 'CodeIgniter\Session\Handlers\FileHandler' driver.
DEBUG - 2025-02-07 17:27:52 --> Session: Class initialized using 'CodeIgniter\Session\Handlers\FileHandler' driver.
WARNING - 2025-02-07 17:27:57 --> [DEPRECATED] Passing lowercase HTTP method "get" is deprecated. Use uppercase HTTP method like "GET". in SYSTEMPATH/Router/RouteCollection.php on line 1026.
 1 SYSTEMPATH/Router/RouteCollection.php(1026): trigger_error('Passing lowercase HTTP method "get" is deprecated. Use uppercase HTTP method like "GET".', 16384)
 2 ROOTPATH/Modules/Templates/Config/Routes.php(7): CodeIgniter\Router\RouteCollection->match([...], '/', 'Templates::index')
 3 SYSTEMPATH/Router/RouteCollection.php(799): CodeIgniter\Router\RouteCollection::{closure}(Object(CodeIgniter\Router\RouteCollection))
 4 ROOTPATH/Modules/Templates/Config/Routes.php(4): CodeIgniter\Router\RouteCollection->group('', [...], Object(Closure))
 5 SYSTEMPATH/Router/RouteCollection.php(372): include('/Users/alanmartin/Sites/localhost/hmvc-master/Ci4/Modules/Templates/Config/Routes.php')
 6 SYSTEMPATH/Router/RouteCollection.php(342): CodeIgniter\Router\RouteCollection->discoverRoutes()
 7 SYSTEMPATH/CodeIgniter.php(821): CodeIgniter\Router\RouteCollection->loadRoutes()
 8 SYSTEMPATH/CodeIgniter.php(455): CodeIgniter\CodeIgniter->tryToRouteIt(null)
 9 SYSTEMPATH/CodeIgniter.php(354): CodeIgniter\CodeIgniter->handleRequest(null, Object(Config\Cache), false)
10 SYSTEMPATH/Boot.php(334): CodeIgniter\CodeIgniter->run()
11 SYSTEMPATH/Boot.php(67): CodeIgniter\Boot::runCodeIgniter(Object(CodeIgniter\CodeIgniter))
12 FCPATH/index.php(56): CodeIgniter\Boot::bootWeb(Object(Config\Paths))
WARNING - 2025-02-07 17:27:57 --> [DEPRECATED] Passing lowercase HTTP method "post" is deprecated. Use uppercase HTTP method like "POST". in SYSTEMPATH/Router/RouteCollection.php on line 1026.
 1 SYSTEMPATH/Router/RouteCollection.php(1026): trigger_error('Passing lowercase HTTP method "post" is deprecated. Use uppercase HTTP method like "POST".', 16384)
 2 ROOTPATH/Modules/Templates/Config/Routes.php(7): CodeIgniter\Router\RouteCollection->match([...], '/', 'Templates::index')
 3 SYSTEMPATH/Router/RouteCollection.php(799): CodeIgniter\Router\RouteCollection::{closure}(Object(CodeIgniter\Router\RouteCollection))
 4 ROOTPATH/Modules/Templates/Config/Routes.php(4): CodeIgniter\Router\RouteCollection->group('', [...], Object(Closure))
 5 SYSTEMPATH/Router/RouteCollection.php(372): include('/Users/alanmartin/Sites/localhost/hmvc-master/Ci4/Modules/Templates/Config/Routes.php')
 6 SYSTEMPATH/Router/RouteCollection.php(342): CodeIgniter\Router\RouteCollection->discoverRoutes()
 7 SYSTEMPATH/CodeIgniter.php(821): CodeIgniter\Router\RouteCollection->loadRoutes()
 8 SYSTEMPATH/CodeIgniter.php(455): CodeIgniter\CodeIgniter->tryToRouteIt(null)
 9 SYSTEMPATH/CodeIgniter.php(354): CodeIgniter\CodeIgniter->handleRequest(null, Object(Config\Cache), false)
10 SYSTEMPATH/Boot.php(334): CodeIgniter\CodeIgniter->run()
11 SYSTEMPATH/Boot.php(67): CodeIgniter\Boot::runCodeIgniter(Object(CodeIgniter\CodeIgniter))
12 FCPATH/index.php(56): CodeIgniter\Boot::bootWeb(Object(Config\Paths))
DEBUG - 2025-02-07 17:27:57 --> Session: Class initialized using 'CodeIgniter\Session\Handlers\FileHandler' driver.
WARNING - 2025-02-07 17:27:57 --> [DEPRECATED] Creation of dynamic property Modules\Quiz\Controllers\Quiz::$db is deprecated in ROOTPATH/Modules/Quiz/Controllers/Quiz.php on line 40.
 1 SYSTEMPATH/CodeIgniter.php(903): Modules\Quiz\Controllers\Quiz->__construct()
 2 SYSTEMPATH/CodeIgniter.php(498): CodeIgniter\CodeIgniter->createController()
 3 SYSTEMPATH/CodeIgniter.php(354): CodeIgniter\CodeIgniter->handleRequest(null, Object(Config\Cache), false)
 4 SYSTEMPATH/Boot.php(334): CodeIgniter\CodeIgniter->run()
 5 SYSTEMPATH/Boot.php(67): CodeIgniter\Boot::runCodeIgniter(Object(CodeIgniter\CodeIgniter))
 6 FCPATH/index.php(56): CodeIgniter\Boot::bootWeb(Object(Config\Paths))
WARNING - 2025-02-07 17:27:57 --> Session: Sessions is enabled, and one exists. Please don't $session->start();
WARNING - 2025-02-07 17:27:57 --> [DEPRECATED] Creation of dynamic property Modules\Quiz\Model\QuizModel::$user is deprecated in ROOTPATH/Modules/Quiz/Model/QuizModel.php on line 108.
 1 ROOTPATH/Modules/Quiz/Controllers/Quiz.php(305): Modules\Quiz\Model\QuizModel->get_quiz()
 2 SYSTEMPATH/CodeIgniter.php(933): Modules\Quiz\Controllers\Quiz->display()
 3 SYSTEMPATH/CodeIgniter.php(507): CodeIgniter\CodeIgniter->runController(Object(Modules\Quiz\Controllers\Quiz))
 4 SYSTEMPATH/CodeIgniter.php(354): CodeIgniter\CodeIgniter->handleRequest(null, Object(Config\Cache), false)
 5 SYSTEMPATH/Boot.php(334): CodeIgniter\CodeIgniter->run()
 6 SYSTEMPATH/Boot.php(67): CodeIgniter\Boot::runCodeIgniter(Object(CodeIgniter\CodeIgniter))
 7 FCPATH/index.php(56): CodeIgniter\Boot::bootWeb(Object(Config\Paths))
DEBUG - 2025-02-07 17:27:57 --> Session: Class initialized using 'CodeIgniter\Session\Handlers\FileHandler' driver.
WARNING - 2025-02-07 17:29:41 --> [DEPRECATED] Passing lowercase HTTP method "get" is deprecated. Use uppercase HTTP method like "GET". in SYSTEMPATH/Router/RouteCollection.php on line 1026.
 1 SYSTEMPATH/Router/RouteCollection.php(1026): trigger_error('Passing lowercase HTTP method "get" is deprecated. Use uppercase HTTP method like "GET".', 16384)
 2 ROOTPATH/Modules/Templates/Config/Routes.php(7): CodeIgniter\Router\RouteCollection->match([...], '/', 'Templates::index')
 3 SYSTEMPATH/Router/RouteCollection.php(799): CodeIgniter\Router\RouteCollection::{closure}(Object(CodeIgniter\Router\RouteCollection))
 4 ROOTPATH/Modules/Templates/Config/Routes.php(4): CodeIgniter\Router\RouteCollection->group('', [...], Object(Closure))
 5 SYSTEMPATH/Router/RouteCollection.php(372): include('/Users/alanmartin/Sites/localhost/hmvc-master/Ci4/Modules/Templates/Config/Routes.php')
 6 SYSTEMPATH/Router/RouteCollection.php(342): CodeIgniter\Router\RouteCollection->discoverRoutes()
 7 SYSTEMPATH/CodeIgniter.php(821): CodeIgniter\Router\RouteCollection->loadRoutes()
 8 SYSTEMPATH/CodeIgniter.php(455): CodeIgniter\CodeIgniter->tryToRouteIt(null)
 9 SYSTEMPATH/CodeIgniter.php(354): CodeIgniter\CodeIgniter->handleRequest(null, Object(Config\Cache), false)
10 SYSTEMPATH/Boot.php(334): CodeIgniter\CodeIgniter->run()
11 SYSTEMPATH/Boot.php(67): CodeIgniter\Boot::runCodeIgniter(Object(CodeIgniter\CodeIgniter))
12 FCPATH/index.php(56): CodeIgniter\Boot::bootWeb(Object(Config\Paths))
WARNING - 2025-02-07 17:29:41 --> [DEPRECATED] Passing lowercase HTTP method "post" is deprecated. Use uppercase HTTP method like "POST". in SYSTEMPATH/Router/RouteCollection.php on line 1026.
 1 SYSTEMPATH/Router/RouteCollection.php(1026): trigger_error('Passing lowercase HTTP method "post" is deprecated. Use uppercase HTTP method like "POST".', 16384)
 2 ROOTPATH/Modules/Templates/Config/Routes.php(7): CodeIgniter\Router\RouteCollection->match([...], '/', 'Templates::index')
 3 SYSTEMPATH/Router/RouteCollection.php(799): CodeIgniter\Router\RouteCollection::{closure}(Object(CodeIgniter\Router\RouteCollection))
 4 ROOTPATH/Modules/Templates/Config/Routes.php(4): CodeIgniter\Router\RouteCollection->group('', [...], Object(Closure))
 5 SYSTEMPATH/Router/RouteCollection.php(372): include('/Users/alanmartin/Sites/localhost/hmvc-master/Ci4/Modules/Templates/Config/Routes.php')
 6 SYSTEMPATH/Router/RouteCollection.php(342): CodeIgniter\Router\RouteCollection->discoverRoutes()
 7 SYSTEMPATH/CodeIgniter.php(821): CodeIgniter\Router\RouteCollection->loadRoutes()
 8 SYSTEMPATH/CodeIgniter.php(455): CodeIgniter\CodeIgniter->tryToRouteIt(null)
 9 SYSTEMPATH/CodeIgniter.php(354): CodeIgniter\CodeIgniter->handleRequest(null, Object(Config\Cache), false)
10 SYSTEMPATH/Boot.php(334): CodeIgniter\CodeIgniter->run()
11 SYSTEMPATH/Boot.php(67): CodeIgniter\Boot::runCodeIgniter(Object(CodeIgniter\CodeIgniter))
12 FCPATH/index.php(56): CodeIgniter\Boot::bootWeb(Object(Config\Paths))
DEBUG - 2025-02-07 17:29:41 --> Session: Class initialized using 'CodeIgniter\Session\Handlers\FileHandler' driver.
WARNING - 2025-02-07 17:29:41 --> [DEPRECATED] Creation of dynamic property Modules\Quiz\Controllers\Quiz::$db is deprecated in ROOTPATH/Modules/Quiz/Controllers/Quiz.php on line 40.
 1 SYSTEMPATH/CodeIgniter.php(903): Modules\Quiz\Controllers\Quiz->__construct()
 2 SYSTEMPATH/CodeIgniter.php(498): CodeIgniter\CodeIgniter->createController()
 3 SYSTEMPATH/CodeIgniter.php(354): CodeIgniter\CodeIgniter->handleRequest(null, Object(Config\Cache), false)
 4 SYSTEMPATH/Boot.php(334): CodeIgniter\CodeIgniter->run()
 5 SYSTEMPATH/Boot.php(67): CodeIgniter\Boot::runCodeIgniter(Object(CodeIgniter\CodeIgniter))
 6 FCPATH/index.php(56): CodeIgniter\Boot::bootWeb(Object(Config\Paths))
WARNING - 2025-02-07 17:29:41 --> Session: Sessions is enabled, and one exists. Please don't $session->start();
WARNING - 2025-02-07 17:29:41 --> [DEPRECATED] Creation of dynamic property Modules\Quiz\Model\QuizModel::$user is deprecated in ROOTPATH/Modules/Quiz/Model/QuizModel.php on line 108.
 1 ROOTPATH/Modules/Quiz/Controllers/Quiz.php(305): Modules\Quiz\Model\QuizModel->get_quiz()
 2 SYSTEMPATH/CodeIgniter.php(933): Modules\Quiz\Controllers\Quiz->display()
 3 SYSTEMPATH/CodeIgniter.php(507): CodeIgniter\CodeIgniter->runController(Object(Modules\Quiz\Controllers\Quiz))
 4 SYSTEMPATH/CodeIgniter.php(354): CodeIgniter\CodeIgniter->handleRequest(null, Object(Config\Cache), false)
 5 SYSTEMPATH/Boot.php(334): CodeIgniter\CodeIgniter->run()
 6 SYSTEMPATH/Boot.php(67): CodeIgniter\Boot::runCodeIgniter(Object(CodeIgniter\CodeIgniter))
 7 FCPATH/index.php(56): CodeIgniter\Boot::bootWeb(Object(Config\Paths))
DEBUG - 2025-02-07 17:29:41 --> Session: Class initialized using 'CodeIgniter\Session\Handlers\FileHandler' driver.
WARNING - 2025-02-07 17:29:43 --> [DEPRECATED] Passing lowercase HTTP method "get" is deprecated. Use uppercase HTTP method like "GET". in SYSTEMPATH/Router/RouteCollection.php on line 1026.
 1 SYSTEMPATH/Router/RouteCollection.php(1026): trigger_error('Passing lowercase HTTP method "get" is deprecated. Use uppercase HTTP method like "GET".', 16384)
 2 ROOTPATH/Modules/Templates/Config/Routes.php(7): CodeIgniter\Router\RouteCollection->match([...], '/', 'Templates::index')
 3 SYSTEMPATH/Router/RouteCollection.php(799): CodeIgniter\Router\RouteCollection::{closure}(Object(CodeIgniter\Router\RouteCollection))
 4 ROOTPATH/Modules/Templates/Config/Routes.php(4): CodeIgniter\Router\RouteCollection->group('', [...], Object(Closure))
 5 SYSTEMPATH/Router/RouteCollection.php(372): include('/Users/alanmartin/Sites/localhost/hmvc-master/Ci4/Modules/Templates/Config/Routes.php')
 6 SYSTEMPATH/Router/RouteCollection.php(342): CodeIgniter\Router\RouteCollection->discoverRoutes()
 7 SYSTEMPATH/CodeIgniter.php(821): CodeIgniter\Router\RouteCollection->loadRoutes()
 8 SYSTEMPATH/CodeIgniter.php(455): CodeIgniter\CodeIgniter->tryToRouteIt(null)
 9 SYSTEMPATH/CodeIgniter.php(354): CodeIgniter\CodeIgniter->handleRequest(null, Object(Config\Cache), false)
10 SYSTEMPATH/Boot.php(334): CodeIgniter\CodeIgniter->run()
11 SYSTEMPATH/Boot.php(67): CodeIgniter\Boot::runCodeIgniter(Object(CodeIgniter\CodeIgniter))
12 FCPATH/index.php(56): CodeIgniter\Boot::bootWeb(Object(Config\Paths))
WARNING - 2025-02-07 17:29:43 --> [DEPRECATED] Passing lowercase HTTP method "post" is deprecated. Use uppercase HTTP method like "POST". in SYSTEMPATH/Router/RouteCollection.php on line 1026.
 1 SYSTEMPATH/Router/RouteCollection.php(1026): trigger_error('Passing lowercase HTTP method "post" is deprecated. Use uppercase HTTP method like "POST".', 16384)
 2 ROOTPATH/Modules/Templates/Config/Routes.php(7): CodeIgniter\Router\RouteCollection->match([...], '/', 'Templates::index')
 3 SYSTEMPATH/Router/RouteCollection.php(799): CodeIgniter\Router\RouteCollection::{closure}(Object(CodeIgniter\Router\RouteCollection))
 4 ROOTPATH/Modules/Templates/Config/Routes.php(4): CodeIgniter\Router\RouteCollection->group('', [...], Object(Closure))
 5 SYSTEMPATH/Router/RouteCollection.php(372): include('/Users/alanmartin/Sites/localhost/hmvc-master/Ci4/Modules/Templates/Config/Routes.php')
 6 SYSTEMPATH/Router/RouteCollection.php(342): CodeIgniter\Router\RouteCollection->discoverRoutes()
 7 SYSTEMPATH/CodeIgniter.php(821): CodeIgniter\Router\RouteCollection->loadRoutes()
 8 SYSTEMPATH/CodeIgniter.php(455): CodeIgniter\CodeIgniter->tryToRouteIt(null)
 9 SYSTEMPATH/CodeIgniter.php(354): CodeIgniter\CodeIgniter->handleRequest(null, Object(Config\Cache), false)
10 SYSTEMPATH/Boot.php(334): CodeIgniter\CodeIgniter->run()
11 SYSTEMPATH/Boot.php(67): CodeIgniter\Boot::runCodeIgniter(Object(CodeIgniter\CodeIgniter))
12 FCPATH/index.php(56): CodeIgniter\Boot::bootWeb(Object(Config\Paths))
WARNING - 2025-02-07 17:30:06 --> [DEPRECATED] Passing lowercase HTTP method "get" is deprecated. Use uppercase HTTP method like "GET". in SYSTEMPATH/Router/RouteCollection.php on line 1026.
 1 SYSTEMPATH/Router/RouteCollection.php(1026): trigger_error('Passing lowercase HTTP method "get" is deprecated. Use uppercase HTTP method like "GET".', 16384)
 2 ROOTPATH/Modules/Templates/Config/Routes.php(7): CodeIgniter\Router\RouteCollection->match([...], '/', 'Templates::index')
 3 SYSTEMPATH/Router/RouteCollection.php(799): CodeIgniter\Router\RouteCollection::{closure}(Object(CodeIgniter\Router\RouteCollection))
 4 ROOTPATH/Modules/Templates/Config/Routes.php(4): CodeIgniter\Router\RouteCollection->group('', [...], Object(Closure))
 5 SYSTEMPATH/Router/RouteCollection.php(372): include('/Users/alanmartin/Sites/localhost/hmvc-master/Ci4/Modules/Templates/Config/Routes.php')
 6 SYSTEMPATH/Router/RouteCollection.php(342): CodeIgniter\Router\RouteCollection->discoverRoutes()
 7 SYSTEMPATH/CodeIgniter.php(821): CodeIgniter\Router\RouteCollection->loadRoutes()
 8 SYSTEMPATH/CodeIgniter.php(455): CodeIgniter\CodeIgniter->tryToRouteIt(null)
 9 SYSTEMPATH/CodeIgniter.php(354): CodeIgniter\CodeIgniter->handleRequest(null, Object(Config\Cache), false)
10 SYSTEMPATH/Boot.php(334): CodeIgniter\CodeIgniter->run()
11 SYSTEMPATH/Boot.php(67): CodeIgniter\Boot::runCodeIgniter(Object(CodeIgniter\CodeIgniter))
12 FCPATH/index.php(56): CodeIgniter\Boot::bootWeb(Object(Config\Paths))
WARNING - 2025-02-07 17:30:06 --> [DEPRECATED] Passing lowercase HTTP method "post" is deprecated. Use uppercase HTTP method like "POST". in SYSTEMPATH/Router/RouteCollection.php on line 1026.
 1 SYSTEMPATH/Router/RouteCollection.php(1026): trigger_error('Passing lowercase HTTP method "post" is deprecated. Use uppercase HTTP method like "POST".', 16384)
 2 ROOTPATH/Modules/Templates/Config/Routes.php(7): CodeIgniter\Router\RouteCollection->match([...], '/', 'Templates::index')
 3 SYSTEMPATH/Router/RouteCollection.php(799): CodeIgniter\Router\RouteCollection::{closure}(Object(CodeIgniter\Router\RouteCollection))
 4 ROOTPATH/Modules/Templates/Config/Routes.php(4): CodeIgniter\Router\RouteCollection->group('', [...], Object(Closure))
 5 SYSTEMPATH/Router/RouteCollection.php(372): include('/Users/alanmartin/Sites/localhost/hmvc-master/Ci4/Modules/Templates/Config/Routes.php')
 6 SYSTEMPATH/Router/RouteCollection.php(342): CodeIgniter\Router\RouteCollection->discoverRoutes()
 7 SYSTEMPATH/CodeIgniter.php(821): CodeIgniter\Router\RouteCollection->loadRoutes()
 8 SYSTEMPATH/CodeIgniter.php(455): CodeIgniter\CodeIgniter->tryToRouteIt(null)
 9 SYSTEMPATH/CodeIgniter.php(354): CodeIgniter\CodeIgniter->handleRequest(null, Object(Config\Cache), false)
10 SYSTEMPATH/Boot.php(334): CodeIgniter\CodeIgniter->run()
11 SYSTEMPATH/Boot.php(67): CodeIgniter\Boot::runCodeIgniter(Object(CodeIgniter\CodeIgniter))
12 FCPATH/index.php(56): CodeIgniter\Boot::bootWeb(Object(Config\Paths))
WARNING - 2025-02-07 17:30:09 --> [DEPRECATED] Passing lowercase HTTP method "get" is deprecated. Use uppercase HTTP method like "GET". in SYSTEMPATH/Router/RouteCollection.php on line 1026.
 1 SYSTEMPATH/Router/RouteCollection.php(1026): trigger_error('Passing lowercase HTTP method "get" is deprecated. Use uppercase HTTP method like "GET".', 16384)
 2 ROOTPATH/Modules/Templates/Config/Routes.php(7): CodeIgniter\Router\RouteCollection->match([...], '/', 'Templates::index')
 3 SYSTEMPATH/Router/RouteCollection.php(799): CodeIgniter\Router\RouteCollection::{closure}(Object(CodeIgniter\Router\RouteCollection))
 4 ROOTPATH/Modules/Templates/Config/Routes.php(4): CodeIgniter\Router\RouteCollection->group('', [...], Object(Closure))
 5 SYSTEMPATH/Router/RouteCollection.php(372): include('/Users/alanmartin/Sites/localhost/hmvc-master/Ci4/Modules/Templates/Config/Routes.php')
 6 SYSTEMPATH/Router/RouteCollection.php(342): CodeIgniter\Router\RouteCollection->discoverRoutes()
 7 SYSTEMPATH/CodeIgniter.php(821): CodeIgniter\Router\RouteCollection->loadRoutes()
 8 SYSTEMPATH/CodeIgniter.php(455): CodeIgniter\CodeIgniter->tryToRouteIt(null)
 9 SYSTEMPATH/CodeIgniter.php(354): CodeIgniter\CodeIgniter->handleRequest(null, Object(Config\Cache), false)
10 SYSTEMPATH/Boot.php(334): CodeIgniter\CodeIgniter->run()
11 SYSTEMPATH/Boot.php(67): CodeIgniter\Boot::runCodeIgniter(Object(CodeIgniter\CodeIgniter))
12 FCPATH/index.php(56): CodeIgniter\Boot::bootWeb(Object(Config\Paths))
WARNING - 2025-02-07 17:30:09 --> [DEPRECATED] Passing lowercase HTTP method "post" is deprecated. Use uppercase HTTP method like "POST". in SYSTEMPATH/Router/RouteCollection.php on line 1026.
 1 SYSTEMPATH/Router/RouteCollection.php(1026): trigger_error('Passing lowercase HTTP method "post" is deprecated. Use uppercase HTTP method like "POST".', 16384)
 2 ROOTPATH/Modules/Templates/Config/Routes.php(7): CodeIgniter\Router\RouteCollection->match([...], '/', 'Templates::index')
 3 SYSTEMPATH/Router/RouteCollection.php(799): CodeIgniter\Router\RouteCollection::{closure}(Object(CodeIgniter\Router\RouteCollection))
 4 ROOTPATH/Modules/Templates/Config/Routes.php(4): CodeIgniter\Router\RouteCollection->group('', [...], Object(Closure))
 5 SYSTEMPATH/Router/RouteCollection.php(372): include('/Users/alanmartin/Sites/localhost/hmvc-master/Ci4/Modules/Templates/Config/Routes.php')
 6 SYSTEMPATH/Router/RouteCollection.php(342): CodeIgniter\Router\RouteCollection->discoverRoutes()
 7 SYSTEMPATH/CodeIgniter.php(821): CodeIgniter\Router\RouteCollection->loadRoutes()
 8 SYSTEMPATH/CodeIgniter.php(455): CodeIgniter\CodeIgniter->tryToRouteIt(null)
 9 SYSTEMPATH/CodeIgniter.php(354): CodeIgniter\CodeIgniter->handleRequest(null, Object(Config\Cache), false)
10 SYSTEMPATH/Boot.php(334): CodeIgniter\CodeIgniter->run()
11 SYSTEMPATH/Boot.php(67): CodeIgniter\Boot::runCodeIgniter(Object(CodeIgniter\CodeIgniter))
12 FCPATH/index.php(56): CodeIgniter\Boot::bootWeb(Object(Config\Paths))
DEBUG - 2025-02-07 17:30:09 --> Session: Class initialized using 'CodeIgniter\Session\Handlers\FileHandler' driver.
WARNING - 2025-02-07 17:30:09 --> [DEPRECATED] Creation of dynamic property Modules\Quiz\Controllers\Quiz::$db is deprecated in ROOTPATH/Modules/Quiz/Controllers/Quiz.php on line 40.
 1 SYSTEMPATH/CodeIgniter.php(903): Modules\Quiz\Controllers\Quiz->__construct()
 2 SYSTEMPATH/CodeIgniter.php(498): CodeIgniter\CodeIgniter->createController()
 3 SYSTEMPATH/CodeIgniter.php(354): CodeIgniter\CodeIgniter->handleRequest(null, Object(Config\Cache), false)
 4 SYSTEMPATH/Boot.php(334): CodeIgniter\CodeIgniter->run()
 5 SYSTEMPATH/Boot.php(67): CodeIgniter\Boot::runCodeIgniter(Object(CodeIgniter\CodeIgniter))
 6 FCPATH/index.php(56): CodeIgniter\Boot::bootWeb(Object(Config\Paths))
WARNING - 2025-02-07 17:30:09 --> Session: Sessions is enabled, and one exists. Please don't $session->start();
WARNING - 2025-02-07 17:30:09 --> [DEPRECATED] Creation of dynamic property Modules\Quiz\Model\QuizModel::$user is deprecated in ROOTPATH/Modules/Quiz/Model/QuizModel.php on line 108.
 1 ROOTPATH/Modules/Quiz/Controllers/Quiz.php(305): Modules\Quiz\Model\QuizModel->get_quiz()
 2 SYSTEMPATH/CodeIgniter.php(933): Modules\Quiz\Controllers\Quiz->display()
 3 SYSTEMPATH/CodeIgniter.php(507): CodeIgniter\CodeIgniter->runController(Object(Modules\Quiz\Controllers\Quiz))
 4 SYSTEMPATH/CodeIgniter.php(354): CodeIgniter\CodeIgniter->handleRequest(null, Object(Config\Cache), false)
 5 SYSTEMPATH/Boot.php(334): CodeIgniter\CodeIgniter->run()
 6 SYSTEMPATH/Boot.php(67): CodeIgniter\Boot::runCodeIgniter(Object(CodeIgniter\CodeIgniter))
 7 FCPATH/index.php(56): CodeIgniter\Boot::bootWeb(Object(Config\Paths))
DEBUG - 2025-02-07 17:30:09 --> Session: Class initialized using 'CodeIgniter\Session\Handlers\FileHandler' driver.
WARNING - 2025-02-07 17:30:13 --> [DEPRECATED] Passing lowercase HTTP method "get" is deprecated. Use uppercase HTTP method like "GET". in SYSTEMPATH/Router/RouteCollection.php on line 1026.
 1 SYSTEMPATH/Router/RouteCollection.php(1026): trigger_error('Passing lowercase HTTP method "get" is deprecated. Use uppercase HTTP method like "GET".', 16384)
 2 ROOTPATH/Modules/Templates/Config/Routes.php(7): CodeIgniter\Router\RouteCollection->match([...], '/', 'Templates::index')
 3 SYSTEMPATH/Router/RouteCollection.php(799): CodeIgniter\Router\RouteCollection::{closure}(Object(CodeIgniter\Router\RouteCollection))
 4 ROOTPATH/Modules/Templates/Config/Routes.php(4): CodeIgniter\Router\RouteCollection->group('', [...], Object(Closure))
 5 SYSTEMPATH/Router/RouteCollection.php(372): include('/Users/alanmartin/Sites/localhost/hmvc-master/Ci4/Modules/Templates/Config/Routes.php')
 6 SYSTEMPATH/Router/RouteCollection.php(342): CodeIgniter\Router\RouteCollection->discoverRoutes()
 7 SYSTEMPATH/CodeIgniter.php(821): CodeIgniter\Router\RouteCollection->loadRoutes()
 8 SYSTEMPATH/CodeIgniter.php(455): CodeIgniter\CodeIgniter->tryToRouteIt(null)
 9 SYSTEMPATH/CodeIgniter.php(354): CodeIgniter\CodeIgniter->handleRequest(null, Object(Config\Cache), false)
10 SYSTEMPATH/Boot.php(334): CodeIgniter\CodeIgniter->run()
11 SYSTEMPATH/Boot.php(67): CodeIgniter\Boot::runCodeIgniter(Object(CodeIgniter\CodeIgniter))
12 FCPATH/index.php(56): CodeIgniter\Boot::bootWeb(Object(Config\Paths))
WARNING - 2025-02-07 17:30:13 --> [DEPRECATED] Passing lowercase HTTP method "post" is deprecated. Use uppercase HTTP method like "POST". in SYSTEMPATH/Router/RouteCollection.php on line 1026.
 1 SYSTEMPATH/Router/RouteCollection.php(1026): trigger_error('Passing lowercase HTTP method "post" is deprecated. Use uppercase HTTP method like "POST".', 16384)
 2 ROOTPATH/Modules/Templates/Config/Routes.php(7): CodeIgniter\Router\RouteCollection->match([...], '/', 'Templates::index')
 3 SYSTEMPATH/Router/RouteCollection.php(799): CodeIgniter\Router\RouteCollection::{closure}(Object(CodeIgniter\Router\RouteCollection))
 4 ROOTPATH/Modules/Templates/Config/Routes.php(4): CodeIgniter\Router\RouteCollection->group('', [...], Object(Closure))
 5 SYSTEMPATH/Router/RouteCollection.php(372): include('/Users/alanmartin/Sites/localhost/hmvc-master/Ci4/Modules/Templates/Config/Routes.php')
 6 SYSTEMPATH/Router/RouteCollection.php(342): CodeIgniter\Router\RouteCollection->discoverRoutes()
 7 SYSTEMPATH/CodeIgniter.php(821): CodeIgniter\Router\RouteCollection->loadRoutes()
 8 SYSTEMPATH/CodeIgniter.php(455): CodeIgniter\CodeIgniter->tryToRouteIt(null)
 9 SYSTEMPATH/CodeIgniter.php(354): CodeIgniter\CodeIgniter->handleRequest(null, Object(Config\Cache), false)
10 SYSTEMPATH/Boot.php(334): CodeIgniter\CodeIgniter->run()
11 SYSTEMPATH/Boot.php(67): CodeIgniter\Boot::runCodeIgniter(Object(CodeIgniter\CodeIgniter))
12 FCPATH/index.php(56): CodeIgniter\Boot::bootWeb(Object(Config\Paths))
DEBUG - 2025-02-07 17:30:13 --> Session: Class initialized using 'CodeIgniter\Session\Handlers\FileHandler' driver.
DEBUG - 2025-02-07 17:30:13 --> Session: Class initialized using 'CodeIgniter\Session\Handlers\FileHandler' driver.
WARNING - 2025-02-07 17:30:17 --> [DEPRECATED] Passing lowercase HTTP method "get" is deprecated. Use uppercase HTTP method like "GET". in SYSTEMPATH/Router/RouteCollection.php on line 1026.
 1 SYSTEMPATH/Router/RouteCollection.php(1026): trigger_error('Passing lowercase HTTP method "get" is deprecated. Use uppercase HTTP method like "GET".', 16384)
 2 ROOTPATH/Modules/Templates/Config/Routes.php(7): CodeIgniter\Router\RouteCollection->match([...], '/', 'Templates::index')
 3 SYSTEMPATH/Router/RouteCollection.php(799): CodeIgniter\Router\RouteCollection::{closure}(Object(CodeIgniter\Router\RouteCollection))
 4 ROOTPATH/Modules/Templates/Config/Routes.php(4): CodeIgniter\Router\RouteCollection->group('', [...], Object(Closure))
 5 SYSTEMPATH/Router/RouteCollection.php(372): include('/Users/alanmartin/Sites/localhost/hmvc-master/Ci4/Modules/Templates/Config/Routes.php')
 6 SYSTEMPATH/Router/RouteCollection.php(342): CodeIgniter\Router\RouteCollection->discoverRoutes()
 7 SYSTEMPATH/CodeIgniter.php(821): CodeIgniter\Router\RouteCollection->loadRoutes()
 8 SYSTEMPATH/CodeIgniter.php(455): CodeIgniter\CodeIgniter->tryToRouteIt(null)
 9 SYSTEMPATH/CodeIgniter.php(354): CodeIgniter\CodeIgniter->handleRequest(null, Object(Config\Cache), false)
10 SYSTEMPATH/Boot.php(334): CodeIgniter\CodeIgniter->run()
11 SYSTEMPATH/Boot.php(67): CodeIgniter\Boot::runCodeIgniter(Object(CodeIgniter\CodeIgniter))
12 FCPATH/index.php(56): CodeIgniter\Boot::bootWeb(Object(Config\Paths))
WARNING - 2025-02-07 17:30:17 --> [DEPRECATED] Passing lowercase HTTP method "post" is deprecated. Use uppercase HTTP method like "POST". in SYSTEMPATH/Router/RouteCollection.php on line 1026.
 1 SYSTEMPATH/Router/RouteCollection.php(1026): trigger_error('Passing lowercase HTTP method "post" is deprecated. Use uppercase HTTP method like "POST".', 16384)
 2 ROOTPATH/Modules/Templates/Config/Routes.php(7): CodeIgniter\Router\RouteCollection->match([...], '/', 'Templates::index')
 3 SYSTEMPATH/Router/RouteCollection.php(799): CodeIgniter\Router\RouteCollection::{closure}(Object(CodeIgniter\Router\RouteCollection))
 4 ROOTPATH/Modules/Templates/Config/Routes.php(4): CodeIgniter\Router\RouteCollection->group('', [...], Object(Closure))
 5 SYSTEMPATH/Router/RouteCollection.php(372): include('/Users/alanmartin/Sites/localhost/hmvc-master/Ci4/Modules/Templates/Config/Routes.php')
 6 SYSTEMPATH/Router/RouteCollection.php(342): CodeIgniter\Router\RouteCollection->discoverRoutes()
 7 SYSTEMPATH/CodeIgniter.php(821): CodeIgniter\Router\RouteCollection->loadRoutes()
 8 SYSTEMPATH/CodeIgniter.php(455): CodeIgniter\CodeIgniter->tryToRouteIt(null)
 9 SYSTEMPATH/CodeIgniter.php(354): CodeIgniter\CodeIgniter->handleRequest(null, Object(Config\Cache), false)
10 SYSTEMPATH/Boot.php(334): CodeIgniter\CodeIgniter->run()
11 SYSTEMPATH/Boot.php(67): CodeIgniter\Boot::runCodeIgniter(Object(CodeIgniter\CodeIgniter))
12 FCPATH/index.php(56): CodeIgniter\Boot::bootWeb(Object(Config\Paths))
DEBUG - 2025-02-07 17:30:17 --> Session: Class initialized using 'CodeIgniter\Session\Handlers\FileHandler' driver.
WARNING - 2025-02-07 17:30:17 --> [DEPRECATED] Creation of dynamic property Modules\Quiz\Controllers\Quiz::$db is deprecated in ROOTPATH/Modules/Quiz/Controllers/Quiz.php on line 40.
 1 SYSTEMPATH/CodeIgniter.php(903): Modules\Quiz\Controllers\Quiz->__construct()
 2 SYSTEMPATH/CodeIgniter.php(498): CodeIgniter\CodeIgniter->createController()
 3 SYSTEMPATH/CodeIgniter.php(354): CodeIgniter\CodeIgniter->handleRequest(null, Object(Config\Cache), false)
 4 SYSTEMPATH/Boot.php(334): CodeIgniter\CodeIgniter->run()
 5 SYSTEMPATH/Boot.php(67): CodeIgniter\Boot::runCodeIgniter(Object(CodeIgniter\CodeIgniter))
 6 FCPATH/index.php(56): CodeIgniter\Boot::bootWeb(Object(Config\Paths))
WARNING - 2025-02-07 17:30:17 --> Session: Sessions is enabled, and one exists. Please don't $session->start();
WARNING - 2025-02-07 17:30:18 --> [DEPRECATED] Creation of dynamic property Modules\Quiz\Model\QuizModel::$user is deprecated in ROOTPATH/Modules/Quiz/Model/QuizModel.php on line 108.
 1 ROOTPATH/Modules/Quiz/Controllers/Quiz.php(305): Modules\Quiz\Model\QuizModel->get_quiz()
 2 SYSTEMPATH/CodeIgniter.php(933): Modules\Quiz\Controllers\Quiz->display()
 3 SYSTEMPATH/CodeIgniter.php(507): CodeIgniter\CodeIgniter->runController(Object(Modules\Quiz\Controllers\Quiz))
 4 SYSTEMPATH/CodeIgniter.php(354): CodeIgniter\CodeIgniter->handleRequest(null, Object(Config\Cache), false)
 5 SYSTEMPATH/Boot.php(334): CodeIgniter\CodeIgniter->run()
 6 SYSTEMPATH/Boot.php(67): CodeIgniter\Boot::runCodeIgniter(Object(CodeIgniter\CodeIgniter))
 7 FCPATH/index.php(56): CodeIgniter\Boot::bootWeb(Object(Config\Paths))
DEBUG - 2025-02-07 17:30:18 --> Session: Class initialized using 'CodeIgniter\Session\Handlers\FileHandler' driver.
WARNING - 2025-02-07 17:30:19 --> [DEPRECATED] Passing lowercase HTTP method "get" is deprecated. Use uppercase HTTP method like "GET". in SYSTEMPATH/Router/RouteCollection.php on line 1026.
 1 SYSTEMPATH/Router/RouteCollection.php(1026): trigger_error('Passing lowercase HTTP method "get" is deprecated. Use uppercase HTTP method like "GET".', 16384)
 2 ROOTPATH/Modules/Templates/Config/Routes.php(7): CodeIgniter\Router\RouteCollection->match([...], '/', 'Templates::index')
 3 SYSTEMPATH/Router/RouteCollection.php(799): CodeIgniter\Router\RouteCollection::{closure}(Object(CodeIgniter\Router\RouteCollection))
 4 ROOTPATH/Modules/Templates/Config/Routes.php(4): CodeIgniter\Router\RouteCollection->group('', [...], Object(Closure))
 5 SYSTEMPATH/Router/RouteCollection.php(372): include('/Users/alanmartin/Sites/localhost/hmvc-master/Ci4/Modules/Templates/Config/Routes.php')
 6 SYSTEMPATH/Router/RouteCollection.php(342): CodeIgniter\Router\RouteCollection->discoverRoutes()
 7 SYSTEMPATH/CodeIgniter.php(821): CodeIgniter\Router\RouteCollection->loadRoutes()
 8 SYSTEMPATH/CodeIgniter.php(455): CodeIgniter\CodeIgniter->tryToRouteIt(null)
 9 SYSTEMPATH/CodeIgniter.php(354): CodeIgniter\CodeIgniter->handleRequest(null, Object(Config\Cache), false)
10 SYSTEMPATH/Boot.php(334): CodeIgniter\CodeIgniter->run()
11 SYSTEMPATH/Boot.php(67): CodeIgniter\Boot::runCodeIgniter(Object(CodeIgniter\CodeIgniter))
12 FCPATH/index.php(56): CodeIgniter\Boot::bootWeb(Object(Config\Paths))
WARNING - 2025-02-07 17:30:19 --> [DEPRECATED] Passing lowercase HTTP method "post" is deprecated. Use uppercase HTTP method like "POST". in SYSTEMPATH/Router/RouteCollection.php on line 1026.
 1 SYSTEMPATH/Router/RouteCollection.php(1026): trigger_error('Passing lowercase HTTP method "post" is deprecated. Use uppercase HTTP method like "POST".', 16384)
 2 ROOTPATH/Modules/Templates/Config/Routes.php(7): CodeIgniter\Router\RouteCollection->match([...], '/', 'Templates::index')
 3 SYSTEMPATH/Router/RouteCollection.php(799): CodeIgniter\Router\RouteCollection::{closure}(Object(CodeIgniter\Router\RouteCollection))
 4 ROOTPATH/Modules/Templates/Config/Routes.php(4): CodeIgniter\Router\RouteCollection->group('', [...], Object(Closure))
 5 SYSTEMPATH/Router/RouteCollection.php(372): include('/Users/alanmartin/Sites/localhost/hmvc-master/Ci4/Modules/Templates/Config/Routes.php')
 6 SYSTEMPATH/Router/RouteCollection.php(342): CodeIgniter\Router\RouteCollection->discoverRoutes()
 7 SYSTEMPATH/CodeIgniter.php(821): CodeIgniter\Router\RouteCollection->loadRoutes()
 8 SYSTEMPATH/CodeIgniter.php(455): CodeIgniter\CodeIgniter->tryToRouteIt(null)
 9 SYSTEMPATH/CodeIgniter.php(354): CodeIgniter\CodeIgniter->handleRequest(null, Object(Config\Cache), false)
10 SYSTEMPATH/Boot.php(334): CodeIgniter\CodeIgniter->run()
11 SYSTEMPATH/Boot.php(67): CodeIgniter\Boot::runCodeIgniter(Object(CodeIgniter\CodeIgniter))
12 FCPATH/index.php(56): CodeIgniter\Boot::bootWeb(Object(Config\Paths))
DEBUG - 2025-02-07 17:30:19 --> Session: Class initialized using 'CodeIgniter\Session\Handlers\FileHandler' driver.
WARNING - 2025-02-07 17:30:19 --> [DEPRECATED] Passing lowercase HTTP method "get" is deprecated. Use uppercase HTTP method like "GET". in SYSTEMPATH/Router/RouteCollection.php on line 1026.
 1 SYSTEMPATH/Router/RouteCollection.php(1026): trigger_error('Passing lowercase HTTP method "get" is deprecated. Use uppercase HTTP method like "GET".', 16384)
 2 ROOTPATH/Modules/Templates/Config/Routes.php(7): CodeIgniter\Router\RouteCollection->match([...], '/', 'Templates::index')
 3 SYSTEMPATH/Router/RouteCollection.php(799): CodeIgniter\Router\RouteCollection::{closure}(Object(CodeIgniter\Router\RouteCollection))
 4 ROOTPATH/Modules/Templates/Config/Routes.php(4): CodeIgniter\Router\RouteCollection->group('', [...], Object(Closure))
 5 SYSTEMPATH/Router/RouteCollection.php(372): include('/Users/alanmartin/Sites/localhost/hmvc-master/Ci4/Modules/Templates/Config/Routes.php')
 6 SYSTEMPATH/Router/RouteCollection.php(342): CodeIgniter\Router\RouteCollection->discoverRoutes()
 7 SYSTEMPATH/CodeIgniter.php(821): CodeIgniter\Router\RouteCollection->loadRoutes()
 8 SYSTEMPATH/CodeIgniter.php(455): CodeIgniter\CodeIgniter->tryToRouteIt(null)
 9 SYSTEMPATH/CodeIgniter.php(354): CodeIgniter\CodeIgniter->handleRequest(null, Object(Config\Cache), false)
10 SYSTEMPATH/Boot.php(334): CodeIgniter\CodeIgniter->run()
11 SYSTEMPATH/Boot.php(67): CodeIgniter\Boot::runCodeIgniter(Object(CodeIgniter\CodeIgniter))
12 FCPATH/index.php(56): CodeIgniter\Boot::bootWeb(Object(Config\Paths))
WARNING - 2025-02-07 17:30:19 --> [DEPRECATED] Passing lowercase HTTP method "post" is deprecated. Use uppercase HTTP method like "POST". in SYSTEMPATH/Router/RouteCollection.php on line 1026.
 1 SYSTEMPATH/Router/RouteCollection.php(1026): trigger_error('Passing lowercase HTTP method "post" is deprecated. Use uppercase HTTP method like "POST".', 16384)
 2 ROOTPATH/Modules/Templates/Config/Routes.php(7): CodeIgniter\Router\RouteCollection->match([...], '/', 'Templates::index')
 3 SYSTEMPATH/Router/RouteCollection.php(799): CodeIgniter\Router\RouteCollection::{closure}(Object(CodeIgniter\Router\RouteCollection))
 4 ROOTPATH/Modules/Templates/Config/Routes.php(4): CodeIgniter\Router\RouteCollection->group('', [...], Object(Closure))
 5 SYSTEMPATH/Router/RouteCollection.php(372): include('/Users/alanmartin/Sites/localhost/hmvc-master/Ci4/Modules/Templates/Config/Routes.php')
 6 SYSTEMPATH/Router/RouteCollection.php(342): CodeIgniter\Router\RouteCollection->discoverRoutes()
 7 SYSTEMPATH/CodeIgniter.php(821): CodeIgniter\Router\RouteCollection->loadRoutes()
 8 SYSTEMPATH/CodeIgniter.php(455): CodeIgniter\CodeIgniter->tryToRouteIt(null)
 9 SYSTEMPATH/CodeIgniter.php(354): CodeIgniter\CodeIgniter->handleRequest(null, Object(Config\Cache), false)
10 SYSTEMPATH/Boot.php(334): CodeIgniter\CodeIgniter->run()
11 SYSTEMPATH/Boot.php(67): CodeIgniter\Boot::runCodeIgniter(Object(CodeIgniter\CodeIgniter))
12 FCPATH/index.php(56): CodeIgniter\Boot::bootWeb(Object(Config\Paths))
DEBUG - 2025-02-07 17:30:19 --> Session: Class initialized using 'CodeIgniter\Session\Handlers\FileHandler' driver.
WARNING - 2025-02-07 17:30:19 --> [DEPRECATED] Creation of dynamic property Modules\Quiz\Controllers\Quiz::$db is deprecated in ROOTPATH/Modules/Quiz/Controllers/Quiz.php on line 40.
 1 SYSTEMPATH/CodeIgniter.php(903): Modules\Quiz\Controllers\Quiz->__construct()
 2 SYSTEMPATH/CodeIgniter.php(498): CodeIgniter\CodeIgniter->createController()
 3 SYSTEMPATH/CodeIgniter.php(354): CodeIgniter\CodeIgniter->handleRequest(null, Object(Config\Cache), false)
 4 SYSTEMPATH/Boot.php(334): CodeIgniter\CodeIgniter->run()
 5 SYSTEMPATH/Boot.php(67): CodeIgniter\Boot::runCodeIgniter(Object(CodeIgniter\CodeIgniter))
 6 FCPATH/index.php(56): CodeIgniter\Boot::bootWeb(Object(Config\Paths))
WARNING - 2025-02-07 17:30:19 --> Session: Sessions is enabled, and one exists. Please don't $session->start();
WARNING - 2025-02-07 17:30:19 --> [DEPRECATED] Creation of dynamic property Modules\Quiz\Model\QuizModel::$user is deprecated in ROOTPATH/Modules/Quiz/Model/QuizModel.php on line 108.
 1 ROOTPATH/Modules/Quiz/Controllers/Quiz.php(305): Modules\Quiz\Model\QuizModel->get_quiz()
 2 SYSTEMPATH/CodeIgniter.php(933): Modules\Quiz\Controllers\Quiz->display()
 3 SYSTEMPATH/CodeIgniter.php(507): CodeIgniter\CodeIgniter->runController(Object(Modules\Quiz\Controllers\Quiz))
 4 SYSTEMPATH/CodeIgniter.php(354): CodeIgniter\CodeIgniter->handleRequest(null, Object(Config\Cache), false)
 5 SYSTEMPATH/Boot.php(334): CodeIgniter\CodeIgniter->run()
 6 SYSTEMPATH/Boot.php(67): CodeIgniter\Boot::runCodeIgniter(Object(CodeIgniter\CodeIgniter))
 7 FCPATH/index.php(56): CodeIgniter\Boot::bootWeb(Object(Config\Paths))
DEBUG - 2025-02-07 17:30:19 --> Session: Class initialized using 'CodeIgniter\Session\Handlers\FileHandler' driver.
WARNING - 2025-02-07 17:30:21 --> [DEPRECATED] Passing lowercase HTTP method "get" is deprecated. Use uppercase HTTP method like "GET". in SYSTEMPATH/Router/RouteCollection.php on line 1026.
 1 SYSTEMPATH/Router/RouteCollection.php(1026): trigger_error('Passing lowercase HTTP method "get" is deprecated. Use uppercase HTTP method like "GET".', 16384)
 2 ROOTPATH/Modules/Templates/Config/Routes.php(7): CodeIgniter\Router\RouteCollection->match([...], '/', 'Templates::index')
 3 SYSTEMPATH/Router/RouteCollection.php(799): CodeIgniter\Router\RouteCollection::{closure}(Object(CodeIgniter\Router\RouteCollection))
 4 ROOTPATH/Modules/Templates/Config/Routes.php(4): CodeIgniter\Router\RouteCollection->group('', [...], Object(Closure))
 5 SYSTEMPATH/Router/RouteCollection.php(372): include('/Users/alanmartin/Sites/localhost/hmvc-master/Ci4/Modules/Templates/Config/Routes.php')
 6 SYSTEMPATH/Router/RouteCollection.php(342): CodeIgniter\Router\RouteCollection->discoverRoutes()
 7 SYSTEMPATH/CodeIgniter.php(821): CodeIgniter\Router\RouteCollection->loadRoutes()
 8 SYSTEMPATH/CodeIgniter.php(455): CodeIgniter\CodeIgniter->tryToRouteIt(null)
 9 SYSTEMPATH/CodeIgniter.php(354): CodeIgniter\CodeIgniter->handleRequest(null, Object(Config\Cache), false)
10 SYSTEMPATH/Boot.php(334): CodeIgniter\CodeIgniter->run()
11 SYSTEMPATH/Boot.php(67): CodeIgniter\Boot::runCodeIgniter(Object(CodeIgniter\CodeIgniter))
12 FCPATH/index.php(56): CodeIgniter\Boot::bootWeb(Object(Config\Paths))
WARNING - 2025-02-07 17:30:21 --> [DEPRECATED] Passing lowercase HTTP method "post" is deprecated. Use uppercase HTTP method like "POST". in SYSTEMPATH/Router/RouteCollection.php on line 1026.
 1 SYSTEMPATH/Router/RouteCollection.php(1026): trigger_error('Passing lowercase HTTP method "post" is deprecated. Use uppercase HTTP method like "POST".', 16384)
 2 ROOTPATH/Modules/Templates/Config/Routes.php(7): CodeIgniter\Router\RouteCollection->match([...], '/', 'Templates::index')
 3 SYSTEMPATH/Router/RouteCollection.php(799): CodeIgniter\Router\RouteCollection::{closure}(Object(CodeIgniter\Router\RouteCollection))
 4 ROOTPATH/Modules/Templates/Config/Routes.php(4): CodeIgniter\Router\RouteCollection->group('', [...], Object(Closure))
 5 SYSTEMPATH/Router/RouteCollection.php(372): include('/Users/alanmartin/Sites/localhost/hmvc-master/Ci4/Modules/Templates/Config/Routes.php')
 6 SYSTEMPATH/Router/RouteCollection.php(342): CodeIgniter\Router\RouteCollection->discoverRoutes()
 7 SYSTEMPATH/CodeIgniter.php(821): CodeIgniter\Router\RouteCollection->loadRoutes()
 8 SYSTEMPATH/CodeIgniter.php(455): CodeIgniter\CodeIgniter->tryToRouteIt(null)
 9 SYSTEMPATH/CodeIgniter.php(354): CodeIgniter\CodeIgniter->handleRequest(null, Object(Config\Cache), false)
10 SYSTEMPATH/Boot.php(334): CodeIgniter\CodeIgniter->run()
11 SYSTEMPATH/Boot.php(67): CodeIgniter\Boot::runCodeIgniter(Object(CodeIgniter\CodeIgniter))
12 FCPATH/index.php(56): CodeIgniter\Boot::bootWeb(Object(Config\Paths))
DEBUG - 2025-02-07 17:30:21 --> Session: Class initialized using 'CodeIgniter\Session\Handlers\FileHandler' driver.
DEBUG - 2025-02-07 17:30:21 --> Session: Class initialized using 'CodeIgniter\Session\Handlers\FileHandler' driver.
WARNING - 2025-02-07 17:30:24 --> [DEPRECATED] Passing lowercase HTTP method "get" is deprecated. Use uppercase HTTP method like "GET". in SYSTEMPATH/Router/RouteCollection.php on line 1026.
 1 SYSTEMPATH/Router/RouteCollection.php(1026): trigger_error('Passing lowercase HTTP method "get" is deprecated. Use uppercase HTTP method like "GET".', 16384)
 2 ROOTPATH/Modules/Templates/Config/Routes.php(7): CodeIgniter\Router\RouteCollection->match([...], '/', 'Templates::index')
 3 SYSTEMPATH/Router/RouteCollection.php(799): CodeIgniter\Router\RouteCollection::{closure}(Object(CodeIgniter\Router\RouteCollection))
 4 ROOTPATH/Modules/Templates/Config/Routes.php(4): CodeIgniter\Router\RouteCollection->group('', [...], Object(Closure))
 5 SYSTEMPATH/Router/RouteCollection.php(372): include('/Users/alanmartin/Sites/localhost/hmvc-master/Ci4/Modules/Templates/Config/Routes.php')
 6 SYSTEMPATH/Router/RouteCollection.php(342): CodeIgniter\Router\RouteCollection->discoverRoutes()
 7 SYSTEMPATH/CodeIgniter.php(821): CodeIgniter\Router\RouteCollection->loadRoutes()
 8 SYSTEMPATH/CodeIgniter.php(455): CodeIgniter\CodeIgniter->tryToRouteIt(null)
 9 SYSTEMPATH/CodeIgniter.php(354): CodeIgniter\CodeIgniter->handleRequest(null, Object(Config\Cache), false)
10 SYSTEMPATH/Boot.php(334): CodeIgniter\CodeIgniter->run()
11 SYSTEMPATH/Boot.php(67): CodeIgniter\Boot::runCodeIgniter(Object(CodeIgniter\CodeIgniter))
12 FCPATH/index.php(56): CodeIgniter\Boot::bootWeb(Object(Config\Paths))
WARNING - 2025-02-07 17:30:24 --> [DEPRECATED] Passing lowercase HTTP method "post" is deprecated. Use uppercase HTTP method like "POST". in SYSTEMPATH/Router/RouteCollection.php on line 1026.
 1 SYSTEMPATH/Router/RouteCollection.php(1026): trigger_error('Passing lowercase HTTP method "post" is deprecated. Use uppercase HTTP method like "POST".', 16384)
 2 ROOTPATH/Modules/Templates/Config/Routes.php(7): CodeIgniter\Router\RouteCollection->match([...], '/', 'Templates::index')
 3 SYSTEMPATH/Router/RouteCollection.php(799): CodeIgniter\Router\RouteCollection::{closure}(Object(CodeIgniter\Router\RouteCollection))
 4 ROOTPATH/Modules/Templates/Config/Routes.php(4): CodeIgniter\Router\RouteCollection->group('', [...], Object(Closure))
 5 SYSTEMPATH/Router/RouteCollection.php(372): include('/Users/alanmartin/Sites/localhost/hmvc-master/Ci4/Modules/Templates/Config/Routes.php')
 6 SYSTEMPATH/Router/RouteCollection.php(342): CodeIgniter\Router\RouteCollection->discoverRoutes()
 7 SYSTEMPATH/CodeIgniter.php(821): CodeIgniter\Router\RouteCollection->loadRoutes()
 8 SYSTEMPATH/CodeIgniter.php(455): CodeIgniter\CodeIgniter->tryToRouteIt(null)
 9 SYSTEMPATH/CodeIgniter.php(354): CodeIgniter\CodeIgniter->handleRequest(null, Object(Config\Cache), false)
10 SYSTEMPATH/Boot.php(334): CodeIgniter\CodeIgniter->run()
11 SYSTEMPATH/Boot.php(67): CodeIgniter\Boot::runCodeIgniter(Object(CodeIgniter\CodeIgniter))
12 FCPATH/index.php(56): CodeIgniter\Boot::bootWeb(Object(Config\Paths))
DEBUG - 2025-02-07 17:30:24 --> Session: Class initialized using 'CodeIgniter\Session\Handlers\FileHandler' driver.
WARNING - 2025-02-07 17:30:24 --> [DEPRECATED] Creation of dynamic property Modules\Quiz\Controllers\Quiz::$db is deprecated in ROOTPATH/Modules/Quiz/Controllers/Quiz.php on line 40.
 1 SYSTEMPATH/CodeIgniter.php(903): Modules\Quiz\Controllers\Quiz->__construct()
 2 SYSTEMPATH/CodeIgniter.php(498): CodeIgniter\CodeIgniter->createController()
 3 SYSTEMPATH/CodeIgniter.php(354): CodeIgniter\CodeIgniter->handleRequest(null, Object(Config\Cache), false)
 4 SYSTEMPATH/Boot.php(334): CodeIgniter\CodeIgniter->run()
 5 SYSTEMPATH/Boot.php(67): CodeIgniter\Boot::runCodeIgniter(Object(CodeIgniter\CodeIgniter))
 6 FCPATH/index.php(56): CodeIgniter\Boot::bootWeb(Object(Config\Paths))
WARNING - 2025-02-07 17:30:24 --> Session: Sessions is enabled, and one exists. Please don't $session->start();
WARNING - 2025-02-07 17:30:24 --> [DEPRECATED] Creation of dynamic property Modules\Quiz\Model\QuizModel::$user is deprecated in ROOTPATH/Modules/Quiz/Model/QuizModel.php on line 108.
 1 ROOTPATH/Modules/Quiz/Controllers/Quiz.php(305): Modules\Quiz\Model\QuizModel->get_quiz()
 2 SYSTEMPATH/CodeIgniter.php(933): Modules\Quiz\Controllers\Quiz->display()
 3 SYSTEMPATH/CodeIgniter.php(507): CodeIgniter\CodeIgniter->runController(Object(Modules\Quiz\Controllers\Quiz))
 4 SYSTEMPATH/CodeIgniter.php(354): CodeIgniter\CodeIgniter->handleRequest(null, Object(Config\Cache), false)
 5 SYSTEMPATH/Boot.php(334): CodeIgniter\CodeIgniter->run()
 6 SYSTEMPATH/Boot.php(67): CodeIgniter\Boot::runCodeIgniter(Object(CodeIgniter\CodeIgniter))
 7 FCPATH/index.php(56): CodeIgniter\Boot::bootWeb(Object(Config\Paths))
DEBUG - 2025-02-07 17:30:24 --> Session: Class initialized using 'CodeIgniter\Session\Handlers\FileHandler' driver.
WARNING - 2025-02-07 17:30:27 --> [DEPRECATED] Passing lowercase HTTP method "get" is deprecated. Use uppercase HTTP method like "GET". in SYSTEMPATH/Router/RouteCollection.php on line 1026.
 1 SYSTEMPATH/Router/RouteCollection.php(1026): trigger_error('Passing lowercase HTTP method "get" is deprecated. Use uppercase HTTP method like "GET".', 16384)
 2 ROOTPATH/Modules/Templates/Config/Routes.php(7): CodeIgniter\Router\RouteCollection->match([...], '/', 'Templates::index')
 3 SYSTEMPATH/Router/RouteCollection.php(799): CodeIgniter\Router\RouteCollection::{closure}(Object(CodeIgniter\Router\RouteCollection))
 4 ROOTPATH/Modules/Templates/Config/Routes.php(4): CodeIgniter\Router\RouteCollection->group('', [...], Object(Closure))
 5 SYSTEMPATH/Router/RouteCollection.php(372): include('/Users/alanmartin/Sites/localhost/hmvc-master/Ci4/Modules/Templates/Config/Routes.php')
 6 SYSTEMPATH/Router/RouteCollection.php(342): CodeIgniter\Router\RouteCollection->discoverRoutes()
 7 SYSTEMPATH/CodeIgniter.php(821): CodeIgniter\Router\RouteCollection->loadRoutes()
 8 SYSTEMPATH/CodeIgniter.php(455): CodeIgniter\CodeIgniter->tryToRouteIt(null)
 9 SYSTEMPATH/CodeIgniter.php(354): CodeIgniter\CodeIgniter->handleRequest(null, Object(Config\Cache), false)
10 SYSTEMPATH/Boot.php(334): CodeIgniter\CodeIgniter->run()
11 SYSTEMPATH/Boot.php(67): CodeIgniter\Boot::runCodeIgniter(Object(CodeIgniter\CodeIgniter))
12 FCPATH/index.php(56): CodeIgniter\Boot::bootWeb(Object(Config\Paths))
WARNING - 2025-02-07 17:30:27 --> [DEPRECATED] Passing lowercase HTTP method "post" is deprecated. Use uppercase HTTP method like "POST". in SYSTEMPATH/Router/RouteCollection.php on line 1026.
 1 SYSTEMPATH/Router/RouteCollection.php(1026): trigger_error('Passing lowercase HTTP method "post" is deprecated. Use uppercase HTTP method like "POST".', 16384)
 2 ROOTPATH/Modules/Templates/Config/Routes.php(7): CodeIgniter\Router\RouteCollection->match([...], '/', 'Templates::index')
 3 SYSTEMPATH/Router/RouteCollection.php(799): CodeIgniter\Router\RouteCollection::{closure}(Object(CodeIgniter\Router\RouteCollection))
 4 ROOTPATH/Modules/Templates/Config/Routes.php(4): CodeIgniter\Router\RouteCollection->group('', [...], Object(Closure))
 5 SYSTEMPATH/Router/RouteCollection.php(372): include('/Users/alanmartin/Sites/localhost/hmvc-master/Ci4/Modules/Templates/Config/Routes.php')
 6 SYSTEMPATH/Router/RouteCollection.php(342): CodeIgniter\Router\RouteCollection->discoverRoutes()
 7 SYSTEMPATH/CodeIgniter.php(821): CodeIgniter\Router\RouteCollection->loadRoutes()
 8 SYSTEMPATH/CodeIgniter.php(455): CodeIgniter\CodeIgniter->tryToRouteIt(null)
 9 SYSTEMPATH/CodeIgniter.php(354): CodeIgniter\CodeIgniter->handleRequest(null, Object(Config\Cache), false)
10 SYSTEMPATH/Boot.php(334): CodeIgniter\CodeIgniter->run()
11 SYSTEMPATH/Boot.php(67): CodeIgniter\Boot::runCodeIgniter(Object(CodeIgniter\CodeIgniter))
12 FCPATH/index.php(56): CodeIgniter\Boot::bootWeb(Object(Config\Paths))
DEBUG - 2025-02-07 17:30:27 --> Session: Class initialized using 'CodeIgniter\Session\Handlers\FileHandler' driver.
DEBUG - 2025-02-07 17:30:27 --> Session: Class initialized using 'CodeIgniter\Session\Handlers\FileHandler' driver.
WARNING - 2025-02-07 17:30:45 --> [DEPRECATED] Passing lowercase HTTP method "get" is deprecated. Use uppercase HTTP method like "GET". in SYSTEMPATH/Router/RouteCollection.php on line 1026.
 1 SYSTEMPATH/Router/RouteCollection.php(1026): trigger_error('Passing lowercase HTTP method "get" is deprecated. Use uppercase HTTP method like "GET".', 16384)
 2 ROOTPATH/Modules/Templates/Config/Routes.php(7): CodeIgniter\Router\RouteCollection->match([...], '/', 'Templates::index')
 3 SYSTEMPATH/Router/RouteCollection.php(799): CodeIgniter\Router\RouteCollection::{closure}(Object(CodeIgniter\Router\RouteCollection))
 4 ROOTPATH/Modules/Templates/Config/Routes.php(4): CodeIgniter\Router\RouteCollection->group('', [...], Object(Closure))
 5 SYSTEMPATH/Router/RouteCollection.php(372): include('/Users/alanmartin/Sites/localhost/hmvc-master/Ci4/Modules/Templates/Config/Routes.php')
 6 SYSTEMPATH/Router/RouteCollection.php(342): CodeIgniter\Router\RouteCollection->discoverRoutes()
 7 SYSTEMPATH/CodeIgniter.php(821): CodeIgniter\Router\RouteCollection->loadRoutes()
 8 SYSTEMPATH/CodeIgniter.php(455): CodeIgniter\CodeIgniter->tryToRouteIt(null)
 9 SYSTEMPATH/CodeIgniter.php(354): CodeIgniter\CodeIgniter->handleRequest(null, Object(Config\Cache), false)
10 SYSTEMPATH/Boot.php(334): CodeIgniter\CodeIgniter->run()
11 SYSTEMPATH/Boot.php(67): CodeIgniter\Boot::runCodeIgniter(Object(CodeIgniter\CodeIgniter))
12 FCPATH/index.php(56): CodeIgniter\Boot::bootWeb(Object(Config\Paths))
WARNING - 2025-02-07 17:30:45 --> [DEPRECATED] Passing lowercase HTTP method "post" is deprecated. Use uppercase HTTP method like "POST". in SYSTEMPATH/Router/RouteCollection.php on line 1026.
 1 SYSTEMPATH/Router/RouteCollection.php(1026): trigger_error('Passing lowercase HTTP method "post" is deprecated. Use uppercase HTTP method like "POST".', 16384)
 2 ROOTPATH/Modules/Templates/Config/Routes.php(7): CodeIgniter\Router\RouteCollection->match([...], '/', 'Templates::index')
 3 SYSTEMPATH/Router/RouteCollection.php(799): CodeIgniter\Router\RouteCollection::{closure}(Object(CodeIgniter\Router\RouteCollection))
 4 ROOTPATH/Modules/Templates/Config/Routes.php(4): CodeIgniter\Router\RouteCollection->group('', [...], Object(Closure))
 5 SYSTEMPATH/Router/RouteCollection.php(372): include('/Users/alanmartin/Sites/localhost/hmvc-master/Ci4/Modules/Templates/Config/Routes.php')
 6 SYSTEMPATH/Router/RouteCollection.php(342): CodeIgniter\Router\RouteCollection->discoverRoutes()
 7 SYSTEMPATH/CodeIgniter.php(821): CodeIgniter\Router\RouteCollection->loadRoutes()
 8 SYSTEMPATH/CodeIgniter.php(455): CodeIgniter\CodeIgniter->tryToRouteIt(null)
 9 SYSTEMPATH/CodeIgniter.php(354): CodeIgniter\CodeIgniter->handleRequest(null, Object(Config\Cache), false)
10 SYSTEMPATH/Boot.php(334): CodeIgniter\CodeIgniter->run()
11 SYSTEMPATH/Boot.php(67): CodeIgniter\Boot::runCodeIgniter(Object(CodeIgniter\CodeIgniter))
12 FCPATH/index.php(56): CodeIgniter\Boot::bootWeb(Object(Config\Paths))
DEBUG - 2025-02-07 17:30:45 --> Session: Class initialized using 'CodeIgniter\Session\Handlers\FileHandler' driver.
DEBUG - 2025-02-07 17:30:46 --> Session: Class initialized using 'CodeIgniter\Session\Handlers\FileHandler' driver.
WARNING - 2025-02-07 17:31:19 --> [DEPRECATED] Passing lowercase HTTP method "get" is deprecated. Use uppercase HTTP method like "GET". in SYSTEMPATH/Router/RouteCollection.php on line 1026.
 1 SYSTEMPATH/Router/RouteCollection.php(1026): trigger_error('Passing lowercase HTTP method "get" is deprecated. Use uppercase HTTP method like "GET".', 16384)
 2 ROOTPATH/Modules/Templates/Config/Routes.php(7): CodeIgniter\Router\RouteCollection->match([...], '/', 'Templates::index')
 3 SYSTEMPATH/Router/RouteCollection.php(799): CodeIgniter\Router\RouteCollection::{closure}(Object(CodeIgniter\Router\RouteCollection))
 4 ROOTPATH/Modules/Templates/Config/Routes.php(4): CodeIgniter\Router\RouteCollection->group('', [...], Object(Closure))
 5 SYSTEMPATH/Router/RouteCollection.php(372): include('/Users/alanmartin/Sites/localhost/hmvc-master/Ci4/Modules/Templates/Config/Routes.php')
 6 SYSTEMPATH/Router/RouteCollection.php(342): CodeIgniter\Router\RouteCollection->discoverRoutes()
 7 SYSTEMPATH/CodeIgniter.php(821): CodeIgniter\Router\RouteCollection->loadRoutes()
 8 SYSTEMPATH/CodeIgniter.php(455): CodeIgniter\CodeIgniter->tryToRouteIt(null)
 9 SYSTEMPATH/CodeIgniter.php(354): CodeIgniter\CodeIgniter->handleRequest(null, Object(Config\Cache), false)
10 SYSTEMPATH/Boot.php(334): CodeIgniter\CodeIgniter->run()
11 SYSTEMPATH/Boot.php(67): CodeIgniter\Boot::runCodeIgniter(Object(CodeIgniter\CodeIgniter))
12 FCPATH/index.php(56): CodeIgniter\Boot::bootWeb(Object(Config\Paths))
WARNING - 2025-02-07 17:31:19 --> [DEPRECATED] Passing lowercase HTTP method "post" is deprecated. Use uppercase HTTP method like "POST". in SYSTEMPATH/Router/RouteCollection.php on line 1026.
 1 SYSTEMPATH/Router/RouteCollection.php(1026): trigger_error('Passing lowercase HTTP method "post" is deprecated. Use uppercase HTTP method like "POST".', 16384)
 2 ROOTPATH/Modules/Templates/Config/Routes.php(7): CodeIgniter\Router\RouteCollection->match([...], '/', 'Templates::index')
 3 SYSTEMPATH/Router/RouteCollection.php(799): CodeIgniter\Router\RouteCollection::{closure}(Object(CodeIgniter\Router\RouteCollection))
 4 ROOTPATH/Modules/Templates/Config/Routes.php(4): CodeIgniter\Router\RouteCollection->group('', [...], Object(Closure))
 5 SYSTEMPATH/Router/RouteCollection.php(372): include('/Users/alanmartin/Sites/localhost/hmvc-master/Ci4/Modules/Templates/Config/Routes.php')
 6 SYSTEMPATH/Router/RouteCollection.php(342): CodeIgniter\Router\RouteCollection->discoverRoutes()
 7 SYSTEMPATH/CodeIgniter.php(821): CodeIgniter\Router\RouteCollection->loadRoutes()
 8 SYSTEMPATH/CodeIgniter.php(455): CodeIgniter\CodeIgniter->tryToRouteIt(null)
 9 SYSTEMPATH/CodeIgniter.php(354): CodeIgniter\CodeIgniter->handleRequest(null, Object(Config\Cache), false)
10 SYSTEMPATH/Boot.php(334): CodeIgniter\CodeIgniter->run()
11 SYSTEMPATH/Boot.php(67): CodeIgniter\Boot::runCodeIgniter(Object(CodeIgniter\CodeIgniter))
12 FCPATH/index.php(56): CodeIgniter\Boot::bootWeb(Object(Config\Paths))
DEBUG - 2025-02-07 17:31:19 --> Session: Class initialized using 'CodeIgniter\Session\Handlers\FileHandler' driver.
WARNING - 2025-02-07 17:31:19 --> [DEPRECATED] Passing lowercase HTTP method "get" is deprecated. Use uppercase HTTP method like "GET". in SYSTEMPATH/Router/RouteCollection.php on line 1026.
 1 SYSTEMPATH/Router/RouteCollection.php(1026): trigger_error('Passing lowercase HTTP method "get" is deprecated. Use uppercase HTTP method like "GET".', 16384)
 2 ROOTPATH/Modules/Templates/Config/Routes.php(7): CodeIgniter\Router\RouteCollection->match([...], '/', 'Templates::index')
 3 SYSTEMPATH/Router/RouteCollection.php(799): CodeIgniter\Router\RouteCollection::{closure}(Object(CodeIgniter\Router\RouteCollection))
 4 ROOTPATH/Modules/Templates/Config/Routes.php(4): CodeIgniter\Router\RouteCollection->group('', [...], Object(Closure))
 5 SYSTEMPATH/Router/RouteCollection.php(372): include('/Users/alanmartin/Sites/localhost/hmvc-master/Ci4/Modules/Templates/Config/Routes.php')
 6 SYSTEMPATH/Router/RouteCollection.php(342): CodeIgniter\Router\RouteCollection->discoverRoutes()
 7 SYSTEMPATH/CodeIgniter.php(821): CodeIgniter\Router\RouteCollection->loadRoutes()
 8 SYSTEMPATH/CodeIgniter.php(455): CodeIgniter\CodeIgniter->tryToRouteIt(null)
 9 SYSTEMPATH/CodeIgniter.php(354): CodeIgniter\CodeIgniter->handleRequest(null, Object(Config\Cache), false)
10 SYSTEMPATH/Boot.php(334): CodeIgniter\CodeIgniter->run()
11 SYSTEMPATH/Boot.php(67): CodeIgniter\Boot::runCodeIgniter(Object(CodeIgniter\CodeIgniter))
12 FCPATH/index.php(56): CodeIgniter\Boot::bootWeb(Object(Config\Paths))
WARNING - 2025-02-07 17:31:19 --> [DEPRECATED] Passing lowercase HTTP method "post" is deprecated. Use uppercase HTTP method like "POST". in SYSTEMPATH/Router/RouteCollection.php on line 1026.
 1 SYSTEMPATH/Router/RouteCollection.php(1026): trigger_error('Passing lowercase HTTP method "post" is deprecated. Use uppercase HTTP method like "POST".', 16384)
 2 ROOTPATH/Modules/Templates/Config/Routes.php(7): CodeIgniter\Router\RouteCollection->match([...], '/', 'Templates::index')
 3 SYSTEMPATH/Router/RouteCollection.php(799): CodeIgniter\Router\RouteCollection::{closure}(Object(CodeIgniter\Router\RouteCollection))
 4 ROOTPATH/Modules/Templates/Config/Routes.php(4): CodeIgniter\Router\RouteCollection->group('', [...], Object(Closure))
 5 SYSTEMPATH/Router/RouteCollection.php(372): include('/Users/alanmartin/Sites/localhost/hmvc-master/Ci4/Modules/Templates/Config/Routes.php')
 6 SYSTEMPATH/Router/RouteCollection.php(342): CodeIgniter\Router\RouteCollection->discoverRoutes()
 7 SYSTEMPATH/CodeIgniter.php(821): CodeIgniter\Router\RouteCollection->loadRoutes()
 8 SYSTEMPATH/CodeIgniter.php(455): CodeIgniter\CodeIgniter->tryToRouteIt(null)
 9 SYSTEMPATH/CodeIgniter.php(354): CodeIgniter\CodeIgniter->handleRequest(null, Object(Config\Cache), false)
10 SYSTEMPATH/Boot.php(334): CodeIgniter\CodeIgniter->run()
11 SYSTEMPATH/Boot.php(67): CodeIgniter\Boot::runCodeIgniter(Object(CodeIgniter\CodeIgniter))
12 FCPATH/index.php(56): CodeIgniter\Boot::bootWeb(Object(Config\Paths))
DEBUG - 2025-02-07 17:31:19 --> Session: Class initialized using 'CodeIgniter\Session\Handlers\FileHandler' driver.
WARNING - 2025-02-07 17:31:19 --> [DEPRECATED] Creation of dynamic property Modules\Quiz\Controllers\Quiz::$db is deprecated in ROOTPATH/Modules/Quiz/Controllers/Quiz.php on line 40.
 1 SYSTEMPATH/CodeIgniter.php(903): Modules\Quiz\Controllers\Quiz->__construct()
 2 SYSTEMPATH/CodeIgniter.php(498): CodeIgniter\CodeIgniter->createController()
 3 SYSTEMPATH/CodeIgniter.php(354): CodeIgniter\CodeIgniter->handleRequest(null, Object(Config\Cache), false)
 4 SYSTEMPATH/Boot.php(334): CodeIgniter\CodeIgniter->run()
 5 SYSTEMPATH/Boot.php(67): CodeIgniter\Boot::runCodeIgniter(Object(CodeIgniter\CodeIgniter))
 6 FCPATH/index.php(56): CodeIgniter\Boot::bootWeb(Object(Config\Paths))
WARNING - 2025-02-07 17:31:19 --> Session: Sessions is enabled, and one exists. Please don't $session->start();
WARNING - 2025-02-07 17:31:19 --> [DEPRECATED] Creation of dynamic property Modules\Quiz\Model\QuizModel::$user is deprecated in ROOTPATH/Modules/Quiz/Model/QuizModel.php on line 108.
 1 ROOTPATH/Modules/Quiz/Controllers/Quiz.php(305): Modules\Quiz\Model\QuizModel->get_quiz()
 2 SYSTEMPATH/CodeIgniter.php(933): Modules\Quiz\Controllers\Quiz->display()
 3 SYSTEMPATH/CodeIgniter.php(507): CodeIgniter\CodeIgniter->runController(Object(Modules\Quiz\Controllers\Quiz))
 4 SYSTEMPATH/CodeIgniter.php(354): CodeIgniter\CodeIgniter->handleRequest(null, Object(Config\Cache), false)
 5 SYSTEMPATH/Boot.php(334): CodeIgniter\CodeIgniter->run()
 6 SYSTEMPATH/Boot.php(67): CodeIgniter\Boot::runCodeIgniter(Object(CodeIgniter\CodeIgniter))
 7 FCPATH/index.php(56): CodeIgniter\Boot::bootWeb(Object(Config\Paths))
DEBUG - 2025-02-07 17:31:19 --> Session: Class initialized using 'CodeIgniter\Session\Handlers\FileHandler' driver.
WARNING - 2025-02-07 17:31:22 --> [DEPRECATED] Passing lowercase HTTP method "get" is deprecated. Use uppercase HTTP method like "GET". in SYSTEMPATH/Router/RouteCollection.php on line 1026.
 1 SYSTEMPATH/Router/RouteCollection.php(1026): trigger_error('Passing lowercase HTTP method "get" is deprecated. Use uppercase HTTP method like "GET".', 16384)
 2 ROOTPATH/Modules/Templates/Config/Routes.php(7): CodeIgniter\Router\RouteCollection->match([...], '/', 'Templates::index')
 3 SYSTEMPATH/Router/RouteCollection.php(799): CodeIgniter\Router\RouteCollection::{closure}(Object(CodeIgniter\Router\RouteCollection))
 4 ROOTPATH/Modules/Templates/Config/Routes.php(4): CodeIgniter\Router\RouteCollection->group('', [...], Object(Closure))
 5 SYSTEMPATH/Router/RouteCollection.php(372): include('/Users/alanmartin/Sites/localhost/hmvc-master/Ci4/Modules/Templates/Config/Routes.php')
 6 SYSTEMPATH/Router/RouteCollection.php(342): CodeIgniter\Router\RouteCollection->discoverRoutes()
 7 SYSTEMPATH/CodeIgniter.php(821): CodeIgniter\Router\RouteCollection->loadRoutes()
 8 SYSTEMPATH/CodeIgniter.php(455): CodeIgniter\CodeIgniter->tryToRouteIt(null)
 9 SYSTEMPATH/CodeIgniter.php(354): CodeIgniter\CodeIgniter->handleRequest(null, Object(Config\Cache), false)
10 SYSTEMPATH/Boot.php(334): CodeIgniter\CodeIgniter->run()
11 SYSTEMPATH/Boot.php(67): CodeIgniter\Boot::runCodeIgniter(Object(CodeIgniter\CodeIgniter))
12 FCPATH/index.php(56): CodeIgniter\Boot::bootWeb(Object(Config\Paths))
WARNING - 2025-02-07 17:31:22 --> [DEPRECATED] Passing lowercase HTTP method "post" is deprecated. Use uppercase HTTP method like "POST". in SYSTEMPATH/Router/RouteCollection.php on line 1026.
 1 SYSTEMPATH/Router/RouteCollection.php(1026): trigger_error('Passing lowercase HTTP method "post" is deprecated. Use uppercase HTTP method like "POST".', 16384)
 2 ROOTPATH/Modules/Templates/Config/Routes.php(7): CodeIgniter\Router\RouteCollection->match([...], '/', 'Templates::index')
 3 SYSTEMPATH/Router/RouteCollection.php(799): CodeIgniter\Router\RouteCollection::{closure}(Object(CodeIgniter\Router\RouteCollection))
 4 ROOTPATH/Modules/Templates/Config/Routes.php(4): CodeIgniter\Router\RouteCollection->group('', [...], Object(Closure))
 5 SYSTEMPATH/Router/RouteCollection.php(372): include('/Users/alanmartin/Sites/localhost/hmvc-master/Ci4/Modules/Templates/Config/Routes.php')
 6 SYSTEMPATH/Router/RouteCollection.php(342): CodeIgniter\Router\RouteCollection->discoverRoutes()
 7 SYSTEMPATH/CodeIgniter.php(821): CodeIgniter\Router\RouteCollection->loadRoutes()
 8 SYSTEMPATH/CodeIgniter.php(455): CodeIgniter\CodeIgniter->tryToRouteIt(null)
 9 SYSTEMPATH/CodeIgniter.php(354): CodeIgniter\CodeIgniter->handleRequest(null, Object(Config\Cache), false)
10 SYSTEMPATH/Boot.php(334): CodeIgniter\CodeIgniter->run()
11 SYSTEMPATH/Boot.php(67): CodeIgniter\Boot::runCodeIgniter(Object(CodeIgniter\CodeIgniter))
12 FCPATH/index.php(56): CodeIgniter\Boot::bootWeb(Object(Config\Paths))
WARNING - 2025-02-07 17:31:28 --> [DEPRECATED] Passing lowercase HTTP method "get" is deprecated. Use uppercase HTTP method like "GET". in SYSTEMPATH/Router/RouteCollection.php on line 1026.
 1 SYSTEMPATH/Router/RouteCollection.php(1026): trigger_error('Passing lowercase HTTP method "get" is deprecated. Use uppercase HTTP method like "GET".', 16384)
 2 ROOTPATH/Modules/Templates/Config/Routes.php(7): CodeIgniter\Router\RouteCollection->match([...], '/', 'Templates::index')
 3 SYSTEMPATH/Router/RouteCollection.php(799): CodeIgniter\Router\RouteCollection::{closure}(Object(CodeIgniter\Router\RouteCollection))
 4 ROOTPATH/Modules/Templates/Config/Routes.php(4): CodeIgniter\Router\RouteCollection->group('', [...], Object(Closure))
 5 SYSTEMPATH/Router/RouteCollection.php(372): include('/Users/alanmartin/Sites/localhost/hmvc-master/Ci4/Modules/Templates/Config/Routes.php')
 6 SYSTEMPATH/Router/RouteCollection.php(342): CodeIgniter\Router\RouteCollection->discoverRoutes()
 7 SYSTEMPATH/CodeIgniter.php(821): CodeIgniter\Router\RouteCollection->loadRoutes()
 8 SYSTEMPATH/CodeIgniter.php(455): CodeIgniter\CodeIgniter->tryToRouteIt(null)
 9 SYSTEMPATH/CodeIgniter.php(354): CodeIgniter\CodeIgniter->handleRequest(null, Object(Config\Cache), false)
10 SYSTEMPATH/Boot.php(334): CodeIgniter\CodeIgniter->run()
11 SYSTEMPATH/Boot.php(67): CodeIgniter\Boot::runCodeIgniter(Object(CodeIgniter\CodeIgniter))
12 FCPATH/index.php(56): CodeIgniter\Boot::bootWeb(Object(Config\Paths))
WARNING - 2025-02-07 17:31:28 --> [DEPRECATED] Passing lowercase HTTP method "post" is deprecated. Use uppercase HTTP method like "POST". in SYSTEMPATH/Router/RouteCollection.php on line 1026.
 1 SYSTEMPATH/Router/RouteCollection.php(1026): trigger_error('Passing lowercase HTTP method "post" is deprecated. Use uppercase HTTP method like "POST".', 16384)
 2 ROOTPATH/Modules/Templates/Config/Routes.php(7): CodeIgniter\Router\RouteCollection->match([...], '/', 'Templates::index')
 3 SYSTEMPATH/Router/RouteCollection.php(799): CodeIgniter\Router\RouteCollection::{closure}(Object(CodeIgniter\Router\RouteCollection))
 4 ROOTPATH/Modules/Templates/Config/Routes.php(4): CodeIgniter\Router\RouteCollection->group('', [...], Object(Closure))
 5 SYSTEMPATH/Router/RouteCollection.php(372): include('/Users/alanmartin/Sites/localhost/hmvc-master/Ci4/Modules/Templates/Config/Routes.php')
 6 SYSTEMPATH/Router/RouteCollection.php(342): CodeIgniter\Router\RouteCollection->discoverRoutes()
 7 SYSTEMPATH/CodeIgniter.php(821): CodeIgniter\Router\RouteCollection->loadRoutes()
 8 SYSTEMPATH/CodeIgniter.php(455): CodeIgniter\CodeIgniter->tryToRouteIt(null)
 9 SYSTEMPATH/CodeIgniter.php(354): CodeIgniter\CodeIgniter->handleRequest(null, Object(Config\Cache), false)
10 SYSTEMPATH/Boot.php(334): CodeIgniter\CodeIgniter->run()
11 SYSTEMPATH/Boot.php(67): CodeIgniter\Boot::runCodeIgniter(Object(CodeIgniter\CodeIgniter))
12 FCPATH/index.php(56): CodeIgniter\Boot::bootWeb(Object(Config\Paths))
WARNING - 2025-02-07 17:31:33 --> [DEPRECATED] Passing lowercase HTTP method "get" is deprecated. Use uppercase HTTP method like "GET". in SYSTEMPATH/Router/RouteCollection.php on line 1026.
 1 SYSTEMPATH/Router/RouteCollection.php(1026): trigger_error('Passing lowercase HTTP method "get" is deprecated. Use uppercase HTTP method like "GET".', 16384)
 2 ROOTPATH/Modules/Templates/Config/Routes.php(7): CodeIgniter\Router\RouteCollection->match([...], '/', 'Templates::index')
 3 SYSTEMPATH/Router/RouteCollection.php(799): CodeIgniter\Router\RouteCollection::{closure}(Object(CodeIgniter\Router\RouteCollection))
 4 ROOTPATH/Modules/Templates/Config/Routes.php(4): CodeIgniter\Router\RouteCollection->group('', [...], Object(Closure))
 5 SYSTEMPATH/Router/RouteCollection.php(372): include('/Users/alanmartin/Sites/localhost/hmvc-master/Ci4/Modules/Templates/Config/Routes.php')
 6 SYSTEMPATH/Router/RouteCollection.php(342): CodeIgniter\Router\RouteCollection->discoverRoutes()
 7 SYSTEMPATH/CodeIgniter.php(821): CodeIgniter\Router\RouteCollection->loadRoutes()
 8 SYSTEMPATH/CodeIgniter.php(455): CodeIgniter\CodeIgniter->tryToRouteIt(null)
 9 SYSTEMPATH/CodeIgniter.php(354): CodeIgniter\CodeIgniter->handleRequest(null, Object(Config\Cache), false)
10 SYSTEMPATH/Boot.php(334): CodeIgniter\CodeIgniter->run()
11 SYSTEMPATH/Boot.php(67): CodeIgniter\Boot::runCodeIgniter(Object(CodeIgniter\CodeIgniter))
12 FCPATH/index.php(56): CodeIgniter\Boot::bootWeb(Object(Config\Paths))
WARNING - 2025-02-07 17:31:33 --> [DEPRECATED] Passing lowercase HTTP method "post" is deprecated. Use uppercase HTTP method like "POST". in SYSTEMPATH/Router/RouteCollection.php on line 1026.
 1 SYSTEMPATH/Router/RouteCollection.php(1026): trigger_error('Passing lowercase HTTP method "post" is deprecated. Use uppercase HTTP method like "POST".', 16384)
 2 ROOTPATH/Modules/Templates/Config/Routes.php(7): CodeIgniter\Router\RouteCollection->match([...], '/', 'Templates::index')
 3 SYSTEMPATH/Router/RouteCollection.php(799): CodeIgniter\Router\RouteCollection::{closure}(Object(CodeIgniter\Router\RouteCollection))
 4 ROOTPATH/Modules/Templates/Config/Routes.php(4): CodeIgniter\Router\RouteCollection->group('', [...], Object(Closure))
 5 SYSTEMPATH/Router/RouteCollection.php(372): include('/Users/alanmartin/Sites/localhost/hmvc-master/Ci4/Modules/Templates/Config/Routes.php')
 6 SYSTEMPATH/Router/RouteCollection.php(342): CodeIgniter\Router\RouteCollection->discoverRoutes()
 7 SYSTEMPATH/CodeIgniter.php(821): CodeIgniter\Router\RouteCollection->loadRoutes()
 8 SYSTEMPATH/CodeIgniter.php(455): CodeIgniter\CodeIgniter->tryToRouteIt(null)
 9 SYSTEMPATH/CodeIgniter.php(354): CodeIgniter\CodeIgniter->handleRequest(null, Object(Config\Cache), false)
10 SYSTEMPATH/Boot.php(334): CodeIgniter\CodeIgniter->run()
11 SYSTEMPATH/Boot.php(67): CodeIgniter\Boot::runCodeIgniter(Object(CodeIgniter\CodeIgniter))
12 FCPATH/index.php(56): CodeIgniter\Boot::bootWeb(Object(Config\Paths))
DEBUG - 2025-02-07 17:31:33 --> Session: Class initialized using 'CodeIgniter\Session\Handlers\FileHandler' driver.
DEBUG - 2025-02-07 17:31:33 --> Session: Class initialized using 'CodeIgniter\Session\Handlers\FileHandler' driver.
WARNING - 2025-02-07 17:31:47 --> [DEPRECATED] Passing lowercase HTTP method "get" is deprecated. Use uppercase HTTP method like "GET". in SYSTEMPATH/Router/RouteCollection.php on line 1026.
 1 SYSTEMPATH/Router/RouteCollection.php(1026): trigger_error('Passing lowercase HTTP method "get" is deprecated. Use uppercase HTTP method like "GET".', 16384)
 2 ROOTPATH/Modules/Templates/Config/Routes.php(7): CodeIgniter\Router\RouteCollection->match([...], '/', 'Templates::index')
 3 SYSTEMPATH/Router/RouteCollection.php(799): CodeIgniter\Router\RouteCollection::{closure}(Object(CodeIgniter\Router\RouteCollection))
 4 ROOTPATH/Modules/Templates/Config/Routes.php(4): CodeIgniter\Router\RouteCollection->group('', [...], Object(Closure))
 5 SYSTEMPATH/Router/RouteCollection.php(372): include('/Users/alanmartin/Sites/localhost/hmvc-master/Ci4/Modules/Templates/Config/Routes.php')
 6 SYSTEMPATH/Router/RouteCollection.php(342): CodeIgniter\Router\RouteCollection->discoverRoutes()
 7 SYSTEMPATH/CodeIgniter.php(821): CodeIgniter\Router\RouteCollection->loadRoutes()
 8 SYSTEMPATH/CodeIgniter.php(455): CodeIgniter\CodeIgniter->tryToRouteIt(null)
 9 SYSTEMPATH/CodeIgniter.php(354): CodeIgniter\CodeIgniter->handleRequest(null, Object(Config\Cache), false)
10 SYSTEMPATH/Boot.php(334): CodeIgniter\CodeIgniter->run()
11 SYSTEMPATH/Boot.php(67): CodeIgniter\Boot::runCodeIgniter(Object(CodeIgniter\CodeIgniter))
12 FCPATH/index.php(56): CodeIgniter\Boot::bootWeb(Object(Config\Paths))
WARNING - 2025-02-07 17:31:47 --> [DEPRECATED] Passing lowercase HTTP method "post" is deprecated. Use uppercase HTTP method like "POST". in SYSTEMPATH/Router/RouteCollection.php on line 1026.
 1 SYSTEMPATH/Router/RouteCollection.php(1026): trigger_error('Passing lowercase HTTP method "post" is deprecated. Use uppercase HTTP method like "POST".', 16384)
 2 ROOTPATH/Modules/Templates/Config/Routes.php(7): CodeIgniter\Router\RouteCollection->match([...], '/', 'Templates::index')
 3 SYSTEMPATH/Router/RouteCollection.php(799): CodeIgniter\Router\RouteCollection::{closure}(Object(CodeIgniter\Router\RouteCollection))
 4 ROOTPATH/Modules/Templates/Config/Routes.php(4): CodeIgniter\Router\RouteCollection->group('', [...], Object(Closure))
 5 SYSTEMPATH/Router/RouteCollection.php(372): include('/Users/alanmartin/Sites/localhost/hmvc-master/Ci4/Modules/Templates/Config/Routes.php')
 6 SYSTEMPATH/Router/RouteCollection.php(342): CodeIgniter\Router\RouteCollection->discoverRoutes()
 7 SYSTEMPATH/CodeIgniter.php(821): CodeIgniter\Router\RouteCollection->loadRoutes()
 8 SYSTEMPATH/CodeIgniter.php(455): CodeIgniter\CodeIgniter->tryToRouteIt(null)
 9 SYSTEMPATH/CodeIgniter.php(354): CodeIgniter\CodeIgniter->handleRequest(null, Object(Config\Cache), false)
10 SYSTEMPATH/Boot.php(334): CodeIgniter\CodeIgniter->run()
11 SYSTEMPATH/Boot.php(67): CodeIgniter\Boot::runCodeIgniter(Object(CodeIgniter\CodeIgniter))
12 FCPATH/index.php(56): CodeIgniter\Boot::bootWeb(Object(Config\Paths))
DEBUG - 2025-02-07 17:31:47 --> Session: Class initialized using 'CodeIgniter\Session\Handlers\FileHandler' driver.
DEBUG - 2025-02-07 17:31:47 --> Session: Class initialized using 'CodeIgniter\Session\Handlers\FileHandler' driver.
WARNING - 2025-02-07 17:31:49 --> [DEPRECATED] Passing lowercase HTTP method "get" is deprecated. Use uppercase HTTP method like "GET". in SYSTEMPATH/Router/RouteCollection.php on line 1026.
 1 SYSTEMPATH/Router/RouteCollection.php(1026): trigger_error('Passing lowercase HTTP method "get" is deprecated. Use uppercase HTTP method like "GET".', 16384)
 2 ROOTPATH/Modules/Templates/Config/Routes.php(7): CodeIgniter\Router\RouteCollection->match([...], '/', 'Templates::index')
 3 SYSTEMPATH/Router/RouteCollection.php(799): CodeIgniter\Router\RouteCollection::{closure}(Object(CodeIgniter\Router\RouteCollection))
 4 ROOTPATH/Modules/Templates/Config/Routes.php(4): CodeIgniter\Router\RouteCollection->group('', [...], Object(Closure))
 5 SYSTEMPATH/Router/RouteCollection.php(372): include('/Users/alanmartin/Sites/localhost/hmvc-master/Ci4/Modules/Templates/Config/Routes.php')
 6 SYSTEMPATH/Router/RouteCollection.php(342): CodeIgniter\Router\RouteCollection->discoverRoutes()
 7 SYSTEMPATH/CodeIgniter.php(821): CodeIgniter\Router\RouteCollection->loadRoutes()
 8 SYSTEMPATH/CodeIgniter.php(455): CodeIgniter\CodeIgniter->tryToRouteIt(null)
 9 SYSTEMPATH/CodeIgniter.php(354): CodeIgniter\CodeIgniter->handleRequest(null, Object(Config\Cache), false)
10 SYSTEMPATH/Boot.php(334): CodeIgniter\CodeIgniter->run()
11 SYSTEMPATH/Boot.php(67): CodeIgniter\Boot::runCodeIgniter(Object(CodeIgniter\CodeIgniter))
12 FCPATH/index.php(56): CodeIgniter\Boot::bootWeb(Object(Config\Paths))
WARNING - 2025-02-07 17:31:49 --> [DEPRECATED] Passing lowercase HTTP method "post" is deprecated. Use uppercase HTTP method like "POST". in SYSTEMPATH/Router/RouteCollection.php on line 1026.
 1 SYSTEMPATH/Router/RouteCollection.php(1026): trigger_error('Passing lowercase HTTP method "post" is deprecated. Use uppercase HTTP method like "POST".', 16384)
 2 ROOTPATH/Modules/Templates/Config/Routes.php(7): CodeIgniter\Router\RouteCollection->match([...], '/', 'Templates::index')
 3 SYSTEMPATH/Router/RouteCollection.php(799): CodeIgniter\Router\RouteCollection::{closure}(Object(CodeIgniter\Router\RouteCollection))
 4 ROOTPATH/Modules/Templates/Config/Routes.php(4): CodeIgniter\Router\RouteCollection->group('', [...], Object(Closure))
 5 SYSTEMPATH/Router/RouteCollection.php(372): include('/Users/alanmartin/Sites/localhost/hmvc-master/Ci4/Modules/Templates/Config/Routes.php')
 6 SYSTEMPATH/Router/RouteCollection.php(342): CodeIgniter\Router\RouteCollection->discoverRoutes()
 7 SYSTEMPATH/CodeIgniter.php(821): CodeIgniter\Router\RouteCollection->loadRoutes()
 8 SYSTEMPATH/CodeIgniter.php(455): CodeIgniter\CodeIgniter->tryToRouteIt(null)
 9 SYSTEMPATH/CodeIgniter.php(354): CodeIgniter\CodeIgniter->handleRequest(null, Object(Config\Cache), false)
10 SYSTEMPATH/Boot.php(334): CodeIgniter\CodeIgniter->run()
11 SYSTEMPATH/Boot.php(67): CodeIgniter\Boot::runCodeIgniter(Object(CodeIgniter\CodeIgniter))
12 FCPATH/index.php(56): CodeIgniter\Boot::bootWeb(Object(Config\Paths))
DEBUG - 2025-02-07 17:31:49 --> Session: Class initialized using 'CodeIgniter\Session\Handlers\FileHandler' driver.
WARNING - 2025-02-07 17:31:49 --> [DEPRECATED] Passing lowercase HTTP method "get" is deprecated. Use uppercase HTTP method like "GET". in SYSTEMPATH/Router/RouteCollection.php on line 1026.
 1 SYSTEMPATH/Router/RouteCollection.php(1026): trigger_error('Passing lowercase HTTP method "get" is deprecated. Use uppercase HTTP method like "GET".', 16384)
 2 ROOTPATH/Modules/Templates/Config/Routes.php(7): CodeIgniter\Router\RouteCollection->match([...], '/', 'Templates::index')
 3 SYSTEMPATH/Router/RouteCollection.php(799): CodeIgniter\Router\RouteCollection::{closure}(Object(CodeIgniter\Router\RouteCollection))
 4 ROOTPATH/Modules/Templates/Config/Routes.php(4): CodeIgniter\Router\RouteCollection->group('', [...], Object(Closure))
 5 SYSTEMPATH/Router/RouteCollection.php(372): include('/Users/alanmartin/Sites/localhost/hmvc-master/Ci4/Modules/Templates/Config/Routes.php')
 6 SYSTEMPATH/Router/RouteCollection.php(342): CodeIgniter\Router\RouteCollection->discoverRoutes()
 7 SYSTEMPATH/CodeIgniter.php(821): CodeIgniter\Router\RouteCollection->loadRoutes()
 8 SYSTEMPATH/CodeIgniter.php(455): CodeIgniter\CodeIgniter->tryToRouteIt(null)
 9 SYSTEMPATH/CodeIgniter.php(354): CodeIgniter\CodeIgniter->handleRequest(null, Object(Config\Cache), false)
10 SYSTEMPATH/Boot.php(334): CodeIgniter\CodeIgniter->run()
11 SYSTEMPATH/Boot.php(67): CodeIgniter\Boot::runCodeIgniter(Object(CodeIgniter\CodeIgniter))
12 FCPATH/index.php(56): CodeIgniter\Boot::bootWeb(Object(Config\Paths))
WARNING - 2025-02-07 17:31:49 --> [DEPRECATED] Passing lowercase HTTP method "post" is deprecated. Use uppercase HTTP method like "POST". in SYSTEMPATH/Router/RouteCollection.php on line 1026.
 1 SYSTEMPATH/Router/RouteCollection.php(1026): trigger_error('Passing lowercase HTTP method "post" is deprecated. Use uppercase HTTP method like "POST".', 16384)
 2 ROOTPATH/Modules/Templates/Config/Routes.php(7): CodeIgniter\Router\RouteCollection->match([...], '/', 'Templates::index')
 3 SYSTEMPATH/Router/RouteCollection.php(799): CodeIgniter\Router\RouteCollection::{closure}(Object(CodeIgniter\Router\RouteCollection))
 4 ROOTPATH/Modules/Templates/Config/Routes.php(4): CodeIgniter\Router\RouteCollection->group('', [...], Object(Closure))
 5 SYSTEMPATH/Router/RouteCollection.php(372): include('/Users/alanmartin/Sites/localhost/hmvc-master/Ci4/Modules/Templates/Config/Routes.php')
 6 SYSTEMPATH/Router/RouteCollection.php(342): CodeIgniter\Router\RouteCollection->discoverRoutes()
 7 SYSTEMPATH/CodeIgniter.php(821): CodeIgniter\Router\RouteCollection->loadRoutes()
 8 SYSTEMPATH/CodeIgniter.php(455): CodeIgniter\CodeIgniter->tryToRouteIt(null)
 9 SYSTEMPATH/CodeIgniter.php(354): CodeIgniter\CodeIgniter->handleRequest(null, Object(Config\Cache), false)
10 SYSTEMPATH/Boot.php(334): CodeIgniter\CodeIgniter->run()
11 SYSTEMPATH/Boot.php(67): CodeIgniter\Boot::runCodeIgniter(Object(CodeIgniter\CodeIgniter))
12 FCPATH/index.php(56): CodeIgniter\Boot::bootWeb(Object(Config\Paths))
DEBUG - 2025-02-07 17:31:49 --> Session: Class initialized using 'CodeIgniter\Session\Handlers\FileHandler' driver.
WARNING - 2025-02-07 17:31:49 --> [DEPRECATED] Creation of dynamic property Modules\Quiz\Controllers\Quiz::$db is deprecated in ROOTPATH/Modules/Quiz/Controllers/Quiz.php on line 40.
 1 SYSTEMPATH/CodeIgniter.php(903): Modules\Quiz\Controllers\Quiz->__construct()
 2 SYSTEMPATH/CodeIgniter.php(498): CodeIgniter\CodeIgniter->createController()
 3 SYSTEMPATH/CodeIgniter.php(354): CodeIgniter\CodeIgniter->handleRequest(null, Object(Config\Cache), false)
 4 SYSTEMPATH/Boot.php(334): CodeIgniter\CodeIgniter->run()
 5 SYSTEMPATH/Boot.php(67): CodeIgniter\Boot::runCodeIgniter(Object(CodeIgniter\CodeIgniter))
 6 FCPATH/index.php(56): CodeIgniter\Boot::bootWeb(Object(Config\Paths))
WARNING - 2025-02-07 17:31:49 --> Session: Sessions is enabled, and one exists. Please don't $session->start();
WARNING - 2025-02-07 17:31:49 --> [DEPRECATED] Creation of dynamic property Modules\Quiz\Model\QuizModel::$user is deprecated in ROOTPATH/Modules/Quiz/Model/QuizModel.php on line 108.
 1 ROOTPATH/Modules/Quiz/Controllers/Quiz.php(305): Modules\Quiz\Model\QuizModel->get_quiz()
 2 SYSTEMPATH/CodeIgniter.php(933): Modules\Quiz\Controllers\Quiz->display()
 3 SYSTEMPATH/CodeIgniter.php(507): CodeIgniter\CodeIgniter->runController(Object(Modules\Quiz\Controllers\Quiz))
 4 SYSTEMPATH/CodeIgniter.php(354): CodeIgniter\CodeIgniter->handleRequest(null, Object(Config\Cache), false)
 5 SYSTEMPATH/Boot.php(334): CodeIgniter\CodeIgniter->run()
 6 SYSTEMPATH/Boot.php(67): CodeIgniter\Boot::runCodeIgniter(Object(CodeIgniter\CodeIgniter))
 7 FCPATH/index.php(56): CodeIgniter\Boot::bootWeb(Object(Config\Paths))
DEBUG - 2025-02-07 17:31:49 --> Session: Class initialized using 'CodeIgniter\Session\Handlers\FileHandler' driver.
WARNING - 2025-02-07 17:31:50 --> [DEPRECATED] Passing lowercase HTTP method "get" is deprecated. Use uppercase HTTP method like "GET". in SYSTEMPATH/Router/RouteCollection.php on line 1026.
 1 SYSTEMPATH/Router/RouteCollection.php(1026): trigger_error('Passing lowercase HTTP method "get" is deprecated. Use uppercase HTTP method like "GET".', 16384)
 2 ROOTPATH/Modules/Templates/Config/Routes.php(7): CodeIgniter\Router\RouteCollection->match([...], '/', 'Templates::index')
 3 SYSTEMPATH/Router/RouteCollection.php(799): CodeIgniter\Router\RouteCollection::{closure}(Object(CodeIgniter\Router\RouteCollection))
 4 ROOTPATH/Modules/Templates/Config/Routes.php(4): CodeIgniter\Router\RouteCollection->group('', [...], Object(Closure))
 5 SYSTEMPATH/Router/RouteCollection.php(372): include('/Users/alanmartin/Sites/localhost/hmvc-master/Ci4/Modules/Templates/Config/Routes.php')
 6 SYSTEMPATH/Router/RouteCollection.php(342): CodeIgniter\Router\RouteCollection->discoverRoutes()
 7 SYSTEMPATH/CodeIgniter.php(821): CodeIgniter\Router\RouteCollection->loadRoutes()
 8 SYSTEMPATH/CodeIgniter.php(455): CodeIgniter\CodeIgniter->tryToRouteIt(null)
 9 SYSTEMPATH/CodeIgniter.php(354): CodeIgniter\CodeIgniter->handleRequest(null, Object(Config\Cache), false)
10 SYSTEMPATH/Boot.php(334): CodeIgniter\CodeIgniter->run()
11 SYSTEMPATH/Boot.php(67): CodeIgniter\Boot::runCodeIgniter(Object(CodeIgniter\CodeIgniter))
12 FCPATH/index.php(56): CodeIgniter\Boot::bootWeb(Object(Config\Paths))
WARNING - 2025-02-07 17:31:50 --> [DEPRECATED] Passing lowercase HTTP method "post" is deprecated. Use uppercase HTTP method like "POST". in SYSTEMPATH/Router/RouteCollection.php on line 1026.
 1 SYSTEMPATH/Router/RouteCollection.php(1026): trigger_error('Passing lowercase HTTP method "post" is deprecated. Use uppercase HTTP method like "POST".', 16384)
 2 ROOTPATH/Modules/Templates/Config/Routes.php(7): CodeIgniter\Router\RouteCollection->match([...], '/', 'Templates::index')
 3 SYSTEMPATH/Router/RouteCollection.php(799): CodeIgniter\Router\RouteCollection::{closure}(Object(CodeIgniter\Router\RouteCollection))
 4 ROOTPATH/Modules/Templates/Config/Routes.php(4): CodeIgniter\Router\RouteCollection->group('', [...], Object(Closure))
 5 SYSTEMPATH/Router/RouteCollection.php(372): include('/Users/alanmartin/Sites/localhost/hmvc-master/Ci4/Modules/Templates/Config/Routes.php')
 6 SYSTEMPATH/Router/RouteCollection.php(342): CodeIgniter\Router\RouteCollection->discoverRoutes()
 7 SYSTEMPATH/CodeIgniter.php(821): CodeIgniter\Router\RouteCollection->loadRoutes()
 8 SYSTEMPATH/CodeIgniter.php(455): CodeIgniter\CodeIgniter->tryToRouteIt(null)
 9 SYSTEMPATH/CodeIgniter.php(354): CodeIgniter\CodeIgniter->handleRequest(null, Object(Config\Cache), false)
10 SYSTEMPATH/Boot.php(334): CodeIgniter\CodeIgniter->run()
11 SYSTEMPATH/Boot.php(67): CodeIgniter\Boot::runCodeIgniter(Object(CodeIgniter\CodeIgniter))
12 FCPATH/index.php(56): CodeIgniter\Boot::bootWeb(Object(Config\Paths))
DEBUG - 2025-02-07 17:31:50 --> Session: Class initialized using 'CodeIgniter\Session\Handlers\FileHandler' driver.
WARNING - 2025-02-07 17:31:50 --> [DEPRECATED] Creation of dynamic property Modules\Quiz\Controllers\Quiz::$db is deprecated in ROOTPATH/Modules/Quiz/Controllers/Quiz.php on line 40.
 1 SYSTEMPATH/CodeIgniter.php(903): Modules\Quiz\Controllers\Quiz->__construct()
 2 SYSTEMPATH/CodeIgniter.php(498): CodeIgniter\CodeIgniter->createController()
 3 SYSTEMPATH/CodeIgniter.php(354): CodeIgniter\CodeIgniter->handleRequest(null, Object(Config\Cache), false)
 4 SYSTEMPATH/Boot.php(334): CodeIgniter\CodeIgniter->run()
 5 SYSTEMPATH/Boot.php(67): CodeIgniter\Boot::runCodeIgniter(Object(CodeIgniter\CodeIgniter))
 6 FCPATH/index.php(56): CodeIgniter\Boot::bootWeb(Object(Config\Paths))
WARNING - 2025-02-07 17:31:50 --> Session: Sessions is enabled, and one exists. Please don't $session->start();
WARNING - 2025-02-07 17:31:50 --> [DEPRECATED] Creation of dynamic property Modules\Quiz\Model\QuizModel::$user is deprecated in ROOTPATH/Modules/Quiz/Model/QuizModel.php on line 108.
 1 ROOTPATH/Modules/Quiz/Controllers/Quiz.php(305): Modules\Quiz\Model\QuizModel->get_quiz()
 2 SYSTEMPATH/CodeIgniter.php(933): Modules\Quiz\Controllers\Quiz->display()
 3 SYSTEMPATH/CodeIgniter.php(507): CodeIgniter\CodeIgniter->runController(Object(Modules\Quiz\Controllers\Quiz))
 4 SYSTEMPATH/CodeIgniter.php(354): CodeIgniter\CodeIgniter->handleRequest(null, Object(Config\Cache), false)
 5 SYSTEMPATH/Boot.php(334): CodeIgniter\CodeIgniter->run()
 6 SYSTEMPATH/Boot.php(67): CodeIgniter\Boot::runCodeIgniter(Object(CodeIgniter\CodeIgniter))
 7 FCPATH/index.php(56): CodeIgniter\Boot::bootWeb(Object(Config\Paths))
DEBUG - 2025-02-07 17:31:51 --> Session: Class initialized using 'CodeIgniter\Session\Handlers\FileHandler' driver.
WARNING - 2025-02-07 17:31:52 --> [DEPRECATED] Passing lowercase HTTP method "get" is deprecated. Use uppercase HTTP method like "GET". in SYSTEMPATH/Router/RouteCollection.php on line 1026.
 1 SYSTEMPATH/Router/RouteCollection.php(1026): trigger_error('Passing lowercase HTTP method "get" is deprecated. Use uppercase HTTP method like "GET".', 16384)
 2 ROOTPATH/Modules/Templates/Config/Routes.php(7): CodeIgniter\Router\RouteCollection->match([...], '/', 'Templates::index')
 3 SYSTEMPATH/Router/RouteCollection.php(799): CodeIgniter\Router\RouteCollection::{closure}(Object(CodeIgniter\Router\RouteCollection))
 4 ROOTPATH/Modules/Templates/Config/Routes.php(4): CodeIgniter\Router\RouteCollection->group('', [...], Object(Closure))
 5 SYSTEMPATH/Router/RouteCollection.php(372): include('/Users/alanmartin/Sites/localhost/hmvc-master/Ci4/Modules/Templates/Config/Routes.php')
 6 SYSTEMPATH/Router/RouteCollection.php(342): CodeIgniter\Router\RouteCollection->discoverRoutes()
 7 SYSTEMPATH/CodeIgniter.php(821): CodeIgniter\Router\RouteCollection->loadRoutes()
 8 SYSTEMPATH/CodeIgniter.php(455): CodeIgniter\CodeIgniter->tryToRouteIt(null)
 9 SYSTEMPATH/CodeIgniter.php(354): CodeIgniter\CodeIgniter->handleRequest(null, Object(Config\Cache), false)
10 SYSTEMPATH/Boot.php(334): CodeIgniter\CodeIgniter->run()
11 SYSTEMPATH/Boot.php(67): CodeIgniter\Boot::runCodeIgniter(Object(CodeIgniter\CodeIgniter))
12 FCPATH/index.php(56): CodeIgniter\Boot::bootWeb(Object(Config\Paths))
WARNING - 2025-02-07 17:31:52 --> [DEPRECATED] Passing lowercase HTTP method "post" is deprecated. Use uppercase HTTP method like "POST". in SYSTEMPATH/Router/RouteCollection.php on line 1026.
 1 SYSTEMPATH/Router/RouteCollection.php(1026): trigger_error('Passing lowercase HTTP method "post" is deprecated. Use uppercase HTTP method like "POST".', 16384)
 2 ROOTPATH/Modules/Templates/Config/Routes.php(7): CodeIgniter\Router\RouteCollection->match([...], '/', 'Templates::index')
 3 SYSTEMPATH/Router/RouteCollection.php(799): CodeIgniter\Router\RouteCollection::{closure}(Object(CodeIgniter\Router\RouteCollection))
 4 ROOTPATH/Modules/Templates/Config/Routes.php(4): CodeIgniter\Router\RouteCollection->group('', [...], Object(Closure))
 5 SYSTEMPATH/Router/RouteCollection.php(372): include('/Users/alanmartin/Sites/localhost/hmvc-master/Ci4/Modules/Templates/Config/Routes.php')
 6 SYSTEMPATH/Router/RouteCollection.php(342): CodeIgniter\Router\RouteCollection->discoverRoutes()
 7 SYSTEMPATH/CodeIgniter.php(821): CodeIgniter\Router\RouteCollection->loadRoutes()
 8 SYSTEMPATH/CodeIgniter.php(455): CodeIgniter\CodeIgniter->tryToRouteIt(null)
 9 SYSTEMPATH/CodeIgniter.php(354): CodeIgniter\CodeIgniter->handleRequest(null, Object(Config\Cache), false)
10 SYSTEMPATH/Boot.php(334): CodeIgniter\CodeIgniter->run()
11 SYSTEMPATH/Boot.php(67): CodeIgniter\Boot::runCodeIgniter(Object(CodeIgniter\CodeIgniter))
12 FCPATH/index.php(56): CodeIgniter\Boot::bootWeb(Object(Config\Paths))
DEBUG - 2025-02-07 17:31:52 --> Session: Class initialized using 'CodeIgniter\Session\Handlers\FileHandler' driver.
WARNING - 2025-02-07 17:31:52 --> [DEPRECATED] Creation of dynamic property Modules\Quiz\Controllers\Quiz::$db is deprecated in ROOTPATH/Modules/Quiz/Controllers/Quiz.php on line 40.
 1 SYSTEMPATH/CodeIgniter.php(903): Modules\Quiz\Controllers\Quiz->__construct()
 2 SYSTEMPATH/CodeIgniter.php(498): CodeIgniter\CodeIgniter->createController()
 3 SYSTEMPATH/CodeIgniter.php(354): CodeIgniter\CodeIgniter->handleRequest(null, Object(Config\Cache), false)
 4 SYSTEMPATH/Boot.php(334): CodeIgniter\CodeIgniter->run()
 5 SYSTEMPATH/Boot.php(67): CodeIgniter\Boot::runCodeIgniter(Object(CodeIgniter\CodeIgniter))
 6 FCPATH/index.php(56): CodeIgniter\Boot::bootWeb(Object(Config\Paths))
WARNING - 2025-02-07 17:31:52 --> Session: Sessions is enabled, and one exists. Please don't $session->start();
WARNING - 2025-02-07 17:31:52 --> [DEPRECATED] Creation of dynamic property Modules\Quiz\Model\QuizModel::$user is deprecated in ROOTPATH/Modules/Quiz/Model/QuizModel.php on line 108.
 1 ROOTPATH/Modules/Quiz/Controllers/Quiz.php(305): Modules\Quiz\Model\QuizModel->get_quiz()
 2 SYSTEMPATH/CodeIgniter.php(933): Modules\Quiz\Controllers\Quiz->display()
 3 SYSTEMPATH/CodeIgniter.php(507): CodeIgniter\CodeIgniter->runController(Object(Modules\Quiz\Controllers\Quiz))
 4 SYSTEMPATH/CodeIgniter.php(354): CodeIgniter\CodeIgniter->handleRequest(null, Object(Config\Cache), false)
 5 SYSTEMPATH/Boot.php(334): CodeIgniter\CodeIgniter->run()
 6 SYSTEMPATH/Boot.php(67): CodeIgniter\Boot::runCodeIgniter(Object(CodeIgniter\CodeIgniter))
 7 FCPATH/index.php(56): CodeIgniter\Boot::bootWeb(Object(Config\Paths))
DEBUG - 2025-02-07 17:31:52 --> Session: Class initialized using 'CodeIgniter\Session\Handlers\FileHandler' driver.
WARNING - 2025-02-07 17:31:53 --> [DEPRECATED] Passing lowercase HTTP method "get" is deprecated. Use uppercase HTTP method like "GET". in SYSTEMPATH/Router/RouteCollection.php on line 1026.
 1 SYSTEMPATH/Router/RouteCollection.php(1026): trigger_error('Passing lowercase HTTP method "get" is deprecated. Use uppercase HTTP method like "GET".', 16384)
 2 ROOTPATH/Modules/Templates/Config/Routes.php(7): CodeIgniter\Router\RouteCollection->match([...], '/', 'Templates::index')
 3 SYSTEMPATH/Router/RouteCollection.php(799): CodeIgniter\Router\RouteCollection::{closure}(Object(CodeIgniter\Router\RouteCollection))
 4 ROOTPATH/Modules/Templates/Config/Routes.php(4): CodeIgniter\Router\RouteCollection->group('', [...], Object(Closure))
 5 SYSTEMPATH/Router/RouteCollection.php(372): include('/Users/alanmartin/Sites/localhost/hmvc-master/Ci4/Modules/Templates/Config/Routes.php')
 6 SYSTEMPATH/Router/RouteCollection.php(342): CodeIgniter\Router\RouteCollection->discoverRoutes()
 7 SYSTEMPATH/CodeIgniter.php(821): CodeIgniter\Router\RouteCollection->loadRoutes()
 8 SYSTEMPATH/CodeIgniter.php(455): CodeIgniter\CodeIgniter->tryToRouteIt(null)
 9 SYSTEMPATH/CodeIgniter.php(354): CodeIgniter\CodeIgniter->handleRequest(null, Object(Config\Cache), false)
10 SYSTEMPATH/Boot.php(334): CodeIgniter\CodeIgniter->run()
11 SYSTEMPATH/Boot.php(67): CodeIgniter\Boot::runCodeIgniter(Object(CodeIgniter\CodeIgniter))
12 FCPATH/index.php(56): CodeIgniter\Boot::bootWeb(Object(Config\Paths))
WARNING - 2025-02-07 17:31:53 --> [DEPRECATED] Passing lowercase HTTP method "post" is deprecated. Use uppercase HTTP method like "POST". in SYSTEMPATH/Router/RouteCollection.php on line 1026.
 1 SYSTEMPATH/Router/RouteCollection.php(1026): trigger_error('Passing lowercase HTTP method "post" is deprecated. Use uppercase HTTP method like "POST".', 16384)
 2 ROOTPATH/Modules/Templates/Config/Routes.php(7): CodeIgniter\Router\RouteCollection->match([...], '/', 'Templates::index')
 3 SYSTEMPATH/Router/RouteCollection.php(799): CodeIgniter\Router\RouteCollection::{closure}(Object(CodeIgniter\Router\RouteCollection))
 4 ROOTPATH/Modules/Templates/Config/Routes.php(4): CodeIgniter\Router\RouteCollection->group('', [...], Object(Closure))
 5 SYSTEMPATH/Router/RouteCollection.php(372): include('/Users/alanmartin/Sites/localhost/hmvc-master/Ci4/Modules/Templates/Config/Routes.php')
 6 SYSTEMPATH/Router/RouteCollection.php(342): CodeIgniter\Router\RouteCollection->discoverRoutes()
 7 SYSTEMPATH/CodeIgniter.php(821): CodeIgniter\Router\RouteCollection->loadRoutes()
 8 SYSTEMPATH/CodeIgniter.php(455): CodeIgniter\CodeIgniter->tryToRouteIt(null)
 9 SYSTEMPATH/CodeIgniter.php(354): CodeIgniter\CodeIgniter->handleRequest(null, Object(Config\Cache), false)
10 SYSTEMPATH/Boot.php(334): CodeIgniter\CodeIgniter->run()
11 SYSTEMPATH/Boot.php(67): CodeIgniter\Boot::runCodeIgniter(Object(CodeIgniter\CodeIgniter))
12 FCPATH/index.php(56): CodeIgniter\Boot::bootWeb(Object(Config\Paths))
DEBUG - 2025-02-07 17:31:53 --> Session: Class initialized using 'CodeIgniter\Session\Handlers\FileHandler' driver.
WARNING - 2025-02-07 17:31:53 --> [DEPRECATED] Creation of dynamic property Modules\Quiz\Controllers\Quiz::$db is deprecated in ROOTPATH/Modules/Quiz/Controllers/Quiz.php on line 40.
 1 SYSTEMPATH/CodeIgniter.php(903): Modules\Quiz\Controllers\Quiz->__construct()
 2 SYSTEMPATH/CodeIgniter.php(498): CodeIgniter\CodeIgniter->createController()
 3 SYSTEMPATH/CodeIgniter.php(354): CodeIgniter\CodeIgniter->handleRequest(null, Object(Config\Cache), false)
 4 SYSTEMPATH/Boot.php(334): CodeIgniter\CodeIgniter->run()
 5 SYSTEMPATH/Boot.php(67): CodeIgniter\Boot::runCodeIgniter(Object(CodeIgniter\CodeIgniter))
 6 FCPATH/index.php(56): CodeIgniter\Boot::bootWeb(Object(Config\Paths))
WARNING - 2025-02-07 17:31:53 --> Session: Sessions is enabled, and one exists. Please don't $session->start();
WARNING - 2025-02-07 17:31:53 --> [DEPRECATED] Creation of dynamic property Modules\Quiz\Model\QuizModel::$user is deprecated in ROOTPATH/Modules/Quiz/Model/QuizModel.php on line 108.
 1 ROOTPATH/Modules/Quiz/Controllers/Quiz.php(305): Modules\Quiz\Model\QuizModel->get_quiz()
 2 SYSTEMPATH/CodeIgniter.php(933): Modules\Quiz\Controllers\Quiz->display()
 3 SYSTEMPATH/CodeIgniter.php(507): CodeIgniter\CodeIgniter->runController(Object(Modules\Quiz\Controllers\Quiz))
 4 SYSTEMPATH/CodeIgniter.php(354): CodeIgniter\CodeIgniter->handleRequest(null, Object(Config\Cache), false)
 5 SYSTEMPATH/Boot.php(334): CodeIgniter\CodeIgniter->run()
 6 SYSTEMPATH/Boot.php(67): CodeIgniter\Boot::runCodeIgniter(Object(CodeIgniter\CodeIgniter))
 7 FCPATH/index.php(56): CodeIgniter\Boot::bootWeb(Object(Config\Paths))
DEBUG - 2025-02-07 17:31:53 --> Session: Class initialized using 'CodeIgniter\Session\Handlers\FileHandler' driver.
WARNING - 2025-02-07 17:32:08 --> [DEPRECATED] Passing lowercase HTTP method "get" is deprecated. Use uppercase HTTP method like "GET". in SYSTEMPATH/Router/RouteCollection.php on line 1026.
 1 SYSTEMPATH/Router/RouteCollection.php(1026): trigger_error('Passing lowercase HTTP method "get" is deprecated. Use uppercase HTTP method like "GET".', 16384)
 2 ROOTPATH/Modules/Templates/Config/Routes.php(7): CodeIgniter\Router\RouteCollection->match([...], '/', 'Templates::index')
 3 SYSTEMPATH/Router/RouteCollection.php(799): CodeIgniter\Router\RouteCollection::{closure}(Object(CodeIgniter\Router\RouteCollection))
 4 ROOTPATH/Modules/Templates/Config/Routes.php(4): CodeIgniter\Router\RouteCollection->group('', [...], Object(Closure))
 5 SYSTEMPATH/Router/RouteCollection.php(372): include('/Users/alanmartin/Sites/localhost/hmvc-master/Ci4/Modules/Templates/Config/Routes.php')
 6 SYSTEMPATH/Router/RouteCollection.php(342): CodeIgniter\Router\RouteCollection->discoverRoutes()
 7 SYSTEMPATH/CodeIgniter.php(821): CodeIgniter\Router\RouteCollection->loadRoutes()
 8 SYSTEMPATH/CodeIgniter.php(455): CodeIgniter\CodeIgniter->tryToRouteIt(null)
 9 SYSTEMPATH/CodeIgniter.php(354): CodeIgniter\CodeIgniter->handleRequest(null, Object(Config\Cache), false)
10 SYSTEMPATH/Boot.php(334): CodeIgniter\CodeIgniter->run()
11 SYSTEMPATH/Boot.php(67): CodeIgniter\Boot::runCodeIgniter(Object(CodeIgniter\CodeIgniter))
12 FCPATH/index.php(56): CodeIgniter\Boot::bootWeb(Object(Config\Paths))
WARNING - 2025-02-07 17:32:08 --> [DEPRECATED] Passing lowercase HTTP method "post" is deprecated. Use uppercase HTTP method like "POST". in SYSTEMPATH/Router/RouteCollection.php on line 1026.
 1 SYSTEMPATH/Router/RouteCollection.php(1026): trigger_error('Passing lowercase HTTP method "post" is deprecated. Use uppercase HTTP method like "POST".', 16384)
 2 ROOTPATH/Modules/Templates/Config/Routes.php(7): CodeIgniter\Router\RouteCollection->match([...], '/', 'Templates::index')
 3 SYSTEMPATH/Router/RouteCollection.php(799): CodeIgniter\Router\RouteCollection::{closure}(Object(CodeIgniter\Router\RouteCollection))
 4 ROOTPATH/Modules/Templates/Config/Routes.php(4): CodeIgniter\Router\RouteCollection->group('', [...], Object(Closure))
 5 SYSTEMPATH/Router/RouteCollection.php(372): include('/Users/alanmartin/Sites/localhost/hmvc-master/Ci4/Modules/Templates/Config/Routes.php')
 6 SYSTEMPATH/Router/RouteCollection.php(342): CodeIgniter\Router\RouteCollection->discoverRoutes()
 7 SYSTEMPATH/CodeIgniter.php(821): CodeIgniter\Router\RouteCollection->loadRoutes()
 8 SYSTEMPATH/CodeIgniter.php(455): CodeIgniter\CodeIgniter->tryToRouteIt(null)
 9 SYSTEMPATH/CodeIgniter.php(354): CodeIgniter\CodeIgniter->handleRequest(null, Object(Config\Cache), false)
10 SYSTEMPATH/Boot.php(334): CodeIgniter\CodeIgniter->run()
11 SYSTEMPATH/Boot.php(67): CodeIgniter\Boot::runCodeIgniter(Object(CodeIgniter\CodeIgniter))
12 FCPATH/index.php(56): CodeIgniter\Boot::bootWeb(Object(Config\Paths))
DEBUG - 2025-02-07 17:32:08 --> Session: Class initialized using 'CodeIgniter\Session\Handlers\FileHandler' driver.
WARNING - 2025-02-07 17:32:08 --> [DEPRECATED] Creation of dynamic property Modules\Quiz\Controllers\Quiz::$db is deprecated in ROOTPATH/Modules/Quiz/Controllers/Quiz.php on line 40.
 1 SYSTEMPATH/CodeIgniter.php(903): Modules\Quiz\Controllers\Quiz->__construct()
 2 SYSTEMPATH/CodeIgniter.php(498): CodeIgniter\CodeIgniter->createController()
 3 SYSTEMPATH/CodeIgniter.php(354): CodeIgniter\CodeIgniter->handleRequest(null, Object(Config\Cache), false)
 4 SYSTEMPATH/Boot.php(334): CodeIgniter\CodeIgniter->run()
 5 SYSTEMPATH/Boot.php(67): CodeIgniter\Boot::runCodeIgniter(Object(CodeIgniter\CodeIgniter))
 6 FCPATH/index.php(56): CodeIgniter\Boot::bootWeb(Object(Config\Paths))
WARNING - 2025-02-07 17:32:08 --> Session: Sessions is enabled, and one exists. Please don't $session->start();
WARNING - 2025-02-07 17:32:08 --> [DEPRECATED] Creation of dynamic property Modules\Quiz\Model\QuizModel::$user is deprecated in ROOTPATH/Modules/Quiz/Model/QuizModel.php on line 108.
 1 ROOTPATH/Modules/Quiz/Controllers/Quiz.php(305): Modules\Quiz\Model\QuizModel->get_quiz()
 2 SYSTEMPATH/CodeIgniter.php(933): Modules\Quiz\Controllers\Quiz->display()
 3 SYSTEMPATH/CodeIgniter.php(507): CodeIgniter\CodeIgniter->runController(Object(Modules\Quiz\Controllers\Quiz))
 4 SYSTEMPATH/CodeIgniter.php(354): CodeIgniter\CodeIgniter->handleRequest(null, Object(Config\Cache), false)
 5 SYSTEMPATH/Boot.php(334): CodeIgniter\CodeIgniter->run()
 6 SYSTEMPATH/Boot.php(67): CodeIgniter\Boot::runCodeIgniter(Object(CodeIgniter\CodeIgniter))
 7 FCPATH/index.php(56): CodeIgniter\Boot::bootWeb(Object(Config\Paths))
DEBUG - 2025-02-07 17:32:08 --> Session: Class initialized using 'CodeIgniter\Session\Handlers\FileHandler' driver.
WARNING - 2025-02-07 17:32:11 --> [DEPRECATED] Passing lowercase HTTP method "get" is deprecated. Use uppercase HTTP method like "GET". in SYSTEMPATH/Router/RouteCollection.php on line 1026.
 1 SYSTEMPATH/Router/RouteCollection.php(1026): trigger_error('Passing lowercase HTTP method "get" is deprecated. Use uppercase HTTP method like "GET".', 16384)
 2 ROOTPATH/Modules/Templates/Config/Routes.php(7): CodeIgniter\Router\RouteCollection->match([...], '/', 'Templates::index')
 3 SYSTEMPATH/Router/RouteCollection.php(799): CodeIgniter\Router\RouteCollection::{closure}(Object(CodeIgniter\Router\RouteCollection))
 4 ROOTPATH/Modules/Templates/Config/Routes.php(4): CodeIgniter\Router\RouteCollection->group('', [...], Object(Closure))
 5 SYSTEMPATH/Router/RouteCollection.php(372): include('/Users/alanmartin/Sites/localhost/hmvc-master/Ci4/Modules/Templates/Config/Routes.php')
 6 SYSTEMPATH/Router/RouteCollection.php(342): CodeIgniter\Router\RouteCollection->discoverRoutes()
 7 SYSTEMPATH/CodeIgniter.php(821): CodeIgniter\Router\RouteCollection->loadRoutes()
 8 SYSTEMPATH/CodeIgniter.php(455): CodeIgniter\CodeIgniter->tryToRouteIt(null)
 9 SYSTEMPATH/CodeIgniter.php(354): CodeIgniter\CodeIgniter->handleRequest(null, Object(Config\Cache), false)
10 SYSTEMPATH/Boot.php(334): CodeIgniter\CodeIgniter->run()
11 SYSTEMPATH/Boot.php(67): CodeIgniter\Boot::runCodeIgniter(Object(CodeIgniter\CodeIgniter))
12 FCPATH/index.php(56): CodeIgniter\Boot::bootWeb(Object(Config\Paths))
WARNING - 2025-02-07 17:32:11 --> [DEPRECATED] Passing lowercase HTTP method "post" is deprecated. Use uppercase HTTP method like "POST". in SYSTEMPATH/Router/RouteCollection.php on line 1026.
 1 SYSTEMPATH/Router/RouteCollection.php(1026): trigger_error('Passing lowercase HTTP method "post" is deprecated. Use uppercase HTTP method like "POST".', 16384)
 2 ROOTPATH/Modules/Templates/Config/Routes.php(7): CodeIgniter\Router\RouteCollection->match([...], '/', 'Templates::index')
 3 SYSTEMPATH/Router/RouteCollection.php(799): CodeIgniter\Router\RouteCollection::{closure}(Object(CodeIgniter\Router\RouteCollection))
 4 ROOTPATH/Modules/Templates/Config/Routes.php(4): CodeIgniter\Router\RouteCollection->group('', [...], Object(Closure))
 5 SYSTEMPATH/Router/RouteCollection.php(372): include('/Users/alanmartin/Sites/localhost/hmvc-master/Ci4/Modules/Templates/Config/Routes.php')
 6 SYSTEMPATH/Router/RouteCollection.php(342): CodeIgniter\Router\RouteCollection->discoverRoutes()
 7 SYSTEMPATH/CodeIgniter.php(821): CodeIgniter\Router\RouteCollection->loadRoutes()
 8 SYSTEMPATH/CodeIgniter.php(455): CodeIgniter\CodeIgniter->tryToRouteIt(null)
 9 SYSTEMPATH/CodeIgniter.php(354): CodeIgniter\CodeIgniter->handleRequest(null, Object(Config\Cache), false)
10 SYSTEMPATH/Boot.php(334): CodeIgniter\CodeIgniter->run()
11 SYSTEMPATH/Boot.php(67): CodeIgniter\Boot::runCodeIgniter(Object(CodeIgniter\CodeIgniter))
12 FCPATH/index.php(56): CodeIgniter\Boot::bootWeb(Object(Config\Paths))
DEBUG - 2025-02-07 17:32:11 --> Session: Class initialized using 'CodeIgniter\Session\Handlers\FileHandler' driver.
DEBUG - 2025-02-07 17:32:11 --> Session: Class initialized using 'CodeIgniter\Session\Handlers\FileHandler' driver.
WARNING - 2025-02-07 17:37:20 --> [DEPRECATED] Passing lowercase HTTP method "get" is deprecated. Use uppercase HTTP method like "GET". in SYSTEMPATH/Router/RouteCollection.php on line 1026.
 1 SYSTEMPATH/Router/RouteCollection.php(1026): trigger_error('Passing lowercase HTTP method "get" is deprecated. Use uppercase HTTP method like "GET".', 16384)
 2 ROOTPATH/Modules/Templates/Config/Routes.php(7): CodeIgniter\Router\RouteCollection->match([...], '/', 'Templates::index')
 3 SYSTEMPATH/Router/RouteCollection.php(799): CodeIgniter\Router\RouteCollection::{closure}(Object(CodeIgniter\Router\RouteCollection))
 4 ROOTPATH/Modules/Templates/Config/Routes.php(4): CodeIgniter\Router\RouteCollection->group('', [...], Object(Closure))
 5 SYSTEMPATH/Router/RouteCollection.php(372): include('/Users/alanmartin/Sites/localhost/hmvc-master/Ci4/Modules/Templates/Config/Routes.php')
 6 SYSTEMPATH/Router/RouteCollection.php(342): CodeIgniter\Router\RouteCollection->discoverRoutes()
 7 SYSTEMPATH/CodeIgniter.php(821): CodeIgniter\Router\RouteCollection->loadRoutes()
 8 SYSTEMPATH/CodeIgniter.php(455): CodeIgniter\CodeIgniter->tryToRouteIt(null)
 9 SYSTEMPATH/CodeIgniter.php(354): CodeIgniter\CodeIgniter->handleRequest(null, Object(Config\Cache), false)
10 SYSTEMPATH/Boot.php(334): CodeIgniter\CodeIgniter->run()
11 SYSTEMPATH/Boot.php(67): CodeIgniter\Boot::runCodeIgniter(Object(CodeIgniter\CodeIgniter))
12 FCPATH/index.php(56): CodeIgniter\Boot::bootWeb(Object(Config\Paths))
WARNING - 2025-02-07 17:37:20 --> [DEPRECATED] Passing lowercase HTTP method "post" is deprecated. Use uppercase HTTP method like "POST". in SYSTEMPATH/Router/RouteCollection.php on line 1026.
 1 SYSTEMPATH/Router/RouteCollection.php(1026): trigger_error('Passing lowercase HTTP method "post" is deprecated. Use uppercase HTTP method like "POST".', 16384)
 2 ROOTPATH/Modules/Templates/Config/Routes.php(7): CodeIgniter\Router\RouteCollection->match([...], '/', 'Templates::index')
 3 SYSTEMPATH/Router/RouteCollection.php(799): CodeIgniter\Router\RouteCollection::{closure}(Object(CodeIgniter\Router\RouteCollection))
 4 ROOTPATH/Modules/Templates/Config/Routes.php(4): CodeIgniter\Router\RouteCollection->group('', [...], Object(Closure))
 5 SYSTEMPATH/Router/RouteCollection.php(372): include('/Users/alanmartin/Sites/localhost/hmvc-master/Ci4/Modules/Templates/Config/Routes.php')
 6 SYSTEMPATH/Router/RouteCollection.php(342): CodeIgniter\Router\RouteCollection->discoverRoutes()
 7 SYSTEMPATH/CodeIgniter.php(821): CodeIgniter\Router\RouteCollection->loadRoutes()
 8 SYSTEMPATH/CodeIgniter.php(455): CodeIgniter\CodeIgniter->tryToRouteIt(null)
 9 SYSTEMPATH/CodeIgniter.php(354): CodeIgniter\CodeIgniter->handleRequest(null, Object(Config\Cache), false)
10 SYSTEMPATH/Boot.php(334): CodeIgniter\CodeIgniter->run()
11 SYSTEMPATH/Boot.php(67): CodeIgniter\Boot::runCodeIgniter(Object(CodeIgniter\CodeIgniter))
12 FCPATH/index.php(56): CodeIgniter\Boot::bootWeb(Object(Config\Paths))
DEBUG - 2025-02-07 17:37:20 --> Session: Class initialized using 'CodeIgniter\Session\Handlers\FileHandler' driver.
DEBUG - 2025-02-07 17:37:20 --> Session: Class initialized using 'CodeIgniter\Session\Handlers\FileHandler' driver.
WARNING - 2025-02-07 17:38:20 --> [DEPRECATED] Passing lowercase HTTP method "get" is deprecated. Use uppercase HTTP method like "GET". in SYSTEMPATH/Router/RouteCollection.php on line 1026.
 1 SYSTEMPATH/Router/RouteCollection.php(1026): trigger_error('Passing lowercase HTTP method "get" is deprecated. Use uppercase HTTP method like "GET".', 16384)
 2 ROOTPATH/Modules/Templates/Config/Routes.php(7): CodeIgniter\Router\RouteCollection->match([...], '/', 'Templates::index')
 3 SYSTEMPATH/Router/RouteCollection.php(799): CodeIgniter\Router\RouteCollection::{closure}(Object(CodeIgniter\Router\RouteCollection))
 4 ROOTPATH/Modules/Templates/Config/Routes.php(4): CodeIgniter\Router\RouteCollection->group('', [...], Object(Closure))
 5 SYSTEMPATH/Router/RouteCollection.php(372): include('/Users/alanmartin/Sites/localhost/hmvc-master/Ci4/Modules/Templates/Config/Routes.php')
 6 SYSTEMPATH/Router/RouteCollection.php(342): CodeIgniter\Router\RouteCollection->discoverRoutes()
 7 SYSTEMPATH/CodeIgniter.php(821): CodeIgniter\Router\RouteCollection->loadRoutes()
 8 SYSTEMPATH/CodeIgniter.php(455): CodeIgniter\CodeIgniter->tryToRouteIt(null)
 9 SYSTEMPATH/CodeIgniter.php(354): CodeIgniter\CodeIgniter->handleRequest(null, Object(Config\Cache), false)
10 SYSTEMPATH/Boot.php(334): CodeIgniter\CodeIgniter->run()
11 SYSTEMPATH/Boot.php(67): CodeIgniter\Boot::runCodeIgniter(Object(CodeIgniter\CodeIgniter))
12 FCPATH/index.php(56): CodeIgniter\Boot::bootWeb(Object(Config\Paths))
WARNING - 2025-02-07 17:38:20 --> [DEPRECATED] Passing lowercase HTTP method "post" is deprecated. Use uppercase HTTP method like "POST". in SYSTEMPATH/Router/RouteCollection.php on line 1026.
 1 SYSTEMPATH/Router/RouteCollection.php(1026): trigger_error('Passing lowercase HTTP method "post" is deprecated. Use uppercase HTTP method like "POST".', 16384)
 2 ROOTPATH/Modules/Templates/Config/Routes.php(7): CodeIgniter\Router\RouteCollection->match([...], '/', 'Templates::index')
 3 SYSTEMPATH/Router/RouteCollection.php(799): CodeIgniter\Router\RouteCollection::{closure}(Object(CodeIgniter\Router\RouteCollection))
 4 ROOTPATH/Modules/Templates/Config/Routes.php(4): CodeIgniter\Router\RouteCollection->group('', [...], Object(Closure))
 5 SYSTEMPATH/Router/RouteCollection.php(372): include('/Users/alanmartin/Sites/localhost/hmvc-master/Ci4/Modules/Templates/Config/Routes.php')
 6 SYSTEMPATH/Router/RouteCollection.php(342): CodeIgniter\Router\RouteCollection->discoverRoutes()
 7 SYSTEMPATH/CodeIgniter.php(821): CodeIgniter\Router\RouteCollection->loadRoutes()
 8 SYSTEMPATH/CodeIgniter.php(455): CodeIgniter\CodeIgniter->tryToRouteIt(null)
 9 SYSTEMPATH/CodeIgniter.php(354): CodeIgniter\CodeIgniter->handleRequest(null, Object(Config\Cache), false)
10 SYSTEMPATH/Boot.php(334): CodeIgniter\CodeIgniter->run()
11 SYSTEMPATH/Boot.php(67): CodeIgniter\Boot::runCodeIgniter(Object(CodeIgniter\CodeIgniter))
12 FCPATH/index.php(56): CodeIgniter\Boot::bootWeb(Object(Config\Paths))
DEBUG - 2025-02-07 17:38:20 --> Session: Class initialized using 'CodeIgniter\Session\Handlers\FileHandler' driver.
DEBUG - 2025-02-07 17:38:20 --> Session: Class initialized using 'CodeIgniter\Session\Handlers\FileHandler' driver.
WARNING - 2025-02-07 17:39:03 --> [DEPRECATED] Passing lowercase HTTP method "get" is deprecated. Use uppercase HTTP method like "GET". in SYSTEMPATH/Router/RouteCollection.php on line 1026.
 1 SYSTEMPATH/Router/RouteCollection.php(1026): trigger_error('Passing lowercase HTTP method "get" is deprecated. Use uppercase HTTP method like "GET".', 16384)
 2 ROOTPATH/Modules/Templates/Config/Routes.php(7): CodeIgniter\Router\RouteCollection->match([...], '/', 'Templates::index')
 3 SYSTEMPATH/Router/RouteCollection.php(799): CodeIgniter\Router\RouteCollection::{closure}(Object(CodeIgniter\Router\RouteCollection))
 4 ROOTPATH/Modules/Templates/Config/Routes.php(4): CodeIgniter\Router\RouteCollection->group('', [...], Object(Closure))
 5 SYSTEMPATH/Router/RouteCollection.php(372): include('/Users/alanmartin/Sites/localhost/hmvc-master/Ci4/Modules/Templates/Config/Routes.php')
 6 SYSTEMPATH/Router/RouteCollection.php(342): CodeIgniter\Router\RouteCollection->discoverRoutes()
 7 SYSTEMPATH/CodeIgniter.php(821): CodeIgniter\Router\RouteCollection->loadRoutes()
 8 SYSTEMPATH/CodeIgniter.php(455): CodeIgniter\CodeIgniter->tryToRouteIt(null)
 9 SYSTEMPATH/CodeIgniter.php(354): CodeIgniter\CodeIgniter->handleRequest(null, Object(Config\Cache), false)
10 SYSTEMPATH/Boot.php(334): CodeIgniter\CodeIgniter->run()
11 SYSTEMPATH/Boot.php(67): CodeIgniter\Boot::runCodeIgniter(Object(CodeIgniter\CodeIgniter))
12 FCPATH/index.php(56): CodeIgniter\Boot::bootWeb(Object(Config\Paths))
WARNING - 2025-02-07 17:39:03 --> [DEPRECATED] Passing lowercase HTTP method "post" is deprecated. Use uppercase HTTP method like "POST". in SYSTEMPATH/Router/RouteCollection.php on line 1026.
 1 SYSTEMPATH/Router/RouteCollection.php(1026): trigger_error('Passing lowercase HTTP method "post" is deprecated. Use uppercase HTTP method like "POST".', 16384)
 2 ROOTPATH/Modules/Templates/Config/Routes.php(7): CodeIgniter\Router\RouteCollection->match([...], '/', 'Templates::index')
 3 SYSTEMPATH/Router/RouteCollection.php(799): CodeIgniter\Router\RouteCollection::{closure}(Object(CodeIgniter\Router\RouteCollection))
 4 ROOTPATH/Modules/Templates/Config/Routes.php(4): CodeIgniter\Router\RouteCollection->group('', [...], Object(Closure))
 5 SYSTEMPATH/Router/RouteCollection.php(372): include('/Users/alanmartin/Sites/localhost/hmvc-master/Ci4/Modules/Templates/Config/Routes.php')
 6 SYSTEMPATH/Router/RouteCollection.php(342): CodeIgniter\Router\RouteCollection->discoverRoutes()
 7 SYSTEMPATH/CodeIgniter.php(821): CodeIgniter\Router\RouteCollection->loadRoutes()
 8 SYSTEMPATH/CodeIgniter.php(455): CodeIgniter\CodeIgniter->tryToRouteIt(null)
 9 SYSTEMPATH/CodeIgniter.php(354): CodeIgniter\CodeIgniter->handleRequest(null, Object(Config\Cache), false)
10 SYSTEMPATH/Boot.php(334): CodeIgniter\CodeIgniter->run()
11 SYSTEMPATH/Boot.php(67): CodeIgniter\Boot::runCodeIgniter(Object(CodeIgniter\CodeIgniter))
12 FCPATH/index.php(56): CodeIgniter\Boot::bootWeb(Object(Config\Paths))
DEBUG - 2025-02-07 17:39:03 --> Session: Class initialized using 'CodeIgniter\Session\Handlers\FileHandler' driver.
DEBUG - 2025-02-07 17:39:03 --> Session: Class initialized using 'CodeIgniter\Session\Handlers\FileHandler' driver.
WARNING - 2025-02-07 17:40:30 --> [DEPRECATED] Passing lowercase HTTP method "get" is deprecated. Use uppercase HTTP method like "GET". in SYSTEMPATH/Router/RouteCollection.php on line 1026.
 1 SYSTEMPATH/Router/RouteCollection.php(1026): trigger_error('Passing lowercase HTTP method "get" is deprecated. Use uppercase HTTP method like "GET".', 16384)
 2 ROOTPATH/Modules/Templates/Config/Routes.php(7): CodeIgniter\Router\RouteCollection->match([...], '/', 'Templates::index')
 3 SYSTEMPATH/Router/RouteCollection.php(799): CodeIgniter\Router\RouteCollection::{closure}(Object(CodeIgniter\Router\RouteCollection))
 4 ROOTPATH/Modules/Templates/Config/Routes.php(4): CodeIgniter\Router\RouteCollection->group('', [...], Object(Closure))
 5 SYSTEMPATH/Router/RouteCollection.php(372): include('/Users/alanmartin/Sites/localhost/hmvc-master/Ci4/Modules/Templates/Config/Routes.php')
 6 SYSTEMPATH/Router/RouteCollection.php(342): CodeIgniter\Router\RouteCollection->discoverRoutes()
 7 SYSTEMPATH/CodeIgniter.php(821): CodeIgniter\Router\RouteCollection->loadRoutes()
 8 SYSTEMPATH/CodeIgniter.php(455): CodeIgniter\CodeIgniter->tryToRouteIt(null)
 9 SYSTEMPATH/CodeIgniter.php(354): CodeIgniter\CodeIgniter->handleRequest(null, Object(Config\Cache), false)
10 SYSTEMPATH/Boot.php(334): CodeIgniter\CodeIgniter->run()
11 SYSTEMPATH/Boot.php(67): CodeIgniter\Boot::runCodeIgniter(Object(CodeIgniter\CodeIgniter))
12 FCPATH/index.php(56): CodeIgniter\Boot::bootWeb(Object(Config\Paths))
WARNING - 2025-02-07 17:40:30 --> [DEPRECATED] Passing lowercase HTTP method "post" is deprecated. Use uppercase HTTP method like "POST". in SYSTEMPATH/Router/RouteCollection.php on line 1026.
 1 SYSTEMPATH/Router/RouteCollection.php(1026): trigger_error('Passing lowercase HTTP method "post" is deprecated. Use uppercase HTTP method like "POST".', 16384)
 2 ROOTPATH/Modules/Templates/Config/Routes.php(7): CodeIgniter\Router\RouteCollection->match([...], '/', 'Templates::index')
 3 SYSTEMPATH/Router/RouteCollection.php(799): CodeIgniter\Router\RouteCollection::{closure}(Object(CodeIgniter\Router\RouteCollection))
 4 ROOTPATH/Modules/Templates/Config/Routes.php(4): CodeIgniter\Router\RouteCollection->group('', [...], Object(Closure))
 5 SYSTEMPATH/Router/RouteCollection.php(372): include('/Users/alanmartin/Sites/localhost/hmvc-master/Ci4/Modules/Templates/Config/Routes.php')
 6 SYSTEMPATH/Router/RouteCollection.php(342): CodeIgniter\Router\RouteCollection->discoverRoutes()
 7 SYSTEMPATH/CodeIgniter.php(821): CodeIgniter\Router\RouteCollection->loadRoutes()
 8 SYSTEMPATH/CodeIgniter.php(455): CodeIgniter\CodeIgniter->tryToRouteIt(null)
 9 SYSTEMPATH/CodeIgniter.php(354): CodeIgniter\CodeIgniter->handleRequest(null, Object(Config\Cache), false)
10 SYSTEMPATH/Boot.php(334): CodeIgniter\CodeIgniter->run()
11 SYSTEMPATH/Boot.php(67): CodeIgniter\Boot::runCodeIgniter(Object(CodeIgniter\CodeIgniter))
12 FCPATH/index.php(56): CodeIgniter\Boot::bootWeb(Object(Config\Paths))
DEBUG - 2025-02-07 17:40:30 --> Session: Class initialized using 'CodeIgniter\Session\Handlers\FileHandler' driver.
WARNING - 2025-02-07 17:42:31 --> [DEPRECATED] Passing lowercase HTTP method "get" is deprecated. Use uppercase HTTP method like "GET". in SYSTEMPATH/Router/RouteCollection.php on line 1026.
 1 SYSTEMPATH/Router/RouteCollection.php(1026): trigger_error('Passing lowercase HTTP method "get" is deprecated. Use uppercase HTTP method like "GET".', 16384)
 2 ROOTPATH/Modules/Templates/Config/Routes.php(7): CodeIgniter\Router\RouteCollection->match([...], '/', 'Templates::index')
 3 SYSTEMPATH/Router/RouteCollection.php(799): CodeIgniter\Router\RouteCollection::{closure}(Object(CodeIgniter\Router\RouteCollection))
 4 ROOTPATH/Modules/Templates/Config/Routes.php(4): CodeIgniter\Router\RouteCollection->group('', [...], Object(Closure))
 5 SYSTEMPATH/Router/RouteCollection.php(372): include('/Users/alanmartin/Sites/localhost/hmvc-master/Ci4/Modules/Templates/Config/Routes.php')
 6 SYSTEMPATH/Router/RouteCollection.php(342): CodeIgniter\Router\RouteCollection->discoverRoutes()
 7 SYSTEMPATH/CodeIgniter.php(821): CodeIgniter\Router\RouteCollection->loadRoutes()
 8 SYSTEMPATH/CodeIgniter.php(455): CodeIgniter\CodeIgniter->tryToRouteIt(null)
 9 SYSTEMPATH/CodeIgniter.php(354): CodeIgniter\CodeIgniter->handleRequest(null, Object(Config\Cache), false)
10 SYSTEMPATH/Boot.php(334): CodeIgniter\CodeIgniter->run()
11 SYSTEMPATH/Boot.php(67): CodeIgniter\Boot::runCodeIgniter(Object(CodeIgniter\CodeIgniter))
12 FCPATH/index.php(56): CodeIgniter\Boot::bootWeb(Object(Config\Paths))
WARNING - 2025-02-07 17:42:31 --> [DEPRECATED] Passing lowercase HTTP method "post" is deprecated. Use uppercase HTTP method like "POST". in SYSTEMPATH/Router/RouteCollection.php on line 1026.
 1 SYSTEMPATH/Router/RouteCollection.php(1026): trigger_error('Passing lowercase HTTP method "post" is deprecated. Use uppercase HTTP method like "POST".', 16384)
 2 ROOTPATH/Modules/Templates/Config/Routes.php(7): CodeIgniter\Router\RouteCollection->match([...], '/', 'Templates::index')
 3 SYSTEMPATH/Router/RouteCollection.php(799): CodeIgniter\Router\RouteCollection::{closure}(Object(CodeIgniter\Router\RouteCollection))
 4 ROOTPATH/Modules/Templates/Config/Routes.php(4): CodeIgniter\Router\RouteCollection->group('', [...], Object(Closure))
 5 SYSTEMPATH/Router/RouteCollection.php(372): include('/Users/alanmartin/Sites/localhost/hmvc-master/Ci4/Modules/Templates/Config/Routes.php')
 6 SYSTEMPATH/Router/RouteCollection.php(342): CodeIgniter\Router\RouteCollection->discoverRoutes()
 7 SYSTEMPATH/CodeIgniter.php(821): CodeIgniter\Router\RouteCollection->loadRoutes()
 8 SYSTEMPATH/CodeIgniter.php(455): CodeIgniter\CodeIgniter->tryToRouteIt(null)
 9 SYSTEMPATH/CodeIgniter.php(354): CodeIgniter\CodeIgniter->handleRequest(null, Object(Config\Cache), false)
10 SYSTEMPATH/Boot.php(334): CodeIgniter\CodeIgniter->run()
11 SYSTEMPATH/Boot.php(67): CodeIgniter\Boot::runCodeIgniter(Object(CodeIgniter\CodeIgniter))
12 FCPATH/index.php(56): CodeIgniter\Boot::bootWeb(Object(Config\Paths))
DEBUG - 2025-02-07 17:42:31 --> Session: Class initialized using 'CodeIgniter\Session\Handlers\FileHandler' driver.
DEBUG - 2025-02-07 17:42:31 --> Session: Class initialized using 'CodeIgniter\Session\Handlers\FileHandler' driver.
WARNING - 2025-02-07 17:42:36 --> [DEPRECATED] Passing lowercase HTTP method "get" is deprecated. Use uppercase HTTP method like "GET". in SYSTEMPATH/Router/RouteCollection.php on line 1026.
 1 SYSTEMPATH/Router/RouteCollection.php(1026): trigger_error('Passing lowercase HTTP method "get" is deprecated. Use uppercase HTTP method like "GET".', 16384)
 2 ROOTPATH/Modules/Templates/Config/Routes.php(7): CodeIgniter\Router\RouteCollection->match([...], '/', 'Templates::index')
 3 SYSTEMPATH/Router/RouteCollection.php(799): CodeIgniter\Router\RouteCollection::{closure}(Object(CodeIgniter\Router\RouteCollection))
 4 ROOTPATH/Modules/Templates/Config/Routes.php(4): CodeIgniter\Router\RouteCollection->group('', [...], Object(Closure))
 5 SYSTEMPATH/Router/RouteCollection.php(372): include('/Users/alanmartin/Sites/localhost/hmvc-master/Ci4/Modules/Templates/Config/Routes.php')
 6 SYSTEMPATH/Router/RouteCollection.php(342): CodeIgniter\Router\RouteCollection->discoverRoutes()
 7 SYSTEMPATH/CodeIgniter.php(821): CodeIgniter\Router\RouteCollection->loadRoutes()
 8 SYSTEMPATH/CodeIgniter.php(455): CodeIgniter\CodeIgniter->tryToRouteIt(null)
 9 SYSTEMPATH/CodeIgniter.php(354): CodeIgniter\CodeIgniter->handleRequest(null, Object(Config\Cache), false)
10 SYSTEMPATH/Boot.php(334): CodeIgniter\CodeIgniter->run()
11 SYSTEMPATH/Boot.php(67): CodeIgniter\Boot::runCodeIgniter(Object(CodeIgniter\CodeIgniter))
12 FCPATH/index.php(56): CodeIgniter\Boot::bootWeb(Object(Config\Paths))
WARNING - 2025-02-07 17:42:36 --> [DEPRECATED] Passing lowercase HTTP method "post" is deprecated. Use uppercase HTTP method like "POST". in SYSTEMPATH/Router/RouteCollection.php on line 1026.
 1 SYSTEMPATH/Router/RouteCollection.php(1026): trigger_error('Passing lowercase HTTP method "post" is deprecated. Use uppercase HTTP method like "POST".', 16384)
 2 ROOTPATH/Modules/Templates/Config/Routes.php(7): CodeIgniter\Router\RouteCollection->match([...], '/', 'Templates::index')
 3 SYSTEMPATH/Router/RouteCollection.php(799): CodeIgniter\Router\RouteCollection::{closure}(Object(CodeIgniter\Router\RouteCollection))
 4 ROOTPATH/Modules/Templates/Config/Routes.php(4): CodeIgniter\Router\RouteCollection->group('', [...], Object(Closure))
 5 SYSTEMPATH/Router/RouteCollection.php(372): include('/Users/alanmartin/Sites/localhost/hmvc-master/Ci4/Modules/Templates/Config/Routes.php')
 6 SYSTEMPATH/Router/RouteCollection.php(342): CodeIgniter\Router\RouteCollection->discoverRoutes()
 7 SYSTEMPATH/CodeIgniter.php(821): CodeIgniter\Router\RouteCollection->loadRoutes()
 8 SYSTEMPATH/CodeIgniter.php(455): CodeIgniter\CodeIgniter->tryToRouteIt(null)
 9 SYSTEMPATH/CodeIgniter.php(354): CodeIgniter\CodeIgniter->handleRequest(null, Object(Config\Cache), false)
10 SYSTEMPATH/Boot.php(334): CodeIgniter\CodeIgniter->run()
11 SYSTEMPATH/Boot.php(67): CodeIgniter\Boot::runCodeIgniter(Object(CodeIgniter\CodeIgniter))
12 FCPATH/index.php(56): CodeIgniter\Boot::bootWeb(Object(Config\Paths))
DEBUG - 2025-02-07 17:42:36 --> Session: Class initialized using 'CodeIgniter\Session\Handlers\FileHandler' driver.
WARNING - 2025-02-07 17:42:36 --> [DEPRECATED] Passing lowercase HTTP method "get" is deprecated. Use uppercase HTTP method like "GET". in SYSTEMPATH/Router/RouteCollection.php on line 1026.
 1 SYSTEMPATH/Router/RouteCollection.php(1026): trigger_error('Passing lowercase HTTP method "get" is deprecated. Use uppercase HTTP method like "GET".', 16384)
 2 ROOTPATH/Modules/Templates/Config/Routes.php(7): CodeIgniter\Router\RouteCollection->match([...], '/', 'Templates::index')
 3 SYSTEMPATH/Router/RouteCollection.php(799): CodeIgniter\Router\RouteCollection::{closure}(Object(CodeIgniter\Router\RouteCollection))
 4 ROOTPATH/Modules/Templates/Config/Routes.php(4): CodeIgniter\Router\RouteCollection->group('', [...], Object(Closure))
 5 SYSTEMPATH/Router/RouteCollection.php(372): include('/Users/alanmartin/Sites/localhost/hmvc-master/Ci4/Modules/Templates/Config/Routes.php')
 6 SYSTEMPATH/Router/RouteCollection.php(342): CodeIgniter\Router\RouteCollection->discoverRoutes()
 7 SYSTEMPATH/CodeIgniter.php(821): CodeIgniter\Router\RouteCollection->loadRoutes()
 8 SYSTEMPATH/CodeIgniter.php(455): CodeIgniter\CodeIgniter->tryToRouteIt(null)
 9 SYSTEMPATH/CodeIgniter.php(354): CodeIgniter\CodeIgniter->handleRequest(null, Object(Config\Cache), false)
10 SYSTEMPATH/Boot.php(334): CodeIgniter\CodeIgniter->run()
11 SYSTEMPATH/Boot.php(67): CodeIgniter\Boot::runCodeIgniter(Object(CodeIgniter\CodeIgniter))
12 FCPATH/index.php(56): CodeIgniter\Boot::bootWeb(Object(Config\Paths))
WARNING - 2025-02-07 17:42:36 --> [DEPRECATED] Passing lowercase HTTP method "post" is deprecated. Use uppercase HTTP method like "POST". in SYSTEMPATH/Router/RouteCollection.php on line 1026.
 1 SYSTEMPATH/Router/RouteCollection.php(1026): trigger_error('Passing lowercase HTTP method "post" is deprecated. Use uppercase HTTP method like "POST".', 16384)
 2 ROOTPATH/Modules/Templates/Config/Routes.php(7): CodeIgniter\Router\RouteCollection->match([...], '/', 'Templates::index')
 3 SYSTEMPATH/Router/RouteCollection.php(799): CodeIgniter\Router\RouteCollection::{closure}(Object(CodeIgniter\Router\RouteCollection))
 4 ROOTPATH/Modules/Templates/Config/Routes.php(4): CodeIgniter\Router\RouteCollection->group('', [...], Object(Closure))
 5 SYSTEMPATH/Router/RouteCollection.php(372): include('/Users/alanmartin/Sites/localhost/hmvc-master/Ci4/Modules/Templates/Config/Routes.php')
 6 SYSTEMPATH/Router/RouteCollection.php(342): CodeIgniter\Router\RouteCollection->discoverRoutes()
 7 SYSTEMPATH/CodeIgniter.php(821): CodeIgniter\Router\RouteCollection->loadRoutes()
 8 SYSTEMPATH/CodeIgniter.php(455): CodeIgniter\CodeIgniter->tryToRouteIt(null)
 9 SYSTEMPATH/CodeIgniter.php(354): CodeIgniter\CodeIgniter->handleRequest(null, Object(Config\Cache), false)
10 SYSTEMPATH/Boot.php(334): CodeIgniter\CodeIgniter->run()
11 SYSTEMPATH/Boot.php(67): CodeIgniter\Boot::runCodeIgniter(Object(CodeIgniter\CodeIgniter))
12 FCPATH/index.php(56): CodeIgniter\Boot::bootWeb(Object(Config\Paths))
DEBUG - 2025-02-07 17:42:36 --> Session: Class initialized using 'CodeIgniter\Session\Handlers\FileHandler' driver.
WARNING - 2025-02-07 17:42:36 --> [DEPRECATED] Creation of dynamic property Modules\Quiz\Controllers\Quiz::$db is deprecated in ROOTPATH/Modules/Quiz/Controllers/Quiz.php on line 40.
 1 SYSTEMPATH/CodeIgniter.php(903): Modules\Quiz\Controllers\Quiz->__construct()
 2 SYSTEMPATH/CodeIgniter.php(498): CodeIgniter\CodeIgniter->createController()
 3 SYSTEMPATH/CodeIgniter.php(354): CodeIgniter\CodeIgniter->handleRequest(null, Object(Config\Cache), false)
 4 SYSTEMPATH/Boot.php(334): CodeIgniter\CodeIgniter->run()
 5 SYSTEMPATH/Boot.php(67): CodeIgniter\Boot::runCodeIgniter(Object(CodeIgniter\CodeIgniter))
 6 FCPATH/index.php(56): CodeIgniter\Boot::bootWeb(Object(Config\Paths))
WARNING - 2025-02-07 17:42:36 --> Session: Sessions is enabled, and one exists. Please don't $session->start();
WARNING - 2025-02-07 17:42:36 --> [DEPRECATED] Creation of dynamic property Modules\Quiz\Model\QuizModel::$user is deprecated in ROOTPATH/Modules/Quiz/Model/QuizModel.php on line 108.
 1 ROOTPATH/Modules/Quiz/Controllers/Quiz.php(305): Modules\Quiz\Model\QuizModel->get_quiz()
 2 SYSTEMPATH/CodeIgniter.php(933): Modules\Quiz\Controllers\Quiz->display()
 3 SYSTEMPATH/CodeIgniter.php(507): CodeIgniter\CodeIgniter->runController(Object(Modules\Quiz\Controllers\Quiz))
 4 SYSTEMPATH/CodeIgniter.php(354): CodeIgniter\CodeIgniter->handleRequest(null, Object(Config\Cache), false)
 5 SYSTEMPATH/Boot.php(334): CodeIgniter\CodeIgniter->run()
 6 SYSTEMPATH/Boot.php(67): CodeIgniter\Boot::runCodeIgniter(Object(CodeIgniter\CodeIgniter))
 7 FCPATH/index.php(56): CodeIgniter\Boot::bootWeb(Object(Config\Paths))
DEBUG - 2025-02-07 17:42:36 --> Session: Class initialized using 'CodeIgniter\Session\Handlers\FileHandler' driver.
WARNING - 2025-02-07 17:42:38 --> [DEPRECATED] Passing lowercase HTTP method "get" is deprecated. Use uppercase HTTP method like "GET". in SYSTEMPATH/Router/RouteCollection.php on line 1026.
 1 SYSTEMPATH/Router/RouteCollection.php(1026): trigger_error('Passing lowercase HTTP method "get" is deprecated. Use uppercase HTTP method like "GET".', 16384)
 2 ROOTPATH/Modules/Templates/Config/Routes.php(7): CodeIgniter\Router\RouteCollection->match([...], '/', 'Templates::index')
 3 SYSTEMPATH/Router/RouteCollection.php(799): CodeIgniter\Router\RouteCollection::{closure}(Object(CodeIgniter\Router\RouteCollection))
 4 ROOTPATH/Modules/Templates/Config/Routes.php(4): CodeIgniter\Router\RouteCollection->group('', [...], Object(Closure))
 5 SYSTEMPATH/Router/RouteCollection.php(372): include('/Users/alanmartin/Sites/localhost/hmvc-master/Ci4/Modules/Templates/Config/Routes.php')
 6 SYSTEMPATH/Router/RouteCollection.php(342): CodeIgniter\Router\RouteCollection->discoverRoutes()
 7 SYSTEMPATH/CodeIgniter.php(821): CodeIgniter\Router\RouteCollection->loadRoutes()
 8 SYSTEMPATH/CodeIgniter.php(455): CodeIgniter\CodeIgniter->tryToRouteIt(null)
 9 SYSTEMPATH/CodeIgniter.php(354): CodeIgniter\CodeIgniter->handleRequest(null, Object(Config\Cache), false)
10 SYSTEMPATH/Boot.php(334): CodeIgniter\CodeIgniter->run()
11 SYSTEMPATH/Boot.php(67): CodeIgniter\Boot::runCodeIgniter(Object(CodeIgniter\CodeIgniter))
12 FCPATH/index.php(56): CodeIgniter\Boot::bootWeb(Object(Config\Paths))
WARNING - 2025-02-07 17:42:38 --> [DEPRECATED] Passing lowercase HTTP method "post" is deprecated. Use uppercase HTTP method like "POST". in SYSTEMPATH/Router/RouteCollection.php on line 1026.
 1 SYSTEMPATH/Router/RouteCollection.php(1026): trigger_error('Passing lowercase HTTP method "post" is deprecated. Use uppercase HTTP method like "POST".', 16384)
 2 ROOTPATH/Modules/Templates/Config/Routes.php(7): CodeIgniter\Router\RouteCollection->match([...], '/', 'Templates::index')
 3 SYSTEMPATH/Router/RouteCollection.php(799): CodeIgniter\Router\RouteCollection::{closure}(Object(CodeIgniter\Router\RouteCollection))
 4 ROOTPATH/Modules/Templates/Config/Routes.php(4): CodeIgniter\Router\RouteCollection->group('', [...], Object(Closure))
 5 SYSTEMPATH/Router/RouteCollection.php(372): include('/Users/alanmartin/Sites/localhost/hmvc-master/Ci4/Modules/Templates/Config/Routes.php')
 6 SYSTEMPATH/Router/RouteCollection.php(342): CodeIgniter\Router\RouteCollection->discoverRoutes()
 7 SYSTEMPATH/CodeIgniter.php(821): CodeIgniter\Router\RouteCollection->loadRoutes()
 8 SYSTEMPATH/CodeIgniter.php(455): CodeIgniter\CodeIgniter->tryToRouteIt(null)
 9 SYSTEMPATH/CodeIgniter.php(354): CodeIgniter\CodeIgniter->handleRequest(null, Object(Config\Cache), false)
10 SYSTEMPATH/Boot.php(334): CodeIgniter\CodeIgniter->run()
11 SYSTEMPATH/Boot.php(67): CodeIgniter\Boot::runCodeIgniter(Object(CodeIgniter\CodeIgniter))
12 FCPATH/index.php(56): CodeIgniter\Boot::bootWeb(Object(Config\Paths))
DEBUG - 2025-02-07 17:42:38 --> Session: Class initialized using 'CodeIgniter\Session\Handlers\FileHandler' driver.
DEBUG - 2025-02-07 17:42:38 --> Session: Class initialized using 'CodeIgniter\Session\Handlers\FileHandler' driver.
WARNING - 2025-02-07 17:42:42 --> [DEPRECATED] Passing lowercase HTTP method "get" is deprecated. Use uppercase HTTP method like "GET". in SYSTEMPATH/Router/RouteCollection.php on line 1026.
 1 SYSTEMPATH/Router/RouteCollection.php(1026): trigger_error('Passing lowercase HTTP method "get" is deprecated. Use uppercase HTTP method like "GET".', 16384)
 2 ROOTPATH/Modules/Templates/Config/Routes.php(7): CodeIgniter\Router\RouteCollection->match([...], '/', 'Templates::index')
 3 SYSTEMPATH/Router/RouteCollection.php(799): CodeIgniter\Router\RouteCollection::{closure}(Object(CodeIgniter\Router\RouteCollection))
 4 ROOTPATH/Modules/Templates/Config/Routes.php(4): CodeIgniter\Router\RouteCollection->group('', [...], Object(Closure))
 5 SYSTEMPATH/Router/RouteCollection.php(372): include('/Users/alanmartin/Sites/localhost/hmvc-master/Ci4/Modules/Templates/Config/Routes.php')
 6 SYSTEMPATH/Router/RouteCollection.php(342): CodeIgniter\Router\RouteCollection->discoverRoutes()
 7 SYSTEMPATH/CodeIgniter.php(821): CodeIgniter\Router\RouteCollection->loadRoutes()
 8 SYSTEMPATH/CodeIgniter.php(455): CodeIgniter\CodeIgniter->tryToRouteIt(null)
 9 SYSTEMPATH/CodeIgniter.php(354): CodeIgniter\CodeIgniter->handleRequest(null, Object(Config\Cache), false)
10 SYSTEMPATH/Boot.php(334): CodeIgniter\CodeIgniter->run()
11 SYSTEMPATH/Boot.php(67): CodeIgniter\Boot::runCodeIgniter(Object(CodeIgniter\CodeIgniter))
12 FCPATH/index.php(56): CodeIgniter\Boot::bootWeb(Object(Config\Paths))
WARNING - 2025-02-07 17:42:42 --> [DEPRECATED] Passing lowercase HTTP method "post" is deprecated. Use uppercase HTTP method like "POST". in SYSTEMPATH/Router/RouteCollection.php on line 1026.
 1 SYSTEMPATH/Router/RouteCollection.php(1026): trigger_error('Passing lowercase HTTP method "post" is deprecated. Use uppercase HTTP method like "POST".', 16384)
 2 ROOTPATH/Modules/Templates/Config/Routes.php(7): CodeIgniter\Router\RouteCollection->match([...], '/', 'Templates::index')
 3 SYSTEMPATH/Router/RouteCollection.php(799): CodeIgniter\Router\RouteCollection::{closure}(Object(CodeIgniter\Router\RouteCollection))
 4 ROOTPATH/Modules/Templates/Config/Routes.php(4): CodeIgniter\Router\RouteCollection->group('', [...], Object(Closure))
 5 SYSTEMPATH/Router/RouteCollection.php(372): include('/Users/alanmartin/Sites/localhost/hmvc-master/Ci4/Modules/Templates/Config/Routes.php')
 6 SYSTEMPATH/Router/RouteCollection.php(342): CodeIgniter\Router\RouteCollection->discoverRoutes()
 7 SYSTEMPATH/CodeIgniter.php(821): CodeIgniter\Router\RouteCollection->loadRoutes()
 8 SYSTEMPATH/CodeIgniter.php(455): CodeIgniter\CodeIgniter->tryToRouteIt(null)
 9 SYSTEMPATH/CodeIgniter.php(354): CodeIgniter\CodeIgniter->handleRequest(null, Object(Config\Cache), false)
10 SYSTEMPATH/Boot.php(334): CodeIgniter\CodeIgniter->run()
11 SYSTEMPATH/Boot.php(67): CodeIgniter\Boot::runCodeIgniter(Object(CodeIgniter\CodeIgniter))
12 FCPATH/index.php(56): CodeIgniter\Boot::bootWeb(Object(Config\Paths))
DEBUG - 2025-02-07 17:42:42 --> Session: Class initialized using 'CodeIgniter\Session\Handlers\FileHandler' driver.
DEBUG - 2025-02-07 17:42:42 --> Session: Class initialized using 'CodeIgniter\Session\Handlers\FileHandler' driver.
WARNING - 2025-02-07 17:45:23 --> [DEPRECATED] Passing lowercase HTTP method "get" is deprecated. Use uppercase HTTP method like "GET". in SYSTEMPATH/Router/RouteCollection.php on line 1026.
 1 SYSTEMPATH/Router/RouteCollection.php(1026): trigger_error('Passing lowercase HTTP method "get" is deprecated. Use uppercase HTTP method like "GET".', 16384)
 2 ROOTPATH/Modules/Templates/Config/Routes.php(7): CodeIgniter\Router\RouteCollection->match([...], '/', 'Templates::index')
 3 SYSTEMPATH/Router/RouteCollection.php(799): CodeIgniter\Router\RouteCollection::{closure}(Object(CodeIgniter\Router\RouteCollection))
 4 ROOTPATH/Modules/Templates/Config/Routes.php(4): CodeIgniter\Router\RouteCollection->group('', [...], Object(Closure))
 5 SYSTEMPATH/Router/RouteCollection.php(372): include('/Users/alanmartin/Sites/localhost/hmvc-master/Ci4/Modules/Templates/Config/Routes.php')
 6 SYSTEMPATH/Router/RouteCollection.php(342): CodeIgniter\Router\RouteCollection->discoverRoutes()
 7 SYSTEMPATH/CodeIgniter.php(821): CodeIgniter\Router\RouteCollection->loadRoutes()
 8 SYSTEMPATH/CodeIgniter.php(455): CodeIgniter\CodeIgniter->tryToRouteIt(null)
 9 SYSTEMPATH/CodeIgniter.php(354): CodeIgniter\CodeIgniter->handleRequest(null, Object(Config\Cache), false)
10 SYSTEMPATH/Boot.php(334): CodeIgniter\CodeIgniter->run()
11 SYSTEMPATH/Boot.php(67): CodeIgniter\Boot::runCodeIgniter(Object(CodeIgniter\CodeIgniter))
12 FCPATH/index.php(56): CodeIgniter\Boot::bootWeb(Object(Config\Paths))
WARNING - 2025-02-07 17:45:23 --> [DEPRECATED] Passing lowercase HTTP method "post" is deprecated. Use uppercase HTTP method like "POST". in SYSTEMPATH/Router/RouteCollection.php on line 1026.
 1 SYSTEMPATH/Router/RouteCollection.php(1026): trigger_error('Passing lowercase HTTP method "post" is deprecated. Use uppercase HTTP method like "POST".', 16384)
 2 ROOTPATH/Modules/Templates/Config/Routes.php(7): CodeIgniter\Router\RouteCollection->match([...], '/', 'Templates::index')
 3 SYSTEMPATH/Router/RouteCollection.php(799): CodeIgniter\Router\RouteCollection::{closure}(Object(CodeIgniter\Router\RouteCollection))
 4 ROOTPATH/Modules/Templates/Config/Routes.php(4): CodeIgniter\Router\RouteCollection->group('', [...], Object(Closure))
 5 SYSTEMPATH/Router/RouteCollection.php(372): include('/Users/alanmartin/Sites/localhost/hmvc-master/Ci4/Modules/Templates/Config/Routes.php')
 6 SYSTEMPATH/Router/RouteCollection.php(342): CodeIgniter\Router\RouteCollection->discoverRoutes()
 7 SYSTEMPATH/CodeIgniter.php(821): CodeIgniter\Router\RouteCollection->loadRoutes()
 8 SYSTEMPATH/CodeIgniter.php(455): CodeIgniter\CodeIgniter->tryToRouteIt(null)
 9 SYSTEMPATH/CodeIgniter.php(354): CodeIgniter\CodeIgniter->handleRequest(null, Object(Config\Cache), false)
10 SYSTEMPATH/Boot.php(334): CodeIgniter\CodeIgniter->run()
11 SYSTEMPATH/Boot.php(67): CodeIgniter\Boot::runCodeIgniter(Object(CodeIgniter\CodeIgniter))
12 FCPATH/index.php(56): CodeIgniter\Boot::bootWeb(Object(Config\Paths))
DEBUG - 2025-02-07 17:45:23 --> Session: Class initialized using 'CodeIgniter\Session\Handlers\FileHandler' driver.
DEBUG - 2025-02-07 17:45:23 --> Session: Class initialized using 'CodeIgniter\Session\Handlers\FileHandler' driver.
WARNING - 2025-02-07 17:45:34 --> [DEPRECATED] Passing lowercase HTTP method "get" is deprecated. Use uppercase HTTP method like "GET". in SYSTEMPATH/Router/RouteCollection.php on line 1026.
 1 SYSTEMPATH/Router/RouteCollection.php(1026): trigger_error('Passing lowercase HTTP method "get" is deprecated. Use uppercase HTTP method like "GET".', 16384)
 2 ROOTPATH/Modules/Templates/Config/Routes.php(7): CodeIgniter\Router\RouteCollection->match([...], '/', 'Templates::index')
 3 SYSTEMPATH/Router/RouteCollection.php(799): CodeIgniter\Router\RouteCollection::{closure}(Object(CodeIgniter\Router\RouteCollection))
 4 ROOTPATH/Modules/Templates/Config/Routes.php(4): CodeIgniter\Router\RouteCollection->group('', [...], Object(Closure))
 5 SYSTEMPATH/Router/RouteCollection.php(372): include('/Users/alanmartin/Sites/localhost/hmvc-master/Ci4/Modules/Templates/Config/Routes.php')
 6 SYSTEMPATH/Router/RouteCollection.php(342): CodeIgniter\Router\RouteCollection->discoverRoutes()
 7 SYSTEMPATH/CodeIgniter.php(821): CodeIgniter\Router\RouteCollection->loadRoutes()
 8 SYSTEMPATH/CodeIgniter.php(455): CodeIgniter\CodeIgniter->tryToRouteIt(null)
 9 SYSTEMPATH/CodeIgniter.php(354): CodeIgniter\CodeIgniter->handleRequest(null, Object(Config\Cache), false)
10 SYSTEMPATH/Boot.php(334): CodeIgniter\CodeIgniter->run()
11 SYSTEMPATH/Boot.php(67): CodeIgniter\Boot::runCodeIgniter(Object(CodeIgniter\CodeIgniter))
12 FCPATH/index.php(56): CodeIgniter\Boot::bootWeb(Object(Config\Paths))
WARNING - 2025-02-07 17:45:34 --> [DEPRECATED] Passing lowercase HTTP method "post" is deprecated. Use uppercase HTTP method like "POST". in SYSTEMPATH/Router/RouteCollection.php on line 1026.
 1 SYSTEMPATH/Router/RouteCollection.php(1026): trigger_error('Passing lowercase HTTP method "post" is deprecated. Use uppercase HTTP method like "POST".', 16384)
 2 ROOTPATH/Modules/Templates/Config/Routes.php(7): CodeIgniter\Router\RouteCollection->match([...], '/', 'Templates::index')
 3 SYSTEMPATH/Router/RouteCollection.php(799): CodeIgniter\Router\RouteCollection::{closure}(Object(CodeIgniter\Router\RouteCollection))
 4 ROOTPATH/Modules/Templates/Config/Routes.php(4): CodeIgniter\Router\RouteCollection->group('', [...], Object(Closure))
 5 SYSTEMPATH/Router/RouteCollection.php(372): include('/Users/alanmartin/Sites/localhost/hmvc-master/Ci4/Modules/Templates/Config/Routes.php')
 6 SYSTEMPATH/Router/RouteCollection.php(342): CodeIgniter\Router\RouteCollection->discoverRoutes()
 7 SYSTEMPATH/CodeIgniter.php(821): CodeIgniter\Router\RouteCollection->loadRoutes()
 8 SYSTEMPATH/CodeIgniter.php(455): CodeIgniter\CodeIgniter->tryToRouteIt(null)
 9 SYSTEMPATH/CodeIgniter.php(354): CodeIgniter\CodeIgniter->handleRequest(null, Object(Config\Cache), false)
10 SYSTEMPATH/Boot.php(334): CodeIgniter\CodeIgniter->run()
11 SYSTEMPATH/Boot.php(67): CodeIgniter\Boot::runCodeIgniter(Object(CodeIgniter\CodeIgniter))
12 FCPATH/index.php(56): CodeIgniter\Boot::bootWeb(Object(Config\Paths))
DEBUG - 2025-02-07 17:45:34 --> Session: Class initialized using 'CodeIgniter\Session\Handlers\FileHandler' driver.
DEBUG - 2025-02-07 17:45:34 --> Session: Class initialized using 'CodeIgniter\Session\Handlers\FileHandler' driver.
WARNING - 2025-02-07 17:50:59 --> [DEPRECATED] Passing lowercase HTTP method "get" is deprecated. Use uppercase HTTP method like "GET". in SYSTEMPATH/Router/RouteCollection.php on line 1026.
 1 SYSTEMPATH/Router/RouteCollection.php(1026): trigger_error('Passing lowercase HTTP method "get" is deprecated. Use uppercase HTTP method like "GET".', 16384)
 2 ROOTPATH/Modules/Home/Config/Routes.php(13): CodeIgniter\Router\RouteCollection->match([...], '/', 'Home::index')
 3 SYSTEMPATH/Router/RouteCollection.php(799): CodeIgniter\Router\RouteCollection->{closure}(Object(CodeIgniter\Router\RouteCollection))
 4 ROOTPATH/Modules/Home/Config/Routes.php(10): CodeIgniter\Router\RouteCollection->group('', [...], Object(Closure))
 5 SYSTEMPATH/Router/RouteCollection.php(372): include('/Users/alanmartin/Sites/localhost/hmvc-master/Ci4/Modules/Home/Config/Routes.php')
 6 SYSTEMPATH/Router/RouteCollection.php(342): CodeIgniter\Router\RouteCollection->discoverRoutes()
 7 SYSTEMPATH/CodeIgniter.php(821): CodeIgniter\Router\RouteCollection->loadRoutes()
 8 SYSTEMPATH/CodeIgniter.php(455): CodeIgniter\CodeIgniter->tryToRouteIt(null)
 9 SYSTEMPATH/CodeIgniter.php(354): CodeIgniter\CodeIgniter->handleRequest(null, Object(Config\Cache), false)
10 SYSTEMPATH/Boot.php(334): CodeIgniter\CodeIgniter->run()
11 SYSTEMPATH/Boot.php(67): CodeIgniter\Boot::runCodeIgniter(Object(CodeIgniter\CodeIgniter))
12 FCPATH/index.php(56): CodeIgniter\Boot::bootWeb(Object(Config\Paths))
WARNING - 2025-02-07 17:50:59 --> [DEPRECATED] Passing lowercase HTTP method "post" is deprecated. Use uppercase HTTP method like "POST". in SYSTEMPATH/Router/RouteCollection.php on line 1026.
 1 SYSTEMPATH/Router/RouteCollection.php(1026): trigger_error('Passing lowercase HTTP method "post" is deprecated. Use uppercase HTTP method like "POST".', 16384)
 2 ROOTPATH/Modules/Home/Config/Routes.php(13): CodeIgniter\Router\RouteCollection->match([...], '/', 'Home::index')
 3 SYSTEMPATH/Router/RouteCollection.php(799): CodeIgniter\Router\RouteCollection->{closure}(Object(CodeIgniter\Router\RouteCollection))
 4 ROOTPATH/Modules/Home/Config/Routes.php(10): CodeIgniter\Router\RouteCollection->group('', [...], Object(Closure))
 5 SYSTEMPATH/Router/RouteCollection.php(372): include('/Users/alanmartin/Sites/localhost/hmvc-master/Ci4/Modules/Home/Config/Routes.php')
 6 SYSTEMPATH/Router/RouteCollection.php(342): CodeIgniter\Router\RouteCollection->discoverRoutes()
 7 SYSTEMPATH/CodeIgniter.php(821): CodeIgniter\Router\RouteCollection->loadRoutes()
 8 SYSTEMPATH/CodeIgniter.php(455): CodeIgniter\CodeIgniter->tryToRouteIt(null)
 9 SYSTEMPATH/CodeIgniter.php(354): CodeIgniter\CodeIgniter->handleRequest(null, Object(Config\Cache), false)
10 SYSTEMPATH/Boot.php(334): CodeIgniter\CodeIgniter->run()
11 SYSTEMPATH/Boot.php(67): CodeIgniter\Boot::runCodeIgniter(Object(CodeIgniter\CodeIgniter))
12 FCPATH/index.php(56): CodeIgniter\Boot::bootWeb(Object(Config\Paths))
WARNING - 2025-02-07 17:50:59 --> [DEPRECATED] Passing lowercase HTTP method "get" is deprecated. Use uppercase HTTP method like "GET". in SYSTEMPATH/Router/RouteCollection.php on line 1026.
 1 SYSTEMPATH/Router/RouteCollection.php(1026): trigger_error('Passing lowercase HTTP method "get" is deprecated. Use uppercase HTTP method like "GET".', 16384)
 2 ROOTPATH/Modules/Home/Config/Routes.php(14): CodeIgniter\Router\RouteCollection->match([...], 'docs', 'Home::docs')
 3 SYSTEMPATH/Router/RouteCollection.php(799): CodeIgniter\Router\RouteCollection->{closure}(Object(CodeIgniter\Router\RouteCollection))
 4 ROOTPATH/Modules/Home/Config/Routes.php(10): CodeIgniter\Router\RouteCollection->group('', [...], Object(Closure))
 5 SYSTEMPATH/Router/RouteCollection.php(372): include('/Users/alanmartin/Sites/localhost/hmvc-master/Ci4/Modules/Home/Config/Routes.php')
 6 SYSTEMPATH/Router/RouteCollection.php(342): CodeIgniter\Router\RouteCollection->discoverRoutes()
 7 SYSTEMPATH/CodeIgniter.php(821): CodeIgniter\Router\RouteCollection->loadRoutes()
 8 SYSTEMPATH/CodeIgniter.php(455): CodeIgniter\CodeIgniter->tryToRouteIt(null)
 9 SYSTEMPATH/CodeIgniter.php(354): CodeIgniter\CodeIgniter->handleRequest(null, Object(Config\Cache), false)
10 SYSTEMPATH/Boot.php(334): CodeIgniter\CodeIgniter->run()
11 SYSTEMPATH/Boot.php(67): CodeIgniter\Boot::runCodeIgniter(Object(CodeIgniter\CodeIgniter))
12 FCPATH/index.php(56): CodeIgniter\Boot::bootWeb(Object(Config\Paths))
WARNING - 2025-02-07 17:50:59 --> [DEPRECATED] Passing lowercase HTTP method "post" is deprecated. Use uppercase HTTP method like "POST". in SYSTEMPATH/Router/RouteCollection.php on line 1026.
 1 SYSTEMPATH/Router/RouteCollection.php(1026): trigger_error('Passing lowercase HTTP method "post" is deprecated. Use uppercase HTTP method like "POST".', 16384)
 2 ROOTPATH/Modules/Home/Config/Routes.php(14): CodeIgniter\Router\RouteCollection->match([...], 'docs', 'Home::docs')
 3 SYSTEMPATH/Router/RouteCollection.php(799): CodeIgniter\Router\RouteCollection->{closure}(Object(CodeIgniter\Router\RouteCollection))
 4 ROOTPATH/Modules/Home/Config/Routes.php(10): CodeIgniter\Router\RouteCollection->group('', [...], Object(Closure))
 5 SYSTEMPATH/Router/RouteCollection.php(372): include('/Users/alanmartin/Sites/localhost/hmvc-master/Ci4/Modules/Home/Config/Routes.php')
 6 SYSTEMPATH/Router/RouteCollection.php(342): CodeIgniter\Router\RouteCollection->discoverRoutes()
 7 SYSTEMPATH/CodeIgniter.php(821): CodeIgniter\Router\RouteCollection->loadRoutes()
 8 SYSTEMPATH/CodeIgniter.php(455): CodeIgniter\CodeIgniter->tryToRouteIt(null)
 9 SYSTEMPATH/CodeIgniter.php(354): CodeIgniter\CodeIgniter->handleRequest(null, Object(Config\Cache), false)
10 SYSTEMPATH/Boot.php(334): CodeIgniter\CodeIgniter->run()
11 SYSTEMPATH/Boot.php(67): CodeIgniter\Boot::runCodeIgniter(Object(CodeIgniter\CodeIgniter))
12 FCPATH/index.php(56): CodeIgniter\Boot::bootWeb(Object(Config\Paths))
WARNING - 2025-02-07 17:50:59 --> [DEPRECATED] Passing lowercase HTTP method "get" is deprecated. Use uppercase HTTP method like "GET". in SYSTEMPATH/Router/RouteCollection.php on line 1026.
 1 SYSTEMPATH/Router/RouteCollection.php(1026): trigger_error('Passing lowercase HTTP method "get" is deprecated. Use uppercase HTTP method like "GET".', 16384)
 2 ROOTPATH/Modules/Templates/Config/Routes.php(7): CodeIgniter\Router\RouteCollection->match([...], '/', 'Templates::index')
 3 SYSTEMPATH/Router/RouteCollection.php(799): CodeIgniter\Router\RouteCollection::{closure}(Object(CodeIgniter\Router\RouteCollection))
 4 ROOTPATH/Modules/Templates/Config/Routes.php(4): CodeIgniter\Router\RouteCollection->group('', [...], Object(Closure))
 5 SYSTEMPATH/Router/RouteCollection.php(372): include('/Users/alanmartin/Sites/localhost/hmvc-master/Ci4/Modules/Templates/Config/Routes.php')
 6 SYSTEMPATH/Router/RouteCollection.php(342): CodeIgniter\Router\RouteCollection->discoverRoutes()
 7 SYSTEMPATH/CodeIgniter.php(821): CodeIgniter\Router\RouteCollection->loadRoutes()
 8 SYSTEMPATH/CodeIgniter.php(455): CodeIgniter\CodeIgniter->tryToRouteIt(null)
 9 SYSTEMPATH/CodeIgniter.php(354): CodeIgniter\CodeIgniter->handleRequest(null, Object(Config\Cache), false)
10 SYSTEMPATH/Boot.php(334): CodeIgniter\CodeIgniter->run()
11 SYSTEMPATH/Boot.php(67): CodeIgniter\Boot::runCodeIgniter(Object(CodeIgniter\CodeIgniter))
12 FCPATH/index.php(56): CodeIgniter\Boot::bootWeb(Object(Config\Paths))
WARNING - 2025-02-07 17:50:59 --> [DEPRECATED] Passing lowercase HTTP method "post" is deprecated. Use uppercase HTTP method like "POST". in SYSTEMPATH/Router/RouteCollection.php on line 1026.
 1 SYSTEMPATH/Router/RouteCollection.php(1026): trigger_error('Passing lowercase HTTP method "post" is deprecated. Use uppercase HTTP method like "POST".', 16384)
 2 ROOTPATH/Modules/Templates/Config/Routes.php(7): CodeIgniter\Router\RouteCollection->match([...], '/', 'Templates::index')
 3 SYSTEMPATH/Router/RouteCollection.php(799): CodeIgniter\Router\RouteCollection::{closure}(Object(CodeIgniter\Router\RouteCollection))
 4 ROOTPATH/Modules/Templates/Config/Routes.php(4): CodeIgniter\Router\RouteCollection->group('', [...], Object(Closure))
 5 SYSTEMPATH/Router/RouteCollection.php(372): include('/Users/alanmartin/Sites/localhost/hmvc-master/Ci4/Modules/Templates/Config/Routes.php')
 6 SYSTEMPATH/Router/RouteCollection.php(342): CodeIgniter\Router\RouteCollection->discoverRoutes()
 7 SYSTEMPATH/CodeIgniter.php(821): CodeIgniter\Router\RouteCollection->loadRoutes()
 8 SYSTEMPATH/CodeIgniter.php(455): CodeIgniter\CodeIgniter->tryToRouteIt(null)
 9 SYSTEMPATH/CodeIgniter.php(354): CodeIgniter\CodeIgniter->handleRequest(null, Object(Config\Cache), false)
10 SYSTEMPATH/Boot.php(334): CodeIgniter\CodeIgniter->run()
11 SYSTEMPATH/Boot.php(67): CodeIgniter\Boot::runCodeIgniter(Object(CodeIgniter\CodeIgniter))
12 FCPATH/index.php(56): CodeIgniter\Boot::bootWeb(Object(Config\Paths))
DEBUG - 2025-02-07 17:50:59 --> Session: Class initialized using 'CodeIgniter\Session\Handlers\FileHandler' driver.
DEBUG - 2025-02-07 17:50:59 --> Session: Class initialized using 'CodeIgniter\Session\Handlers\FileHandler' driver.
WARNING - 2025-02-07 17:53:33 --> [DEPRECATED] Passing lowercase HTTP method "get" is deprecated. Use uppercase HTTP method like "GET". in SYSTEMPATH/Router/RouteCollection.php on line 1026.
 1 SYSTEMPATH/Router/RouteCollection.php(1026): trigger_error('Passing lowercase HTTP method "get" is deprecated. Use uppercase HTTP method like "GET".', 16384)
 2 ROOTPATH/Modules/Home/Config/Routes.php(12): CodeIgniter\Router\RouteCollection->match([...], '/', 'Home::index')
 3 SYSTEMPATH/Router/RouteCollection.php(799): CodeIgniter\Router\RouteCollection->{closure}(Object(CodeIgniter\Router\RouteCollection))
 4 ROOTPATH/Modules/Home/Config/Routes.php(9): CodeIgniter\Router\RouteCollection->group('', [...], Object(Closure))
 5 SYSTEMPATH/Router/RouteCollection.php(372): include('/Users/alanmartin/Sites/localhost/hmvc-master/Ci4/Modules/Home/Config/Routes.php')
 6 SYSTEMPATH/Router/RouteCollection.php(342): CodeIgniter\Router\RouteCollection->discoverRoutes()
 7 SYSTEMPATH/CodeIgniter.php(821): CodeIgniter\Router\RouteCollection->loadRoutes()
 8 SYSTEMPATH/CodeIgniter.php(455): CodeIgniter\CodeIgniter->tryToRouteIt(null)
 9 SYSTEMPATH/CodeIgniter.php(354): CodeIgniter\CodeIgniter->handleRequest(null, Object(Config\Cache), false)
10 SYSTEMPATH/Boot.php(334): CodeIgniter\CodeIgniter->run()
11 SYSTEMPATH/Boot.php(67): CodeIgniter\Boot::runCodeIgniter(Object(CodeIgniter\CodeIgniter))
12 FCPATH/index.php(56): CodeIgniter\Boot::bootWeb(Object(Config\Paths))
WARNING - 2025-02-07 17:53:33 --> [DEPRECATED] Passing lowercase HTTP method "post" is deprecated. Use uppercase HTTP method like "POST". in SYSTEMPATH/Router/RouteCollection.php on line 1026.
 1 SYSTEMPATH/Router/RouteCollection.php(1026): trigger_error('Passing lowercase HTTP method "post" is deprecated. Use uppercase HTTP method like "POST".', 16384)
 2 ROOTPATH/Modules/Home/Config/Routes.php(12): CodeIgniter\Router\RouteCollection->match([...], '/', 'Home::index')
 3 SYSTEMPATH/Router/RouteCollection.php(799): CodeIgniter\Router\RouteCollection->{closure}(Object(CodeIgniter\Router\RouteCollection))
 4 ROOTPATH/Modules/Home/Config/Routes.php(9): CodeIgniter\Router\RouteCollection->group('', [...], Object(Closure))
 5 SYSTEMPATH/Router/RouteCollection.php(372): include('/Users/alanmartin/Sites/localhost/hmvc-master/Ci4/Modules/Home/Config/Routes.php')
 6 SYSTEMPATH/Router/RouteCollection.php(342): CodeIgniter\Router\RouteCollection->discoverRoutes()
 7 SYSTEMPATH/CodeIgniter.php(821): CodeIgniter\Router\RouteCollection->loadRoutes()
 8 SYSTEMPATH/CodeIgniter.php(455): CodeIgniter\CodeIgniter->tryToRouteIt(null)
 9 SYSTEMPATH/CodeIgniter.php(354): CodeIgniter\CodeIgniter->handleRequest(null, Object(Config\Cache), false)
10 SYSTEMPATH/Boot.php(334): CodeIgniter\CodeIgniter->run()
11 SYSTEMPATH/Boot.php(67): CodeIgniter\Boot::runCodeIgniter(Object(CodeIgniter\CodeIgniter))
12 FCPATH/index.php(56): CodeIgniter\Boot::bootWeb(Object(Config\Paths))
WARNING - 2025-02-07 17:53:33 --> [DEPRECATED] Passing lowercase HTTP method "get" is deprecated. Use uppercase HTTP method like "GET". in SYSTEMPATH/Router/RouteCollection.php on line 1026.
 1 SYSTEMPATH/Router/RouteCollection.php(1026): trigger_error('Passing lowercase HTTP method "get" is deprecated. Use uppercase HTTP method like "GET".', 16384)
 2 ROOTPATH/Modules/Home/Config/Routes.php(13): CodeIgniter\Router\RouteCollection->match([...], 'docs', 'Home::docs')
 3 SYSTEMPATH/Router/RouteCollection.php(799): CodeIgniter\Router\RouteCollection->{closure}(Object(CodeIgniter\Router\RouteCollection))
 4 ROOTPATH/Modules/Home/Config/Routes.php(9): CodeIgniter\Router\RouteCollection->group('', [...], Object(Closure))
 5 SYSTEMPATH/Router/RouteCollection.php(372): include('/Users/alanmartin/Sites/localhost/hmvc-master/Ci4/Modules/Home/Config/Routes.php')
 6 SYSTEMPATH/Router/RouteCollection.php(342): CodeIgniter\Router\RouteCollection->discoverRoutes()
 7 SYSTEMPATH/CodeIgniter.php(821): CodeIgniter\Router\RouteCollection->loadRoutes()
 8 SYSTEMPATH/CodeIgniter.php(455): CodeIgniter\CodeIgniter->tryToRouteIt(null)
 9 SYSTEMPATH/CodeIgniter.php(354): CodeIgniter\CodeIgniter->handleRequest(null, Object(Config\Cache), false)
10 SYSTEMPATH/Boot.php(334): CodeIgniter\CodeIgniter->run()
11 SYSTEMPATH/Boot.php(67): CodeIgniter\Boot::runCodeIgniter(Object(CodeIgniter\CodeIgniter))
12 FCPATH/index.php(56): CodeIgniter\Boot::bootWeb(Object(Config\Paths))
WARNING - 2025-02-07 17:53:33 --> [DEPRECATED] Passing lowercase HTTP method "post" is deprecated. Use uppercase HTTP method like "POST". in SYSTEMPATH/Router/RouteCollection.php on line 1026.
 1 SYSTEMPATH/Router/RouteCollection.php(1026): trigger_error('Passing lowercase HTTP method "post" is deprecated. Use uppercase HTTP method like "POST".', 16384)
 2 ROOTPATH/Modules/Home/Config/Routes.php(13): CodeIgniter\Router\RouteCollection->match([...], 'docs', 'Home::docs')
 3 SYSTEMPATH/Router/RouteCollection.php(799): CodeIgniter\Router\RouteCollection->{closure}(Object(CodeIgniter\Router\RouteCollection))
 4 ROOTPATH/Modules/Home/Config/Routes.php(9): CodeIgniter\Router\RouteCollection->group('', [...], Object(Closure))
 5 SYSTEMPATH/Router/RouteCollection.php(372): include('/Users/alanmartin/Sites/localhost/hmvc-master/Ci4/Modules/Home/Config/Routes.php')
 6 SYSTEMPATH/Router/RouteCollection.php(342): CodeIgniter\Router\RouteCollection->discoverRoutes()
 7 SYSTEMPATH/CodeIgniter.php(821): CodeIgniter\Router\RouteCollection->loadRoutes()
 8 SYSTEMPATH/CodeIgniter.php(455): CodeIgniter\CodeIgniter->tryToRouteIt(null)
 9 SYSTEMPATH/CodeIgniter.php(354): CodeIgniter\CodeIgniter->handleRequest(null, Object(Config\Cache), false)
10 SYSTEMPATH/Boot.php(334): CodeIgniter\CodeIgniter->run()
11 SYSTEMPATH/Boot.php(67): CodeIgniter\Boot::runCodeIgniter(Object(CodeIgniter\CodeIgniter))
12 FCPATH/index.php(56): CodeIgniter\Boot::bootWeb(Object(Config\Paths))
WARNING - 2025-02-07 17:53:33 --> [DEPRECATED] Passing lowercase HTTP method "get" is deprecated. Use uppercase HTTP method like "GET". in SYSTEMPATH/Router/RouteCollection.php on line 1026.
 1 SYSTEMPATH/Router/RouteCollection.php(1026): trigger_error('Passing lowercase HTTP method "get" is deprecated. Use uppercase HTTP method like "GET".', 16384)
 2 ROOTPATH/Modules/Templates/Config/Routes.php(7): CodeIgniter\Router\RouteCollection->match([...], '/', 'Templates::index')
 3 SYSTEMPATH/Router/RouteCollection.php(799): CodeIgniter\Router\RouteCollection::{closure}(Object(CodeIgniter\Router\RouteCollection))
 4 ROOTPATH/Modules/Templates/Config/Routes.php(4): CodeIgniter\Router\RouteCollection->group('', [...], Object(Closure))
 5 SYSTEMPATH/Router/RouteCollection.php(372): include('/Users/alanmartin/Sites/localhost/hmvc-master/Ci4/Modules/Templates/Config/Routes.php')
 6 SYSTEMPATH/Router/RouteCollection.php(342): CodeIgniter\Router\RouteCollection->discoverRoutes()
 7 SYSTEMPATH/CodeIgniter.php(821): CodeIgniter\Router\RouteCollection->loadRoutes()
 8 SYSTEMPATH/CodeIgniter.php(455): CodeIgniter\CodeIgniter->tryToRouteIt(null)
 9 SYSTEMPATH/CodeIgniter.php(354): CodeIgniter\CodeIgniter->handleRequest(null, Object(Config\Cache), false)
10 SYSTEMPATH/Boot.php(334): CodeIgniter\CodeIgniter->run()
11 SYSTEMPATH/Boot.php(67): CodeIgniter\Boot::runCodeIgniter(Object(CodeIgniter\CodeIgniter))
12 FCPATH/index.php(56): CodeIgniter\Boot::bootWeb(Object(Config\Paths))
WARNING - 2025-02-07 17:53:33 --> [DEPRECATED] Passing lowercase HTTP method "post" is deprecated. Use uppercase HTTP method like "POST". in SYSTEMPATH/Router/RouteCollection.php on line 1026.
 1 SYSTEMPATH/Router/RouteCollection.php(1026): trigger_error('Passing lowercase HTTP method "post" is deprecated. Use uppercase HTTP method like "POST".', 16384)
 2 ROOTPATH/Modules/Templates/Config/Routes.php(7): CodeIgniter\Router\RouteCollection->match([...], '/', 'Templates::index')
 3 SYSTEMPATH/Router/RouteCollection.php(799): CodeIgniter\Router\RouteCollection::{closure}(Object(CodeIgniter\Router\RouteCollection))
 4 ROOTPATH/Modules/Templates/Config/Routes.php(4): CodeIgniter\Router\RouteCollection->group('', [...], Object(Closure))
 5 SYSTEMPATH/Router/RouteCollection.php(372): include('/Users/alanmartin/Sites/localhost/hmvc-master/Ci4/Modules/Templates/Config/Routes.php')
 6 SYSTEMPATH/Router/RouteCollection.php(342): CodeIgniter\Router\RouteCollection->discoverRoutes()
 7 SYSTEMPATH/CodeIgniter.php(821): CodeIgniter\Router\RouteCollection->loadRoutes()
 8 SYSTEMPATH/CodeIgniter.php(455): CodeIgniter\CodeIgniter->tryToRouteIt(null)
 9 SYSTEMPATH/CodeIgniter.php(354): CodeIgniter\CodeIgniter->handleRequest(null, Object(Config\Cache), false)
10 SYSTEMPATH/Boot.php(334): CodeIgniter\CodeIgniter->run()
11 SYSTEMPATH/Boot.php(67): CodeIgniter\Boot::runCodeIgniter(Object(CodeIgniter\CodeIgniter))
12 FCPATH/index.php(56): CodeIgniter\Boot::bootWeb(Object(Config\Paths))
DEBUG - 2025-02-07 17:53:33 --> Session: Class initialized using 'CodeIgniter\Session\Handlers\FileHandler' driver.
DEBUG - 2025-02-07 17:53:35 --> Session: Class initialized using 'CodeIgniter\Session\Handlers\FileHandler' driver.
WARNING - 2025-02-07 17:53:38 --> [DEPRECATED] Passing lowercase HTTP method "get" is deprecated. Use uppercase HTTP method like "GET". in SYSTEMPATH/Router/RouteCollection.php on line 1026.
 1 SYSTEMPATH/Router/RouteCollection.php(1026): trigger_error('Passing lowercase HTTP method "get" is deprecated. Use uppercase HTTP method like "GET".', 16384)
 2 ROOTPATH/Modules/Home/Config/Routes.php(12): CodeIgniter\Router\RouteCollection->match([...], '/', 'Home::index')
 3 SYSTEMPATH/Router/RouteCollection.php(799): CodeIgniter\Router\RouteCollection->{closure}(Object(CodeIgniter\Router\RouteCollection))
 4 ROOTPATH/Modules/Home/Config/Routes.php(9): CodeIgniter\Router\RouteCollection->group('', [...], Object(Closure))
 5 SYSTEMPATH/Router/RouteCollection.php(372): include('/Users/alanmartin/Sites/localhost/hmvc-master/Ci4/Modules/Home/Config/Routes.php')
 6 SYSTEMPATH/Router/RouteCollection.php(342): CodeIgniter\Router\RouteCollection->discoverRoutes()
 7 SYSTEMPATH/CodeIgniter.php(821): CodeIgniter\Router\RouteCollection->loadRoutes()
 8 SYSTEMPATH/CodeIgniter.php(455): CodeIgniter\CodeIgniter->tryToRouteIt(null)
 9 SYSTEMPATH/CodeIgniter.php(354): CodeIgniter\CodeIgniter->handleRequest(null, Object(Config\Cache), false)
10 SYSTEMPATH/Boot.php(334): CodeIgniter\CodeIgniter->run()
11 SYSTEMPATH/Boot.php(67): CodeIgniter\Boot::runCodeIgniter(Object(CodeIgniter\CodeIgniter))
12 FCPATH/index.php(56): CodeIgniter\Boot::bootWeb(Object(Config\Paths))
WARNING - 2025-02-07 17:53:38 --> [DEPRECATED] Passing lowercase HTTP method "post" is deprecated. Use uppercase HTTP method like "POST". in SYSTEMPATH/Router/RouteCollection.php on line 1026.
 1 SYSTEMPATH/Router/RouteCollection.php(1026): trigger_error('Passing lowercase HTTP method "post" is deprecated. Use uppercase HTTP method like "POST".', 16384)
 2 ROOTPATH/Modules/Home/Config/Routes.php(12): CodeIgniter\Router\RouteCollection->match([...], '/', 'Home::index')
 3 SYSTEMPATH/Router/RouteCollection.php(799): CodeIgniter\Router\RouteCollection->{closure}(Object(CodeIgniter\Router\RouteCollection))
 4 ROOTPATH/Modules/Home/Config/Routes.php(9): CodeIgniter\Router\RouteCollection->group('', [...], Object(Closure))
 5 SYSTEMPATH/Router/RouteCollection.php(372): include('/Users/alanmartin/Sites/localhost/hmvc-master/Ci4/Modules/Home/Config/Routes.php')
 6 SYSTEMPATH/Router/RouteCollection.php(342): CodeIgniter\Router\RouteCollection->discoverRoutes()
 7 SYSTEMPATH/CodeIgniter.php(821): CodeIgniter\Router\RouteCollection->loadRoutes()
 8 SYSTEMPATH/CodeIgniter.php(455): CodeIgniter\CodeIgniter->tryToRouteIt(null)
 9 SYSTEMPATH/CodeIgniter.php(354): CodeIgniter\CodeIgniter->handleRequest(null, Object(Config\Cache), false)
10 SYSTEMPATH/Boot.php(334): CodeIgniter\CodeIgniter->run()
11 SYSTEMPATH/Boot.php(67): CodeIgniter\Boot::runCodeIgniter(Object(CodeIgniter\CodeIgniter))
12 FCPATH/index.php(56): CodeIgniter\Boot::bootWeb(Object(Config\Paths))
WARNING - 2025-02-07 17:53:38 --> [DEPRECATED] Passing lowercase HTTP method "get" is deprecated. Use uppercase HTTP method like "GET". in SYSTEMPATH/Router/RouteCollection.php on line 1026.
 1 SYSTEMPATH/Router/RouteCollection.php(1026): trigger_error('Passing lowercase HTTP method "get" is deprecated. Use uppercase HTTP method like "GET".', 16384)
 2 ROOTPATH/Modules/Home/Config/Routes.php(13): CodeIgniter\Router\RouteCollection->match([...], 'docs', 'Home::docs')
 3 SYSTEMPATH/Router/RouteCollection.php(799): CodeIgniter\Router\RouteCollection->{closure}(Object(CodeIgniter\Router\RouteCollection))
 4 ROOTPATH/Modules/Home/Config/Routes.php(9): CodeIgniter\Router\RouteCollection->group('', [...], Object(Closure))
 5 SYSTEMPATH/Router/RouteCollection.php(372): include('/Users/alanmartin/Sites/localhost/hmvc-master/Ci4/Modules/Home/Config/Routes.php')
 6 SYSTEMPATH/Router/RouteCollection.php(342): CodeIgniter\Router\RouteCollection->discoverRoutes()
 7 SYSTEMPATH/CodeIgniter.php(821): CodeIgniter\Router\RouteCollection->loadRoutes()
 8 SYSTEMPATH/CodeIgniter.php(455): CodeIgniter\CodeIgniter->tryToRouteIt(null)
 9 SYSTEMPATH/CodeIgniter.php(354): CodeIgniter\CodeIgniter->handleRequest(null, Object(Config\Cache), false)
10 SYSTEMPATH/Boot.php(334): CodeIgniter\CodeIgniter->run()
11 SYSTEMPATH/Boot.php(67): CodeIgniter\Boot::runCodeIgniter(Object(CodeIgniter\CodeIgniter))
12 FCPATH/index.php(56): CodeIgniter\Boot::bootWeb(Object(Config\Paths))
WARNING - 2025-02-07 17:53:38 --> [DEPRECATED] Passing lowercase HTTP method "post" is deprecated. Use uppercase HTTP method like "POST". in SYSTEMPATH/Router/RouteCollection.php on line 1026.
 1 SYSTEMPATH/Router/RouteCollection.php(1026): trigger_error('Passing lowercase HTTP method "post" is deprecated. Use uppercase HTTP method like "POST".', 16384)
 2 ROOTPATH/Modules/Home/Config/Routes.php(13): CodeIgniter\Router\RouteCollection->match([...], 'docs', 'Home::docs')
 3 SYSTEMPATH/Router/RouteCollection.php(799): CodeIgniter\Router\RouteCollection->{closure}(Object(CodeIgniter\Router\RouteCollection))
 4 ROOTPATH/Modules/Home/Config/Routes.php(9): CodeIgniter\Router\RouteCollection->group('', [...], Object(Closure))
 5 SYSTEMPATH/Router/RouteCollection.php(372): include('/Users/alanmartin/Sites/localhost/hmvc-master/Ci4/Modules/Home/Config/Routes.php')
 6 SYSTEMPATH/Router/RouteCollection.php(342): CodeIgniter\Router\RouteCollection->discoverRoutes()
 7 SYSTEMPATH/CodeIgniter.php(821): CodeIgniter\Router\RouteCollection->loadRoutes()
 8 SYSTEMPATH/CodeIgniter.php(455): CodeIgniter\CodeIgniter->tryToRouteIt(null)
 9 SYSTEMPATH/CodeIgniter.php(354): CodeIgniter\CodeIgniter->handleRequest(null, Object(Config\Cache), false)
10 SYSTEMPATH/Boot.php(334): CodeIgniter\CodeIgniter->run()
11 SYSTEMPATH/Boot.php(67): CodeIgniter\Boot::runCodeIgniter(Object(CodeIgniter\CodeIgniter))
12 FCPATH/index.php(56): CodeIgniter\Boot::bootWeb(Object(Config\Paths))
WARNING - 2025-02-07 17:53:38 --> [DEPRECATED] Passing lowercase HTTP method "get" is deprecated. Use uppercase HTTP method like "GET". in SYSTEMPATH/Router/RouteCollection.php on line 1026.
 1 SYSTEMPATH/Router/RouteCollection.php(1026): trigger_error('Passing lowercase HTTP method "get" is deprecated. Use uppercase HTTP method like "GET".', 16384)
 2 ROOTPATH/Modules/Templates/Config/Routes.php(7): CodeIgniter\Router\RouteCollection->match([...], '/', 'Templates::index')
 3 SYSTEMPATH/Router/RouteCollection.php(799): CodeIgniter\Router\RouteCollection::{closure}(Object(CodeIgniter\Router\RouteCollection))
 4 ROOTPATH/Modules/Templates/Config/Routes.php(4): CodeIgniter\Router\RouteCollection->group('', [...], Object(Closure))
 5 SYSTEMPATH/Router/RouteCollection.php(372): include('/Users/alanmartin/Sites/localhost/hmvc-master/Ci4/Modules/Templates/Config/Routes.php')
 6 SYSTEMPATH/Router/RouteCollection.php(342): CodeIgniter\Router\RouteCollection->discoverRoutes()
 7 SYSTEMPATH/CodeIgniter.php(821): CodeIgniter\Router\RouteCollection->loadRoutes()
 8 SYSTEMPATH/CodeIgniter.php(455): CodeIgniter\CodeIgniter->tryToRouteIt(null)
 9 SYSTEMPATH/CodeIgniter.php(354): CodeIgniter\CodeIgniter->handleRequest(null, Object(Config\Cache), false)
10 SYSTEMPATH/Boot.php(334): CodeIgniter\CodeIgniter->run()
11 SYSTEMPATH/Boot.php(67): CodeIgniter\Boot::runCodeIgniter(Object(CodeIgniter\CodeIgniter))
12 FCPATH/index.php(56): CodeIgniter\Boot::bootWeb(Object(Config\Paths))
WARNING - 2025-02-07 17:53:38 --> [DEPRECATED] Passing lowercase HTTP method "post" is deprecated. Use uppercase HTTP method like "POST". in SYSTEMPATH/Router/RouteCollection.php on line 1026.
 1 SYSTEMPATH/Router/RouteCollection.php(1026): trigger_error('Passing lowercase HTTP method "post" is deprecated. Use uppercase HTTP method like "POST".', 16384)
 2 ROOTPATH/Modules/Templates/Config/Routes.php(7): CodeIgniter\Router\RouteCollection->match([...], '/', 'Templates::index')
 3 SYSTEMPATH/Router/RouteCollection.php(799): CodeIgniter\Router\RouteCollection::{closure}(Object(CodeIgniter\Router\RouteCollection))
 4 ROOTPATH/Modules/Templates/Config/Routes.php(4): CodeIgniter\Router\RouteCollection->group('', [...], Object(Closure))
 5 SYSTEMPATH/Router/RouteCollection.php(372): include('/Users/alanmartin/Sites/localhost/hmvc-master/Ci4/Modules/Templates/Config/Routes.php')
 6 SYSTEMPATH/Router/RouteCollection.php(342): CodeIgniter\Router\RouteCollection->discoverRoutes()
 7 SYSTEMPATH/CodeIgniter.php(821): CodeIgniter\Router\RouteCollection->loadRoutes()
 8 SYSTEMPATH/CodeIgniter.php(455): CodeIgniter\CodeIgniter->tryToRouteIt(null)
 9 SYSTEMPATH/CodeIgniter.php(354): CodeIgniter\CodeIgniter->handleRequest(null, Object(Config\Cache), false)
10 SYSTEMPATH/Boot.php(334): CodeIgniter\CodeIgniter->run()
11 SYSTEMPATH/Boot.php(67): CodeIgniter\Boot::runCodeIgniter(Object(CodeIgniter\CodeIgniter))
12 FCPATH/index.php(56): CodeIgniter\Boot::bootWeb(Object(Config\Paths))
DEBUG - 2025-02-07 17:53:38 --> Session: Class initialized using 'CodeIgniter\Session\Handlers\FileHandler' driver.
WARNING - 2025-02-07 17:53:38 --> [DEPRECATED] Creation of dynamic property Modules\Quiz\Controllers\Quiz::$db is deprecated in ROOTPATH/Modules/Quiz/Controllers/Quiz.php on line 40.
 1 SYSTEMPATH/CodeIgniter.php(903): Modules\Quiz\Controllers\Quiz->__construct()
 2 SYSTEMPATH/CodeIgniter.php(498): CodeIgniter\CodeIgniter->createController()
 3 SYSTEMPATH/CodeIgniter.php(354): CodeIgniter\CodeIgniter->handleRequest(null, Object(Config\Cache), false)
 4 SYSTEMPATH/Boot.php(334): CodeIgniter\CodeIgniter->run()
 5 SYSTEMPATH/Boot.php(67): CodeIgniter\Boot::runCodeIgniter(Object(CodeIgniter\CodeIgniter))
 6 FCPATH/index.php(56): CodeIgniter\Boot::bootWeb(Object(Config\Paths))
WARNING - 2025-02-07 17:53:38 --> Session: Sessions is enabled, and one exists. Please don't $session->start();
WARNING - 2025-02-07 17:53:38 --> [DEPRECATED] Creation of dynamic property Modules\Quiz\Model\QuizModel::$request is deprecated in ROOTPATH/Modules/Quiz/Model/QuizModel.php on line 151.
 1 ROOTPATH/Modules/Quiz/Controllers/Quiz.php(457): Modules\Quiz\Model\QuizModel->get_teachers_names()
 2 SYSTEMPATH/CodeIgniter.php(933): Modules\Quiz\Controllers\Quiz->find_teacher()
 3 SYSTEMPATH/CodeIgniter.php(507): CodeIgniter\CodeIgniter->runController(Object(Modules\Quiz\Controllers\Quiz))
 4 SYSTEMPATH/CodeIgniter.php(354): CodeIgniter\CodeIgniter->handleRequest(null, Object(Config\Cache), false)
 5 SYSTEMPATH/Boot.php(334): CodeIgniter\CodeIgniter->run()
 6 SYSTEMPATH/Boot.php(67): CodeIgniter\Boot::runCodeIgniter(Object(CodeIgniter\CodeIgniter))
 7 FCPATH/index.php(56): CodeIgniter\Boot::bootWeb(Object(Config\Paths))
DEBUG - 2025-02-07 17:53:38 --> Session: Class initialized using 'CodeIgniter\Session\Handlers\FileHandler' driver.
WARNING - 2025-02-07 17:53:41 --> [DEPRECATED] Passing lowercase HTTP method "get" is deprecated. Use uppercase HTTP method like "GET". in SYSTEMPATH/Router/RouteCollection.php on line 1026.
 1 SYSTEMPATH/Router/RouteCollection.php(1026): trigger_error('Passing lowercase HTTP method "get" is deprecated. Use uppercase HTTP method like "GET".', 16384)
 2 ROOTPATH/Modules/Home/Config/Routes.php(12): CodeIgniter\Router\RouteCollection->match([...], '/', 'Home::index')
 3 SYSTEMPATH/Router/RouteCollection.php(799): CodeIgniter\Router\RouteCollection->{closure}(Object(CodeIgniter\Router\RouteCollection))
 4 ROOTPATH/Modules/Home/Config/Routes.php(9): CodeIgniter\Router\RouteCollection->group('', [...], Object(Closure))
 5 SYSTEMPATH/Router/RouteCollection.php(372): include('/Users/alanmartin/Sites/localhost/hmvc-master/Ci4/Modules/Home/Config/Routes.php')
 6 SYSTEMPATH/Router/RouteCollection.php(342): CodeIgniter\Router\RouteCollection->discoverRoutes()
 7 SYSTEMPATH/CodeIgniter.php(821): CodeIgniter\Router\RouteCollection->loadRoutes()
 8 SYSTEMPATH/CodeIgniter.php(455): CodeIgniter\CodeIgniter->tryToRouteIt(null)
 9 SYSTEMPATH/CodeIgniter.php(354): CodeIgniter\CodeIgniter->handleRequest(null, Object(Config\Cache), false)
10 SYSTEMPATH/Boot.php(334): CodeIgniter\CodeIgniter->run()
11 SYSTEMPATH/Boot.php(67): CodeIgniter\Boot::runCodeIgniter(Object(CodeIgniter\CodeIgniter))
12 FCPATH/index.php(56): CodeIgniter\Boot::bootWeb(Object(Config\Paths))
WARNING - 2025-02-07 17:53:41 --> [DEPRECATED] Passing lowercase HTTP method "post" is deprecated. Use uppercase HTTP method like "POST". in SYSTEMPATH/Router/RouteCollection.php on line 1026.
 1 SYSTEMPATH/Router/RouteCollection.php(1026): trigger_error('Passing lowercase HTTP method "post" is deprecated. Use uppercase HTTP method like "POST".', 16384)
 2 ROOTPATH/Modules/Home/Config/Routes.php(12): CodeIgniter\Router\RouteCollection->match([...], '/', 'Home::index')
 3 SYSTEMPATH/Router/RouteCollection.php(799): CodeIgniter\Router\RouteCollection->{closure}(Object(CodeIgniter\Router\RouteCollection))
 4 ROOTPATH/Modules/Home/Config/Routes.php(9): CodeIgniter\Router\RouteCollection->group('', [...], Object(Closure))
 5 SYSTEMPATH/Router/RouteCollection.php(372): include('/Users/alanmartin/Sites/localhost/hmvc-master/Ci4/Modules/Home/Config/Routes.php')
 6 SYSTEMPATH/Router/RouteCollection.php(342): CodeIgniter\Router\RouteCollection->discoverRoutes()
 7 SYSTEMPATH/CodeIgniter.php(821): CodeIgniter\Router\RouteCollection->loadRoutes()
 8 SYSTEMPATH/CodeIgniter.php(455): CodeIgniter\CodeIgniter->tryToRouteIt(null)
 9 SYSTEMPATH/CodeIgniter.php(354): CodeIgniter\CodeIgniter->handleRequest(null, Object(Config\Cache), false)
10 SYSTEMPATH/Boot.php(334): CodeIgniter\CodeIgniter->run()
11 SYSTEMPATH/Boot.php(67): CodeIgniter\Boot::runCodeIgniter(Object(CodeIgniter\CodeIgniter))
12 FCPATH/index.php(56): CodeIgniter\Boot::bootWeb(Object(Config\Paths))
WARNING - 2025-02-07 17:53:41 --> [DEPRECATED] Passing lowercase HTTP method "get" is deprecated. Use uppercase HTTP method like "GET". in SYSTEMPATH/Router/RouteCollection.php on line 1026.
 1 SYSTEMPATH/Router/RouteCollection.php(1026): trigger_error('Passing lowercase HTTP method "get" is deprecated. Use uppercase HTTP method like "GET".', 16384)
 2 ROOTPATH/Modules/Home/Config/Routes.php(13): CodeIgniter\Router\RouteCollection->match([...], 'docs', 'Home::docs')
 3 SYSTEMPATH/Router/RouteCollection.php(799): CodeIgniter\Router\RouteCollection->{closure}(Object(CodeIgniter\Router\RouteCollection))
 4 ROOTPATH/Modules/Home/Config/Routes.php(9): CodeIgniter\Router\RouteCollection->group('', [...], Object(Closure))
 5 SYSTEMPATH/Router/RouteCollection.php(372): include('/Users/alanmartin/Sites/localhost/hmvc-master/Ci4/Modules/Home/Config/Routes.php')
 6 SYSTEMPATH/Router/RouteCollection.php(342): CodeIgniter\Router\RouteCollection->discoverRoutes()
 7 SYSTEMPATH/CodeIgniter.php(821): CodeIgniter\Router\RouteCollection->loadRoutes()
 8 SYSTEMPATH/CodeIgniter.php(455): CodeIgniter\CodeIgniter->tryToRouteIt(null)
 9 SYSTEMPATH/CodeIgniter.php(354): CodeIgniter\CodeIgniter->handleRequest(null, Object(Config\Cache), false)
10 SYSTEMPATH/Boot.php(334): CodeIgniter\CodeIgniter->run()
11 SYSTEMPATH/Boot.php(67): CodeIgniter\Boot::runCodeIgniter(Object(CodeIgniter\CodeIgniter))
12 FCPATH/index.php(56): CodeIgniter\Boot::bootWeb(Object(Config\Paths))
WARNING - 2025-02-07 17:53:41 --> [DEPRECATED] Passing lowercase HTTP method "post" is deprecated. Use uppercase HTTP method like "POST". in SYSTEMPATH/Router/RouteCollection.php on line 1026.
 1 SYSTEMPATH/Router/RouteCollection.php(1026): trigger_error('Passing lowercase HTTP method "post" is deprecated. Use uppercase HTTP method like "POST".', 16384)
 2 ROOTPATH/Modules/Home/Config/Routes.php(13): CodeIgniter\Router\RouteCollection->match([...], 'docs', 'Home::docs')
 3 SYSTEMPATH/Router/RouteCollection.php(799): CodeIgniter\Router\RouteCollection->{closure}(Object(CodeIgniter\Router\RouteCollection))
 4 ROOTPATH/Modules/Home/Config/Routes.php(9): CodeIgniter\Router\RouteCollection->group('', [...], Object(Closure))
 5 SYSTEMPATH/Router/RouteCollection.php(372): include('/Users/alanmartin/Sites/localhost/hmvc-master/Ci4/Modules/Home/Config/Routes.php')
 6 SYSTEMPATH/Router/RouteCollection.php(342): CodeIgniter\Router\RouteCollection->discoverRoutes()
 7 SYSTEMPATH/CodeIgniter.php(821): CodeIgniter\Router\RouteCollection->loadRoutes()
 8 SYSTEMPATH/CodeIgniter.php(455): CodeIgniter\CodeIgniter->tryToRouteIt(null)
 9 SYSTEMPATH/CodeIgniter.php(354): CodeIgniter\CodeIgniter->handleRequest(null, Object(Config\Cache), false)
10 SYSTEMPATH/Boot.php(334): CodeIgniter\CodeIgniter->run()
11 SYSTEMPATH/Boot.php(67): CodeIgniter\Boot::runCodeIgniter(Object(CodeIgniter\CodeIgniter))
12 FCPATH/index.php(56): CodeIgniter\Boot::bootWeb(Object(Config\Paths))
WARNING - 2025-02-07 17:53:41 --> [DEPRECATED] Passing lowercase HTTP method "get" is deprecated. Use uppercase HTTP method like "GET". in SYSTEMPATH/Router/RouteCollection.php on line 1026.
 1 SYSTEMPATH/Router/RouteCollection.php(1026): trigger_error('Passing lowercase HTTP method "get" is deprecated. Use uppercase HTTP method like "GET".', 16384)
 2 ROOTPATH/Modules/Templates/Config/Routes.php(7): CodeIgniter\Router\RouteCollection->match([...], '/', 'Templates::index')
 3 SYSTEMPATH/Router/RouteCollection.php(799): CodeIgniter\Router\RouteCollection::{closure}(Object(CodeIgniter\Router\RouteCollection))
 4 ROOTPATH/Modules/Templates/Config/Routes.php(4): CodeIgniter\Router\RouteCollection->group('', [...], Object(Closure))
 5 SYSTEMPATH/Router/RouteCollection.php(372): include('/Users/alanmartin/Sites/localhost/hmvc-master/Ci4/Modules/Templates/Config/Routes.php')
 6 SYSTEMPATH/Router/RouteCollection.php(342): CodeIgniter\Router\RouteCollection->discoverRoutes()
 7 SYSTEMPATH/CodeIgniter.php(821): CodeIgniter\Router\RouteCollection->loadRoutes()
 8 SYSTEMPATH/CodeIgniter.php(455): CodeIgniter\CodeIgniter->tryToRouteIt(null)
 9 SYSTEMPATH/CodeIgniter.php(354): CodeIgniter\CodeIgniter->handleRequest(null, Object(Config\Cache), false)
10 SYSTEMPATH/Boot.php(334): CodeIgniter\CodeIgniter->run()
11 SYSTEMPATH/Boot.php(67): CodeIgniter\Boot::runCodeIgniter(Object(CodeIgniter\CodeIgniter))
12 FCPATH/index.php(56): CodeIgniter\Boot::bootWeb(Object(Config\Paths))
WARNING - 2025-02-07 17:53:41 --> [DEPRECATED] Passing lowercase HTTP method "post" is deprecated. Use uppercase HTTP method like "POST". in SYSTEMPATH/Router/RouteCollection.php on line 1026.
 1 SYSTEMPATH/Router/RouteCollection.php(1026): trigger_error('Passing lowercase HTTP method "post" is deprecated. Use uppercase HTTP method like "POST".', 16384)
 2 ROOTPATH/Modules/Templates/Config/Routes.php(7): CodeIgniter\Router\RouteCollection->match([...], '/', 'Templates::index')
 3 SYSTEMPATH/Router/RouteCollection.php(799): CodeIgniter\Router\RouteCollection::{closure}(Object(CodeIgniter\Router\RouteCollection))
 4 ROOTPATH/Modules/Templates/Config/Routes.php(4): CodeIgniter\Router\RouteCollection->group('', [...], Object(Closure))
 5 SYSTEMPATH/Router/RouteCollection.php(372): include('/Users/alanmartin/Sites/localhost/hmvc-master/Ci4/Modules/Templates/Config/Routes.php')
 6 SYSTEMPATH/Router/RouteCollection.php(342): CodeIgniter\Router\RouteCollection->discoverRoutes()
 7 SYSTEMPATH/CodeIgniter.php(821): CodeIgniter\Router\RouteCollection->loadRoutes()
 8 SYSTEMPATH/CodeIgniter.php(455): CodeIgniter\CodeIgniter->tryToRouteIt(null)
 9 SYSTEMPATH/CodeIgniter.php(354): CodeIgniter\CodeIgniter->handleRequest(null, Object(Config\Cache), false)
10 SYSTEMPATH/Boot.php(334): CodeIgniter\CodeIgniter->run()
11 SYSTEMPATH/Boot.php(67): CodeIgniter\Boot::runCodeIgniter(Object(CodeIgniter\CodeIgniter))
12 FCPATH/index.php(56): CodeIgniter\Boot::bootWeb(Object(Config\Paths))
DEBUG - 2025-02-07 17:53:41 --> Session: Class initialized using 'CodeIgniter\Session\Handlers\FileHandler' driver.
DEBUG - 2025-02-07 17:53:41 --> Session: Class initialized using 'CodeIgniter\Session\Handlers\FileHandler' driver.
WARNING - 2025-02-07 17:53:42 --> [DEPRECATED] Passing lowercase HTTP method "get" is deprecated. Use uppercase HTTP method like "GET". in SYSTEMPATH/Router/RouteCollection.php on line 1026.
 1 SYSTEMPATH/Router/RouteCollection.php(1026): trigger_error('Passing lowercase HTTP method "get" is deprecated. Use uppercase HTTP method like "GET".', 16384)
 2 ROOTPATH/Modules/Home/Config/Routes.php(12): CodeIgniter\Router\RouteCollection->match([...], '/', 'Home::index')
 3 SYSTEMPATH/Router/RouteCollection.php(799): CodeIgniter\Router\RouteCollection->{closure}(Object(CodeIgniter\Router\RouteCollection))
 4 ROOTPATH/Modules/Home/Config/Routes.php(9): CodeIgniter\Router\RouteCollection->group('', [...], Object(Closure))
 5 SYSTEMPATH/Router/RouteCollection.php(372): include('/Users/alanmartin/Sites/localhost/hmvc-master/Ci4/Modules/Home/Config/Routes.php')
 6 SYSTEMPATH/Router/RouteCollection.php(342): CodeIgniter\Router\RouteCollection->discoverRoutes()
 7 SYSTEMPATH/CodeIgniter.php(821): CodeIgniter\Router\RouteCollection->loadRoutes()
 8 SYSTEMPATH/CodeIgniter.php(455): CodeIgniter\CodeIgniter->tryToRouteIt(null)
 9 SYSTEMPATH/CodeIgniter.php(354): CodeIgniter\CodeIgniter->handleRequest(null, Object(Config\Cache), false)
10 SYSTEMPATH/Boot.php(334): CodeIgniter\CodeIgniter->run()
11 SYSTEMPATH/Boot.php(67): CodeIgniter\Boot::runCodeIgniter(Object(CodeIgniter\CodeIgniter))
12 FCPATH/index.php(56): CodeIgniter\Boot::bootWeb(Object(Config\Paths))
WARNING - 2025-02-07 17:53:42 --> [DEPRECATED] Passing lowercase HTTP method "post" is deprecated. Use uppercase HTTP method like "POST". in SYSTEMPATH/Router/RouteCollection.php on line 1026.
 1 SYSTEMPATH/Router/RouteCollection.php(1026): trigger_error('Passing lowercase HTTP method "post" is deprecated. Use uppercase HTTP method like "POST".', 16384)
 2 ROOTPATH/Modules/Home/Config/Routes.php(12): CodeIgniter\Router\RouteCollection->match([...], '/', 'Home::index')
 3 SYSTEMPATH/Router/RouteCollection.php(799): CodeIgniter\Router\RouteCollection->{closure}(Object(CodeIgniter\Router\RouteCollection))
 4 ROOTPATH/Modules/Home/Config/Routes.php(9): CodeIgniter\Router\RouteCollection->group('', [...], Object(Closure))
 5 SYSTEMPATH/Router/RouteCollection.php(372): include('/Users/alanmartin/Sites/localhost/hmvc-master/Ci4/Modules/Home/Config/Routes.php')
 6 SYSTEMPATH/Router/RouteCollection.php(342): CodeIgniter\Router\RouteCollection->discoverRoutes()
 7 SYSTEMPATH/CodeIgniter.php(821): CodeIgniter\Router\RouteCollection->loadRoutes()
 8 SYSTEMPATH/CodeIgniter.php(455): CodeIgniter\CodeIgniter->tryToRouteIt(null)
 9 SYSTEMPATH/CodeIgniter.php(354): CodeIgniter\CodeIgniter->handleRequest(null, Object(Config\Cache), false)
10 SYSTEMPATH/Boot.php(334): CodeIgniter\CodeIgniter->run()
11 SYSTEMPATH/Boot.php(67): CodeIgniter\Boot::runCodeIgniter(Object(CodeIgniter\CodeIgniter))
12 FCPATH/index.php(56): CodeIgniter\Boot::bootWeb(Object(Config\Paths))
WARNING - 2025-02-07 17:53:42 --> [DEPRECATED] Passing lowercase HTTP method "get" is deprecated. Use uppercase HTTP method like "GET". in SYSTEMPATH/Router/RouteCollection.php on line 1026.
 1 SYSTEMPATH/Router/RouteCollection.php(1026): trigger_error('Passing lowercase HTTP method "get" is deprecated. Use uppercase HTTP method like "GET".', 16384)
 2 ROOTPATH/Modules/Home/Config/Routes.php(13): CodeIgniter\Router\RouteCollection->match([...], 'docs', 'Home::docs')
 3 SYSTEMPATH/Router/RouteCollection.php(799): CodeIgniter\Router\RouteCollection->{closure}(Object(CodeIgniter\Router\RouteCollection))
 4 ROOTPATH/Modules/Home/Config/Routes.php(9): CodeIgniter\Router\RouteCollection->group('', [...], Object(Closure))
 5 SYSTEMPATH/Router/RouteCollection.php(372): include('/Users/alanmartin/Sites/localhost/hmvc-master/Ci4/Modules/Home/Config/Routes.php')
 6 SYSTEMPATH/Router/RouteCollection.php(342): CodeIgniter\Router\RouteCollection->discoverRoutes()
 7 SYSTEMPATH/CodeIgniter.php(821): CodeIgniter\Router\RouteCollection->loadRoutes()
 8 SYSTEMPATH/CodeIgniter.php(455): CodeIgniter\CodeIgniter->tryToRouteIt(null)
 9 SYSTEMPATH/CodeIgniter.php(354): CodeIgniter\CodeIgniter->handleRequest(null, Object(Config\Cache), false)
10 SYSTEMPATH/Boot.php(334): CodeIgniter\CodeIgniter->run()
11 SYSTEMPATH/Boot.php(67): CodeIgniter\Boot::runCodeIgniter(Object(CodeIgniter\CodeIgniter))
12 FCPATH/index.php(56): CodeIgniter\Boot::bootWeb(Object(Config\Paths))
WARNING - 2025-02-07 17:53:42 --> [DEPRECATED] Passing lowercase HTTP method "post" is deprecated. Use uppercase HTTP method like "POST". in SYSTEMPATH/Router/RouteCollection.php on line 1026.
 1 SYSTEMPATH/Router/RouteCollection.php(1026): trigger_error('Passing lowercase HTTP method "post" is deprecated. Use uppercase HTTP method like "POST".', 16384)
 2 ROOTPATH/Modules/Home/Config/Routes.php(13): CodeIgniter\Router\RouteCollection->match([...], 'docs', 'Home::docs')
 3 SYSTEMPATH/Router/RouteCollection.php(799): CodeIgniter\Router\RouteCollection->{closure}(Object(CodeIgniter\Router\RouteCollection))
 4 ROOTPATH/Modules/Home/Config/Routes.php(9): CodeIgniter\Router\RouteCollection->group('', [...], Object(Closure))
 5 SYSTEMPATH/Router/RouteCollection.php(372): include('/Users/alanmartin/Sites/localhost/hmvc-master/Ci4/Modules/Home/Config/Routes.php')
 6 SYSTEMPATH/Router/RouteCollection.php(342): CodeIgniter\Router\RouteCollection->discoverRoutes()
 7 SYSTEMPATH/CodeIgniter.php(821): CodeIgniter\Router\RouteCollection->loadRoutes()
 8 SYSTEMPATH/CodeIgniter.php(455): CodeIgniter\CodeIgniter->tryToRouteIt(null)
 9 SYSTEMPATH/CodeIgniter.php(354): CodeIgniter\CodeIgniter->handleRequest(null, Object(Config\Cache), false)
10 SYSTEMPATH/Boot.php(334): CodeIgniter\CodeIgniter->run()
11 SYSTEMPATH/Boot.php(67): CodeIgniter\Boot::runCodeIgniter(Object(CodeIgniter\CodeIgniter))
12 FCPATH/index.php(56): CodeIgniter\Boot::bootWeb(Object(Config\Paths))
WARNING - 2025-02-07 17:53:42 --> [DEPRECATED] Passing lowercase HTTP method "get" is deprecated. Use uppercase HTTP method like "GET". in SYSTEMPATH/Router/RouteCollection.php on line 1026.
 1 SYSTEMPATH/Router/RouteCollection.php(1026): trigger_error('Passing lowercase HTTP method "get" is deprecated. Use uppercase HTTP method like "GET".', 16384)
 2 ROOTPATH/Modules/Templates/Config/Routes.php(7): CodeIgniter\Router\RouteCollection->match([...], '/', 'Templates::index')
 3 SYSTEMPATH/Router/RouteCollection.php(799): CodeIgniter\Router\RouteCollection::{closure}(Object(CodeIgniter\Router\RouteCollection))
 4 ROOTPATH/Modules/Templates/Config/Routes.php(4): CodeIgniter\Router\RouteCollection->group('', [...], Object(Closure))
 5 SYSTEMPATH/Router/RouteCollection.php(372): include('/Users/alanmartin/Sites/localhost/hmvc-master/Ci4/Modules/Templates/Config/Routes.php')
 6 SYSTEMPATH/Router/RouteCollection.php(342): CodeIgniter\Router\RouteCollection->discoverRoutes()
 7 SYSTEMPATH/CodeIgniter.php(821): CodeIgniter\Router\RouteCollection->loadRoutes()
 8 SYSTEMPATH/CodeIgniter.php(455): CodeIgniter\CodeIgniter->tryToRouteIt(null)
 9 SYSTEMPATH/CodeIgniter.php(354): CodeIgniter\CodeIgniter->handleRequest(null, Object(Config\Cache), false)
10 SYSTEMPATH/Boot.php(334): CodeIgniter\CodeIgniter->run()
11 SYSTEMPATH/Boot.php(67): CodeIgniter\Boot::runCodeIgniter(Object(CodeIgniter\CodeIgniter))
12 FCPATH/index.php(56): CodeIgniter\Boot::bootWeb(Object(Config\Paths))
WARNING - 2025-02-07 17:53:42 --> [DEPRECATED] Passing lowercase HTTP method "post" is deprecated. Use uppercase HTTP method like "POST". in SYSTEMPATH/Router/RouteCollection.php on line 1026.
 1 SYSTEMPATH/Router/RouteCollection.php(1026): trigger_error('Passing lowercase HTTP method "post" is deprecated. Use uppercase HTTP method like "POST".', 16384)
 2 ROOTPATH/Modules/Templates/Config/Routes.php(7): CodeIgniter\Router\RouteCollection->match([...], '/', 'Templates::index')
 3 SYSTEMPATH/Router/RouteCollection.php(799): CodeIgniter\Router\RouteCollection::{closure}(Object(CodeIgniter\Router\RouteCollection))
 4 ROOTPATH/Modules/Templates/Config/Routes.php(4): CodeIgniter\Router\RouteCollection->group('', [...], Object(Closure))
 5 SYSTEMPATH/Router/RouteCollection.php(372): include('/Users/alanmartin/Sites/localhost/hmvc-master/Ci4/Modules/Templates/Config/Routes.php')
 6 SYSTEMPATH/Router/RouteCollection.php(342): CodeIgniter\Router\RouteCollection->discoverRoutes()
 7 SYSTEMPATH/CodeIgniter.php(821): CodeIgniter\Router\RouteCollection->loadRoutes()
 8 SYSTEMPATH/CodeIgniter.php(455): CodeIgniter\CodeIgniter->tryToRouteIt(null)
 9 SYSTEMPATH/CodeIgniter.php(354): CodeIgniter\CodeIgniter->handleRequest(null, Object(Config\Cache), false)
10 SYSTEMPATH/Boot.php(334): CodeIgniter\CodeIgniter->run()
11 SYSTEMPATH/Boot.php(67): CodeIgniter\Boot::runCodeIgniter(Object(CodeIgniter\CodeIgniter))
12 FCPATH/index.php(56): CodeIgniter\Boot::bootWeb(Object(Config\Paths))
DEBUG - 2025-02-07 17:53:42 --> Session: Class initialized using 'CodeIgniter\Session\Handlers\FileHandler' driver.
DEBUG - 2025-02-07 17:53:43 --> Session: Class initialized using 'CodeIgniter\Session\Handlers\FileHandler' driver.
WARNING - 2025-02-07 17:53:46 --> [DEPRECATED] Passing lowercase HTTP method "get" is deprecated. Use uppercase HTTP method like "GET". in SYSTEMPATH/Router/RouteCollection.php on line 1026.
 1 SYSTEMPATH/Router/RouteCollection.php(1026): trigger_error('Passing lowercase HTTP method "get" is deprecated. Use uppercase HTTP method like "GET".', 16384)
 2 ROOTPATH/Modules/Home/Config/Routes.php(12): CodeIgniter\Router\RouteCollection->match([...], '/', 'Home::index')
 3 SYSTEMPATH/Router/RouteCollection.php(799): CodeIgniter\Router\RouteCollection->{closure}(Object(CodeIgniter\Router\RouteCollection))
 4 ROOTPATH/Modules/Home/Config/Routes.php(9): CodeIgniter\Router\RouteCollection->group('', [...], Object(Closure))
 5 SYSTEMPATH/Router/RouteCollection.php(372): include('/Users/alanmartin/Sites/localhost/hmvc-master/Ci4/Modules/Home/Config/Routes.php')
 6 SYSTEMPATH/Router/RouteCollection.php(342): CodeIgniter\Router\RouteCollection->discoverRoutes()
 7 SYSTEMPATH/CodeIgniter.php(821): CodeIgniter\Router\RouteCollection->loadRoutes()
 8 SYSTEMPATH/CodeIgniter.php(455): CodeIgniter\CodeIgniter->tryToRouteIt(null)
 9 SYSTEMPATH/CodeIgniter.php(354): CodeIgniter\CodeIgniter->handleRequest(null, Object(Config\Cache), false)
10 SYSTEMPATH/Boot.php(334): CodeIgniter\CodeIgniter->run()
11 SYSTEMPATH/Boot.php(67): CodeIgniter\Boot::runCodeIgniter(Object(CodeIgniter\CodeIgniter))
12 FCPATH/index.php(56): CodeIgniter\Boot::bootWeb(Object(Config\Paths))
WARNING - 2025-02-07 17:53:46 --> [DEPRECATED] Passing lowercase HTTP method "post" is deprecated. Use uppercase HTTP method like "POST". in SYSTEMPATH/Router/RouteCollection.php on line 1026.
 1 SYSTEMPATH/Router/RouteCollection.php(1026): trigger_error('Passing lowercase HTTP method "post" is deprecated. Use uppercase HTTP method like "POST".', 16384)
 2 ROOTPATH/Modules/Home/Config/Routes.php(12): CodeIgniter\Router\RouteCollection->match([...], '/', 'Home::index')
 3 SYSTEMPATH/Router/RouteCollection.php(799): CodeIgniter\Router\RouteCollection->{closure}(Object(CodeIgniter\Router\RouteCollection))
 4 ROOTPATH/Modules/Home/Config/Routes.php(9): CodeIgniter\Router\RouteCollection->group('', [...], Object(Closure))
 5 SYSTEMPATH/Router/RouteCollection.php(372): include('/Users/alanmartin/Sites/localhost/hmvc-master/Ci4/Modules/Home/Config/Routes.php')
 6 SYSTEMPATH/Router/RouteCollection.php(342): CodeIgniter\Router\RouteCollection->discoverRoutes()
 7 SYSTEMPATH/CodeIgniter.php(821): CodeIgniter\Router\RouteCollection->loadRoutes()
 8 SYSTEMPATH/CodeIgniter.php(455): CodeIgniter\CodeIgniter->tryToRouteIt(null)
 9 SYSTEMPATH/CodeIgniter.php(354): CodeIgniter\CodeIgniter->handleRequest(null, Object(Config\Cache), false)
10 SYSTEMPATH/Boot.php(334): CodeIgniter\CodeIgniter->run()
11 SYSTEMPATH/Boot.php(67): CodeIgniter\Boot::runCodeIgniter(Object(CodeIgniter\CodeIgniter))
12 FCPATH/index.php(56): CodeIgniter\Boot::bootWeb(Object(Config\Paths))
WARNING - 2025-02-07 17:53:46 --> [DEPRECATED] Passing lowercase HTTP method "get" is deprecated. Use uppercase HTTP method like "GET". in SYSTEMPATH/Router/RouteCollection.php on line 1026.
 1 SYSTEMPATH/Router/RouteCollection.php(1026): trigger_error('Passing lowercase HTTP method "get" is deprecated. Use uppercase HTTP method like "GET".', 16384)
 2 ROOTPATH/Modules/Home/Config/Routes.php(13): CodeIgniter\Router\RouteCollection->match([...], 'docs', 'Home::docs')
 3 SYSTEMPATH/Router/RouteCollection.php(799): CodeIgniter\Router\RouteCollection->{closure}(Object(CodeIgniter\Router\RouteCollection))
 4 ROOTPATH/Modules/Home/Config/Routes.php(9): CodeIgniter\Router\RouteCollection->group('', [...], Object(Closure))
 5 SYSTEMPATH/Router/RouteCollection.php(372): include('/Users/alanmartin/Sites/localhost/hmvc-master/Ci4/Modules/Home/Config/Routes.php')
 6 SYSTEMPATH/Router/RouteCollection.php(342): CodeIgniter\Router\RouteCollection->discoverRoutes()
 7 SYSTEMPATH/CodeIgniter.php(821): CodeIgniter\Router\RouteCollection->loadRoutes()
 8 SYSTEMPATH/CodeIgniter.php(455): CodeIgniter\CodeIgniter->tryToRouteIt(null)
 9 SYSTEMPATH/CodeIgniter.php(354): CodeIgniter\CodeIgniter->handleRequest(null, Object(Config\Cache), false)
10 SYSTEMPATH/Boot.php(334): CodeIgniter\CodeIgniter->run()
11 SYSTEMPATH/Boot.php(67): CodeIgniter\Boot::runCodeIgniter(Object(CodeIgniter\CodeIgniter))
12 FCPATH/index.php(56): CodeIgniter\Boot::bootWeb(Object(Config\Paths))
WARNING - 2025-02-07 17:53:46 --> [DEPRECATED] Passing lowercase HTTP method "post" is deprecated. Use uppercase HTTP method like "POST". in SYSTEMPATH/Router/RouteCollection.php on line 1026.
 1 SYSTEMPATH/Router/RouteCollection.php(1026): trigger_error('Passing lowercase HTTP method "post" is deprecated. Use uppercase HTTP method like "POST".', 16384)
 2 ROOTPATH/Modules/Home/Config/Routes.php(13): CodeIgniter\Router\RouteCollection->match([...], 'docs', 'Home::docs')
 3 SYSTEMPATH/Router/RouteCollection.php(799): CodeIgniter\Router\RouteCollection->{closure}(Object(CodeIgniter\Router\RouteCollection))
 4 ROOTPATH/Modules/Home/Config/Routes.php(9): CodeIgniter\Router\RouteCollection->group('', [...], Object(Closure))
 5 SYSTEMPATH/Router/RouteCollection.php(372): include('/Users/alanmartin/Sites/localhost/hmvc-master/Ci4/Modules/Home/Config/Routes.php')
 6 SYSTEMPATH/Router/RouteCollection.php(342): CodeIgniter\Router\RouteCollection->discoverRoutes()
 7 SYSTEMPATH/CodeIgniter.php(821): CodeIgniter\Router\RouteCollection->loadRoutes()
 8 SYSTEMPATH/CodeIgniter.php(455): CodeIgniter\CodeIgniter->tryToRouteIt(null)
 9 SYSTEMPATH/CodeIgniter.php(354): CodeIgniter\CodeIgniter->handleRequest(null, Object(Config\Cache), false)
10 SYSTEMPATH/Boot.php(334): CodeIgniter\CodeIgniter->run()
11 SYSTEMPATH/Boot.php(67): CodeIgniter\Boot::runCodeIgniter(Object(CodeIgniter\CodeIgniter))
12 FCPATH/index.php(56): CodeIgniter\Boot::bootWeb(Object(Config\Paths))
WARNING - 2025-02-07 17:53:46 --> [DEPRECATED] Passing lowercase HTTP method "get" is deprecated. Use uppercase HTTP method like "GET". in SYSTEMPATH/Router/RouteCollection.php on line 1026.
 1 SYSTEMPATH/Router/RouteCollection.php(1026): trigger_error('Passing lowercase HTTP method "get" is deprecated. Use uppercase HTTP method like "GET".', 16384)
 2 ROOTPATH/Modules/Templates/Config/Routes.php(7): CodeIgniter\Router\RouteCollection->match([...], '/', 'Templates::index')
 3 SYSTEMPATH/Router/RouteCollection.php(799): CodeIgniter\Router\RouteCollection::{closure}(Object(CodeIgniter\Router\RouteCollection))
 4 ROOTPATH/Modules/Templates/Config/Routes.php(4): CodeIgniter\Router\RouteCollection->group('', [...], Object(Closure))
 5 SYSTEMPATH/Router/RouteCollection.php(372): include('/Users/alanmartin/Sites/localhost/hmvc-master/Ci4/Modules/Templates/Config/Routes.php')
 6 SYSTEMPATH/Router/RouteCollection.php(342): CodeIgniter\Router\RouteCollection->discoverRoutes()
 7 SYSTEMPATH/CodeIgniter.php(821): CodeIgniter\Router\RouteCollection->loadRoutes()
 8 SYSTEMPATH/CodeIgniter.php(455): CodeIgniter\CodeIgniter->tryToRouteIt(null)
 9 SYSTEMPATH/CodeIgniter.php(354): CodeIgniter\CodeIgniter->handleRequest(null, Object(Config\Cache), false)
10 SYSTEMPATH/Boot.php(334): CodeIgniter\CodeIgniter->run()
11 SYSTEMPATH/Boot.php(67): CodeIgniter\Boot::runCodeIgniter(Object(CodeIgniter\CodeIgniter))
12 FCPATH/index.php(56): CodeIgniter\Boot::bootWeb(Object(Config\Paths))
WARNING - 2025-02-07 17:53:46 --> [DEPRECATED] Passing lowercase HTTP method "post" is deprecated. Use uppercase HTTP method like "POST". in SYSTEMPATH/Router/RouteCollection.php on line 1026.
 1 SYSTEMPATH/Router/RouteCollection.php(1026): trigger_error('Passing lowercase HTTP method "post" is deprecated. Use uppercase HTTP method like "POST".', 16384)
 2 ROOTPATH/Modules/Templates/Config/Routes.php(7): CodeIgniter\Router\RouteCollection->match([...], '/', 'Templates::index')
 3 SYSTEMPATH/Router/RouteCollection.php(799): CodeIgniter\Router\RouteCollection::{closure}(Object(CodeIgniter\Router\RouteCollection))
 4 ROOTPATH/Modules/Templates/Config/Routes.php(4): CodeIgniter\Router\RouteCollection->group('', [...], Object(Closure))
 5 SYSTEMPATH/Router/RouteCollection.php(372): include('/Users/alanmartin/Sites/localhost/hmvc-master/Ci4/Modules/Templates/Config/Routes.php')
 6 SYSTEMPATH/Router/RouteCollection.php(342): CodeIgniter\Router\RouteCollection->discoverRoutes()
 7 SYSTEMPATH/CodeIgniter.php(821): CodeIgniter\Router\RouteCollection->loadRoutes()
 8 SYSTEMPATH/CodeIgniter.php(455): CodeIgniter\CodeIgniter->tryToRouteIt(null)
 9 SYSTEMPATH/CodeIgniter.php(354): CodeIgniter\CodeIgniter->handleRequest(null, Object(Config\Cache), false)
10 SYSTEMPATH/Boot.php(334): CodeIgniter\CodeIgniter->run()
11 SYSTEMPATH/Boot.php(67): CodeIgniter\Boot::runCodeIgniter(Object(CodeIgniter\CodeIgniter))
12 FCPATH/index.php(56): CodeIgniter\Boot::bootWeb(Object(Config\Paths))
DEBUG - 2025-02-07 17:53:47 --> Session: Class initialized using 'CodeIgniter\Session\Handlers\FileHandler' driver.
WARNING - 2025-02-07 17:53:47 --> [DEPRECATED] Passing lowercase HTTP method "get" is deprecated. Use uppercase HTTP method like "GET". in SYSTEMPATH/Router/RouteCollection.php on line 1026.
 1 SYSTEMPATH/Router/RouteCollection.php(1026): trigger_error('Passing lowercase HTTP method "get" is deprecated. Use uppercase HTTP method like "GET".', 16384)
 2 ROOTPATH/Modules/Home/Config/Routes.php(12): CodeIgniter\Router\RouteCollection->match([...], '/', 'Home::index')
 3 SYSTEMPATH/Router/RouteCollection.php(799): CodeIgniter\Router\RouteCollection->{closure}(Object(CodeIgniter\Router\RouteCollection))
 4 ROOTPATH/Modules/Home/Config/Routes.php(9): CodeIgniter\Router\RouteCollection->group('', [...], Object(Closure))
 5 SYSTEMPATH/Router/RouteCollection.php(372): include('/Users/alanmartin/Sites/localhost/hmvc-master/Ci4/Modules/Home/Config/Routes.php')
 6 SYSTEMPATH/Router/RouteCollection.php(342): CodeIgniter\Router\RouteCollection->discoverRoutes()
 7 SYSTEMPATH/CodeIgniter.php(821): CodeIgniter\Router\RouteCollection->loadRoutes()
 8 SYSTEMPATH/CodeIgniter.php(455): CodeIgniter\CodeIgniter->tryToRouteIt(null)
 9 SYSTEMPATH/CodeIgniter.php(354): CodeIgniter\CodeIgniter->handleRequest(null, Object(Config\Cache), false)
10 SYSTEMPATH/Boot.php(334): CodeIgniter\CodeIgniter->run()
11 SYSTEMPATH/Boot.php(67): CodeIgniter\Boot::runCodeIgniter(Object(CodeIgniter\CodeIgniter))
12 FCPATH/index.php(56): CodeIgniter\Boot::bootWeb(Object(Config\Paths))
WARNING - 2025-02-07 17:53:47 --> [DEPRECATED] Passing lowercase HTTP method "post" is deprecated. Use uppercase HTTP method like "POST". in SYSTEMPATH/Router/RouteCollection.php on line 1026.
 1 SYSTEMPATH/Router/RouteCollection.php(1026): trigger_error('Passing lowercase HTTP method "post" is deprecated. Use uppercase HTTP method like "POST".', 16384)
 2 ROOTPATH/Modules/Home/Config/Routes.php(12): CodeIgniter\Router\RouteCollection->match([...], '/', 'Home::index')
 3 SYSTEMPATH/Router/RouteCollection.php(799): CodeIgniter\Router\RouteCollection->{closure}(Object(CodeIgniter\Router\RouteCollection))
 4 ROOTPATH/Modules/Home/Config/Routes.php(9): CodeIgniter\Router\RouteCollection->group('', [...], Object(Closure))
 5 SYSTEMPATH/Router/RouteCollection.php(372): include('/Users/alanmartin/Sites/localhost/hmvc-master/Ci4/Modules/Home/Config/Routes.php')
 6 SYSTEMPATH/Router/RouteCollection.php(342): CodeIgniter\Router\RouteCollection->discoverRoutes()
 7 SYSTEMPATH/CodeIgniter.php(821): CodeIgniter\Router\RouteCollection->loadRoutes()
 8 SYSTEMPATH/CodeIgniter.php(455): CodeIgniter\CodeIgniter->tryToRouteIt(null)
 9 SYSTEMPATH/CodeIgniter.php(354): CodeIgniter\CodeIgniter->handleRequest(null, Object(Config\Cache), false)
10 SYSTEMPATH/Boot.php(334): CodeIgniter\CodeIgniter->run()
11 SYSTEMPATH/Boot.php(67): CodeIgniter\Boot::runCodeIgniter(Object(CodeIgniter\CodeIgniter))
12 FCPATH/index.php(56): CodeIgniter\Boot::bootWeb(Object(Config\Paths))
WARNING - 2025-02-07 17:53:47 --> [DEPRECATED] Passing lowercase HTTP method "get" is deprecated. Use uppercase HTTP method like "GET". in SYSTEMPATH/Router/RouteCollection.php on line 1026.
 1 SYSTEMPATH/Router/RouteCollection.php(1026): trigger_error('Passing lowercase HTTP method "get" is deprecated. Use uppercase HTTP method like "GET".', 16384)
 2 ROOTPATH/Modules/Home/Config/Routes.php(13): CodeIgniter\Router\RouteCollection->match([...], 'docs', 'Home::docs')
 3 SYSTEMPATH/Router/RouteCollection.php(799): CodeIgniter\Router\RouteCollection->{closure}(Object(CodeIgniter\Router\RouteCollection))
 4 ROOTPATH/Modules/Home/Config/Routes.php(9): CodeIgniter\Router\RouteCollection->group('', [...], Object(Closure))
 5 SYSTEMPATH/Router/RouteCollection.php(372): include('/Users/alanmartin/Sites/localhost/hmvc-master/Ci4/Modules/Home/Config/Routes.php')
 6 SYSTEMPATH/Router/RouteCollection.php(342): CodeIgniter\Router\RouteCollection->discoverRoutes()
 7 SYSTEMPATH/CodeIgniter.php(821): CodeIgniter\Router\RouteCollection->loadRoutes()
 8 SYSTEMPATH/CodeIgniter.php(455): CodeIgniter\CodeIgniter->tryToRouteIt(null)
 9 SYSTEMPATH/CodeIgniter.php(354): CodeIgniter\CodeIgniter->handleRequest(null, Object(Config\Cache), false)
10 SYSTEMPATH/Boot.php(334): CodeIgniter\CodeIgniter->run()
11 SYSTEMPATH/Boot.php(67): CodeIgniter\Boot::runCodeIgniter(Object(CodeIgniter\CodeIgniter))
12 FCPATH/index.php(56): CodeIgniter\Boot::bootWeb(Object(Config\Paths))
WARNING - 2025-02-07 17:53:47 --> [DEPRECATED] Passing lowercase HTTP method "post" is deprecated. Use uppercase HTTP method like "POST". in SYSTEMPATH/Router/RouteCollection.php on line 1026.
 1 SYSTEMPATH/Router/RouteCollection.php(1026): trigger_error('Passing lowercase HTTP method "post" is deprecated. Use uppercase HTTP method like "POST".', 16384)
 2 ROOTPATH/Modules/Home/Config/Routes.php(13): CodeIgniter\Router\RouteCollection->match([...], 'docs', 'Home::docs')
 3 SYSTEMPATH/Router/RouteCollection.php(799): CodeIgniter\Router\RouteCollection->{closure}(Object(CodeIgniter\Router\RouteCollection))
 4 ROOTPATH/Modules/Home/Config/Routes.php(9): CodeIgniter\Router\RouteCollection->group('', [...], Object(Closure))
 5 SYSTEMPATH/Router/RouteCollection.php(372): include('/Users/alanmartin/Sites/localhost/hmvc-master/Ci4/Modules/Home/Config/Routes.php')
 6 SYSTEMPATH/Router/RouteCollection.php(342): CodeIgniter\Router\RouteCollection->discoverRoutes()
 7 SYSTEMPATH/CodeIgniter.php(821): CodeIgniter\Router\RouteCollection->loadRoutes()
 8 SYSTEMPATH/CodeIgniter.php(455): CodeIgniter\CodeIgniter->tryToRouteIt(null)
 9 SYSTEMPATH/CodeIgniter.php(354): CodeIgniter\CodeIgniter->handleRequest(null, Object(Config\Cache), false)
10 SYSTEMPATH/Boot.php(334): CodeIgniter\CodeIgniter->run()
11 SYSTEMPATH/Boot.php(67): CodeIgniter\Boot::runCodeIgniter(Object(CodeIgniter\CodeIgniter))
12 FCPATH/index.php(56): CodeIgniter\Boot::bootWeb(Object(Config\Paths))
WARNING - 2025-02-07 17:53:47 --> [DEPRECATED] Passing lowercase HTTP method "get" is deprecated. Use uppercase HTTP method like "GET". in SYSTEMPATH/Router/RouteCollection.php on line 1026.
 1 SYSTEMPATH/Router/RouteCollection.php(1026): trigger_error('Passing lowercase HTTP method "get" is deprecated. Use uppercase HTTP method like "GET".', 16384)
 2 ROOTPATH/Modules/Templates/Config/Routes.php(7): CodeIgniter\Router\RouteCollection->match([...], '/', 'Templates::index')
 3 SYSTEMPATH/Router/RouteCollection.php(799): CodeIgniter\Router\RouteCollection::{closure}(Object(CodeIgniter\Router\RouteCollection))
 4 ROOTPATH/Modules/Templates/Config/Routes.php(4): CodeIgniter\Router\RouteCollection->group('', [...], Object(Closure))
 5 SYSTEMPATH/Router/RouteCollection.php(372): include('/Users/alanmartin/Sites/localhost/hmvc-master/Ci4/Modules/Templates/Config/Routes.php')
 6 SYSTEMPATH/Router/RouteCollection.php(342): CodeIgniter\Router\RouteCollection->discoverRoutes()
 7 SYSTEMPATH/CodeIgniter.php(821): CodeIgniter\Router\RouteCollection->loadRoutes()
 8 SYSTEMPATH/CodeIgniter.php(455): CodeIgniter\CodeIgniter->tryToRouteIt(null)
 9 SYSTEMPATH/CodeIgniter.php(354): CodeIgniter\CodeIgniter->handleRequest(null, Object(Config\Cache), false)
10 SYSTEMPATH/Boot.php(334): CodeIgniter\CodeIgniter->run()
11 SYSTEMPATH/Boot.php(67): CodeIgniter\Boot::runCodeIgniter(Object(CodeIgniter\CodeIgniter))
12 FCPATH/index.php(56): CodeIgniter\Boot::bootWeb(Object(Config\Paths))
WARNING - 2025-02-07 17:53:47 --> [DEPRECATED] Passing lowercase HTTP method "post" is deprecated. Use uppercase HTTP method like "POST". in SYSTEMPATH/Router/RouteCollection.php on line 1026.
 1 SYSTEMPATH/Router/RouteCollection.php(1026): trigger_error('Passing lowercase HTTP method "post" is deprecated. Use uppercase HTTP method like "POST".', 16384)
 2 ROOTPATH/Modules/Templates/Config/Routes.php(7): CodeIgniter\Router\RouteCollection->match([...], '/', 'Templates::index')
 3 SYSTEMPATH/Router/RouteCollection.php(799): CodeIgniter\Router\RouteCollection::{closure}(Object(CodeIgniter\Router\RouteCollection))
 4 ROOTPATH/Modules/Templates/Config/Routes.php(4): CodeIgniter\Router\RouteCollection->group('', [...], Object(Closure))
 5 SYSTEMPATH/Router/RouteCollection.php(372): include('/Users/alanmartin/Sites/localhost/hmvc-master/Ci4/Modules/Templates/Config/Routes.php')
 6 SYSTEMPATH/Router/RouteCollection.php(342): CodeIgniter\Router\RouteCollection->discoverRoutes()
 7 SYSTEMPATH/CodeIgniter.php(821): CodeIgniter\Router\RouteCollection->loadRoutes()
 8 SYSTEMPATH/CodeIgniter.php(455): CodeIgniter\CodeIgniter->tryToRouteIt(null)
 9 SYSTEMPATH/CodeIgniter.php(354): CodeIgniter\CodeIgniter->handleRequest(null, Object(Config\Cache), false)
10 SYSTEMPATH/Boot.php(334): CodeIgniter\CodeIgniter->run()
11 SYSTEMPATH/Boot.php(67): CodeIgniter\Boot::runCodeIgniter(Object(CodeIgniter\CodeIgniter))
12 FCPATH/index.php(56): CodeIgniter\Boot::bootWeb(Object(Config\Paths))
DEBUG - 2025-02-07 17:53:47 --> Session: Class initialized using 'CodeIgniter\Session\Handlers\FileHandler' driver.
WARNING - 2025-02-07 17:53:47 --> [DEPRECATED] Creation of dynamic property Modules\Quiz\Controllers\Quiz::$db is deprecated in ROOTPATH/Modules/Quiz/Controllers/Quiz.php on line 40.
 1 SYSTEMPATH/CodeIgniter.php(903): Modules\Quiz\Controllers\Quiz->__construct()
 2 SYSTEMPATH/CodeIgniter.php(498): CodeIgniter\CodeIgniter->createController()
 3 SYSTEMPATH/CodeIgniter.php(354): CodeIgniter\CodeIgniter->handleRequest(null, Object(Config\Cache), false)
 4 SYSTEMPATH/Boot.php(334): CodeIgniter\CodeIgniter->run()
 5 SYSTEMPATH/Boot.php(67): CodeIgniter\Boot::runCodeIgniter(Object(CodeIgniter\CodeIgniter))
 6 FCPATH/index.php(56): CodeIgniter\Boot::bootWeb(Object(Config\Paths))
WARNING - 2025-02-07 17:53:47 --> Session: Sessions is enabled, and one exists. Please don't $session->start();
WARNING - 2025-02-07 17:53:47 --> [DEPRECATED] Creation of dynamic property Modules\Quiz\Model\QuizModel::$user is deprecated in ROOTPATH/Modules/Quiz/Model/QuizModel.php on line 108.
 1 ROOTPATH/Modules/Quiz/Controllers/Quiz.php(305): Modules\Quiz\Model\QuizModel->get_quiz()
 2 SYSTEMPATH/CodeIgniter.php(933): Modules\Quiz\Controllers\Quiz->display()
 3 SYSTEMPATH/CodeIgniter.php(507): CodeIgniter\CodeIgniter->runController(Object(Modules\Quiz\Controllers\Quiz))
 4 SYSTEMPATH/CodeIgniter.php(354): CodeIgniter\CodeIgniter->handleRequest(null, Object(Config\Cache), false)
 5 SYSTEMPATH/Boot.php(334): CodeIgniter\CodeIgniter->run()
 6 SYSTEMPATH/Boot.php(67): CodeIgniter\Boot::runCodeIgniter(Object(CodeIgniter\CodeIgniter))
 7 FCPATH/index.php(56): CodeIgniter\Boot::bootWeb(Object(Config\Paths))
DEBUG - 2025-02-07 17:53:47 --> Session: Class initialized using 'CodeIgniter\Session\Handlers\FileHandler' driver.
WARNING - 2025-02-07 17:53:50 --> [DEPRECATED] Passing lowercase HTTP method "get" is deprecated. Use uppercase HTTP method like "GET". in SYSTEMPATH/Router/RouteCollection.php on line 1026.
 1 SYSTEMPATH/Router/RouteCollection.php(1026): trigger_error('Passing lowercase HTTP method "get" is deprecated. Use uppercase HTTP method like "GET".', 16384)
 2 ROOTPATH/Modules/Home/Config/Routes.php(12): CodeIgniter\Router\RouteCollection->match([...], '/', 'Home::index')
 3 SYSTEMPATH/Router/RouteCollection.php(799): CodeIgniter\Router\RouteCollection->{closure}(Object(CodeIgniter\Router\RouteCollection))
 4 ROOTPATH/Modules/Home/Config/Routes.php(9): CodeIgniter\Router\RouteCollection->group('', [...], Object(Closure))
 5 SYSTEMPATH/Router/RouteCollection.php(372): include('/Users/alanmartin/Sites/localhost/hmvc-master/Ci4/Modules/Home/Config/Routes.php')
 6 SYSTEMPATH/Router/RouteCollection.php(342): CodeIgniter\Router\RouteCollection->discoverRoutes()
 7 SYSTEMPATH/CodeIgniter.php(821): CodeIgniter\Router\RouteCollection->loadRoutes()
 8 SYSTEMPATH/CodeIgniter.php(455): CodeIgniter\CodeIgniter->tryToRouteIt(null)
 9 SYSTEMPATH/CodeIgniter.php(354): CodeIgniter\CodeIgniter->handleRequest(null, Object(Config\Cache), false)
10 SYSTEMPATH/Boot.php(334): CodeIgniter\CodeIgniter->run()
11 SYSTEMPATH/Boot.php(67): CodeIgniter\Boot::runCodeIgniter(Object(CodeIgniter\CodeIgniter))
12 FCPATH/index.php(56): CodeIgniter\Boot::bootWeb(Object(Config\Paths))
WARNING - 2025-02-07 17:53:50 --> [DEPRECATED] Passing lowercase HTTP method "post" is deprecated. Use uppercase HTTP method like "POST". in SYSTEMPATH/Router/RouteCollection.php on line 1026.
 1 SYSTEMPATH/Router/RouteCollection.php(1026): trigger_error('Passing lowercase HTTP method "post" is deprecated. Use uppercase HTTP method like "POST".', 16384)
 2 ROOTPATH/Modules/Home/Config/Routes.php(12): CodeIgniter\Router\RouteCollection->match([...], '/', 'Home::index')
 3 SYSTEMPATH/Router/RouteCollection.php(799): CodeIgniter\Router\RouteCollection->{closure}(Object(CodeIgniter\Router\RouteCollection))
 4 ROOTPATH/Modules/Home/Config/Routes.php(9): CodeIgniter\Router\RouteCollection->group('', [...], Object(Closure))
 5 SYSTEMPATH/Router/RouteCollection.php(372): include('/Users/alanmartin/Sites/localhost/hmvc-master/Ci4/Modules/Home/Config/Routes.php')
 6 SYSTEMPATH/Router/RouteCollection.php(342): CodeIgniter\Router\RouteCollection->discoverRoutes()
 7 SYSTEMPATH/CodeIgniter.php(821): CodeIgniter\Router\RouteCollection->loadRoutes()
 8 SYSTEMPATH/CodeIgniter.php(455): CodeIgniter\CodeIgniter->tryToRouteIt(null)
 9 SYSTEMPATH/CodeIgniter.php(354): CodeIgniter\CodeIgniter->handleRequest(null, Object(Config\Cache), false)
10 SYSTEMPATH/Boot.php(334): CodeIgniter\CodeIgniter->run()
11 SYSTEMPATH/Boot.php(67): CodeIgniter\Boot::runCodeIgniter(Object(CodeIgniter\CodeIgniter))
12 FCPATH/index.php(56): CodeIgniter\Boot::bootWeb(Object(Config\Paths))
WARNING - 2025-02-07 17:53:50 --> [DEPRECATED] Passing lowercase HTTP method "get" is deprecated. Use uppercase HTTP method like "GET". in SYSTEMPATH/Router/RouteCollection.php on line 1026.
 1 SYSTEMPATH/Router/RouteCollection.php(1026): trigger_error('Passing lowercase HTTP method "get" is deprecated. Use uppercase HTTP method like "GET".', 16384)
 2 ROOTPATH/Modules/Home/Config/Routes.php(13): CodeIgniter\Router\RouteCollection->match([...], 'docs', 'Home::docs')
 3 SYSTEMPATH/Router/RouteCollection.php(799): CodeIgniter\Router\RouteCollection->{closure}(Object(CodeIgniter\Router\RouteCollection))
 4 ROOTPATH/Modules/Home/Config/Routes.php(9): CodeIgniter\Router\RouteCollection->group('', [...], Object(Closure))
 5 SYSTEMPATH/Router/RouteCollection.php(372): include('/Users/alanmartin/Sites/localhost/hmvc-master/Ci4/Modules/Home/Config/Routes.php')
 6 SYSTEMPATH/Router/RouteCollection.php(342): CodeIgniter\Router\RouteCollection->discoverRoutes()
 7 SYSTEMPATH/CodeIgniter.php(821): CodeIgniter\Router\RouteCollection->loadRoutes()
 8 SYSTEMPATH/CodeIgniter.php(455): CodeIgniter\CodeIgniter->tryToRouteIt(null)
 9 SYSTEMPATH/CodeIgniter.php(354): CodeIgniter\CodeIgniter->handleRequest(null, Object(Config\Cache), false)
10 SYSTEMPATH/Boot.php(334): CodeIgniter\CodeIgniter->run()
11 SYSTEMPATH/Boot.php(67): CodeIgniter\Boot::runCodeIgniter(Object(CodeIgniter\CodeIgniter))
12 FCPATH/index.php(56): CodeIgniter\Boot::bootWeb(Object(Config\Paths))
WARNING - 2025-02-07 17:53:50 --> [DEPRECATED] Passing lowercase HTTP method "post" is deprecated. Use uppercase HTTP method like "POST". in SYSTEMPATH/Router/RouteCollection.php on line 1026.
 1 SYSTEMPATH/Router/RouteCollection.php(1026): trigger_error('Passing lowercase HTTP method "post" is deprecated. Use uppercase HTTP method like "POST".', 16384)
 2 ROOTPATH/Modules/Home/Config/Routes.php(13): CodeIgniter\Router\RouteCollection->match([...], 'docs', 'Home::docs')
 3 SYSTEMPATH/Router/RouteCollection.php(799): CodeIgniter\Router\RouteCollection->{closure}(Object(CodeIgniter\Router\RouteCollection))
 4 ROOTPATH/Modules/Home/Config/Routes.php(9): CodeIgniter\Router\RouteCollection->group('', [...], Object(Closure))
 5 SYSTEMPATH/Router/RouteCollection.php(372): include('/Users/alanmartin/Sites/localhost/hmvc-master/Ci4/Modules/Home/Config/Routes.php')
 6 SYSTEMPATH/Router/RouteCollection.php(342): CodeIgniter\Router\RouteCollection->discoverRoutes()
 7 SYSTEMPATH/CodeIgniter.php(821): CodeIgniter\Router\RouteCollection->loadRoutes()
 8 SYSTEMPATH/CodeIgniter.php(455): CodeIgniter\CodeIgniter->tryToRouteIt(null)
 9 SYSTEMPATH/CodeIgniter.php(354): CodeIgniter\CodeIgniter->handleRequest(null, Object(Config\Cache), false)
10 SYSTEMPATH/Boot.php(334): CodeIgniter\CodeIgniter->run()
11 SYSTEMPATH/Boot.php(67): CodeIgniter\Boot::runCodeIgniter(Object(CodeIgniter\CodeIgniter))
12 FCPATH/index.php(56): CodeIgniter\Boot::bootWeb(Object(Config\Paths))
WARNING - 2025-02-07 17:53:50 --> [DEPRECATED] Passing lowercase HTTP method "get" is deprecated. Use uppercase HTTP method like "GET". in SYSTEMPATH/Router/RouteCollection.php on line 1026.
 1 SYSTEMPATH/Router/RouteCollection.php(1026): trigger_error('Passing lowercase HTTP method "get" is deprecated. Use uppercase HTTP method like "GET".', 16384)
 2 ROOTPATH/Modules/Templates/Config/Routes.php(7): CodeIgniter\Router\RouteCollection->match([...], '/', 'Templates::index')
 3 SYSTEMPATH/Router/RouteCollection.php(799): CodeIgniter\Router\RouteCollection::{closure}(Object(CodeIgniter\Router\RouteCollection))
 4 ROOTPATH/Modules/Templates/Config/Routes.php(4): CodeIgniter\Router\RouteCollection->group('', [...], Object(Closure))
 5 SYSTEMPATH/Router/RouteCollection.php(372): include('/Users/alanmartin/Sites/localhost/hmvc-master/Ci4/Modules/Templates/Config/Routes.php')
 6 SYSTEMPATH/Router/RouteCollection.php(342): CodeIgniter\Router\RouteCollection->discoverRoutes()
 7 SYSTEMPATH/CodeIgniter.php(821): CodeIgniter\Router\RouteCollection->loadRoutes()
 8 SYSTEMPATH/CodeIgniter.php(455): CodeIgniter\CodeIgniter->tryToRouteIt(null)
 9 SYSTEMPATH/CodeIgniter.php(354): CodeIgniter\CodeIgniter->handleRequest(null, Object(Config\Cache), false)
10 SYSTEMPATH/Boot.php(334): CodeIgniter\CodeIgniter->run()
11 SYSTEMPATH/Boot.php(67): CodeIgniter\Boot::runCodeIgniter(Object(CodeIgniter\CodeIgniter))
12 FCPATH/index.php(56): CodeIgniter\Boot::bootWeb(Object(Config\Paths))
WARNING - 2025-02-07 17:53:50 --> [DEPRECATED] Passing lowercase HTTP method "post" is deprecated. Use uppercase HTTP method like "POST". in SYSTEMPATH/Router/RouteCollection.php on line 1026.
 1 SYSTEMPATH/Router/RouteCollection.php(1026): trigger_error('Passing lowercase HTTP method "post" is deprecated. Use uppercase HTTP method like "POST".', 16384)
 2 ROOTPATH/Modules/Templates/Config/Routes.php(7): CodeIgniter\Router\RouteCollection->match([...], '/', 'Templates::index')
 3 SYSTEMPATH/Router/RouteCollection.php(799): CodeIgniter\Router\RouteCollection::{closure}(Object(CodeIgniter\Router\RouteCollection))
 4 ROOTPATH/Modules/Templates/Config/Routes.php(4): CodeIgniter\Router\RouteCollection->group('', [...], Object(Closure))
 5 SYSTEMPATH/Router/RouteCollection.php(372): include('/Users/alanmartin/Sites/localhost/hmvc-master/Ci4/Modules/Templates/Config/Routes.php')
 6 SYSTEMPATH/Router/RouteCollection.php(342): CodeIgniter\Router\RouteCollection->discoverRoutes()
 7 SYSTEMPATH/CodeIgniter.php(821): CodeIgniter\Router\RouteCollection->loadRoutes()
 8 SYSTEMPATH/CodeIgniter.php(455): CodeIgniter\CodeIgniter->tryToRouteIt(null)
 9 SYSTEMPATH/CodeIgniter.php(354): CodeIgniter\CodeIgniter->handleRequest(null, Object(Config\Cache), false)
10 SYSTEMPATH/Boot.php(334): CodeIgniter\CodeIgniter->run()
11 SYSTEMPATH/Boot.php(67): CodeIgniter\Boot::runCodeIgniter(Object(CodeIgniter\CodeIgniter))
12 FCPATH/index.php(56): CodeIgniter\Boot::bootWeb(Object(Config\Paths))
DEBUG - 2025-02-07 17:53:50 --> Session: Class initialized using 'CodeIgniter\Session\Handlers\FileHandler' driver.
WARNING - 2025-02-07 17:53:50 --> [DEPRECATED] Creation of dynamic property Modules\Quiz\Controllers\Quiz::$db is deprecated in ROOTPATH/Modules/Quiz/Controllers/Quiz.php on line 40.
 1 SYSTEMPATH/CodeIgniter.php(903): Modules\Quiz\Controllers\Quiz->__construct()
 2 SYSTEMPATH/CodeIgniter.php(498): CodeIgniter\CodeIgniter->createController()
 3 SYSTEMPATH/CodeIgniter.php(354): CodeIgniter\CodeIgniter->handleRequest(null, Object(Config\Cache), false)
 4 SYSTEMPATH/Boot.php(334): CodeIgniter\CodeIgniter->run()
 5 SYSTEMPATH/Boot.php(67): CodeIgniter\Boot::runCodeIgniter(Object(CodeIgniter\CodeIgniter))
 6 FCPATH/index.php(56): CodeIgniter\Boot::bootWeb(Object(Config\Paths))
WARNING - 2025-02-07 17:53:50 --> Session: Sessions is enabled, and one exists. Please don't $session->start();
WARNING - 2025-02-07 17:53:50 --> [DEPRECATED] Creation of dynamic property Modules\Quiz\Model\QuizModel::$user is deprecated in ROOTPATH/Modules/Quiz/Model/QuizModel.php on line 60.
 1 ROOTPATH/Modules/Quiz/Controllers/Quiz.php(227): Modules\Quiz\Model\QuizModel->getNumRows()
 2 ROOTPATH/Modules/Quiz/Controllers/Quiz.php(269): Modules\Quiz\Controllers\Quiz->submit_create_form()
 3 SYSTEMPATH/CodeIgniter.php(933): Modules\Quiz\Controllers\Quiz->create()
 4 SYSTEMPATH/CodeIgniter.php(507): CodeIgniter\CodeIgniter->runController(Object(Modules\Quiz\Controllers\Quiz))
 5 SYSTEMPATH/CodeIgniter.php(354): CodeIgniter\CodeIgniter->handleRequest(null, Object(Config\Cache), false)
 6 SYSTEMPATH/Boot.php(334): CodeIgniter\CodeIgniter->run()
 7 SYSTEMPATH/Boot.php(67): CodeIgniter\Boot::runCodeIgniter(Object(CodeIgniter\CodeIgniter))
 8 FCPATH/index.php(56): CodeIgniter\Boot::bootWeb(Object(Config\Paths))
DEBUG - 2025-02-07 17:53:50 --> Session: Class initialized using 'CodeIgniter\Session\Handlers\FileHandler' driver.
WARNING - 2025-02-07 17:53:54 --> [DEPRECATED] Passing lowercase HTTP method "get" is deprecated. Use uppercase HTTP method like "GET". in SYSTEMPATH/Router/RouteCollection.php on line 1026.
 1 SYSTEMPATH/Router/RouteCollection.php(1026): trigger_error('Passing lowercase HTTP method "get" is deprecated. Use uppercase HTTP method like "GET".', 16384)
 2 ROOTPATH/Modules/Home/Config/Routes.php(12): CodeIgniter\Router\RouteCollection->match([...], '/', 'Home::index')
 3 SYSTEMPATH/Router/RouteCollection.php(799): CodeIgniter\Router\RouteCollection->{closure}(Object(CodeIgniter\Router\RouteCollection))
 4 ROOTPATH/Modules/Home/Config/Routes.php(9): CodeIgniter\Router\RouteCollection->group('', [...], Object(Closure))
 5 SYSTEMPATH/Router/RouteCollection.php(372): include('/Users/alanmartin/Sites/localhost/hmvc-master/Ci4/Modules/Home/Config/Routes.php')
 6 SYSTEMPATH/Router/RouteCollection.php(342): CodeIgniter\Router\RouteCollection->discoverRoutes()
 7 SYSTEMPATH/CodeIgniter.php(821): CodeIgniter\Router\RouteCollection->loadRoutes()
 8 SYSTEMPATH/CodeIgniter.php(455): CodeIgniter\CodeIgniter->tryToRouteIt(null)
 9 SYSTEMPATH/CodeIgniter.php(354): CodeIgniter\CodeIgniter->handleRequest(null, Object(Config\Cache), false)
10 SYSTEMPATH/Boot.php(334): CodeIgniter\CodeIgniter->run()
11 SYSTEMPATH/Boot.php(67): CodeIgniter\Boot::runCodeIgniter(Object(CodeIgniter\CodeIgniter))
12 FCPATH/index.php(56): CodeIgniter\Boot::bootWeb(Object(Config\Paths))
WARNING - 2025-02-07 17:53:54 --> [DEPRECATED] Passing lowercase HTTP method "post" is deprecated. Use uppercase HTTP method like "POST". in SYSTEMPATH/Router/RouteCollection.php on line 1026.
 1 SYSTEMPATH/Router/RouteCollection.php(1026): trigger_error('Passing lowercase HTTP method "post" is deprecated. Use uppercase HTTP method like "POST".', 16384)
 2 ROOTPATH/Modules/Home/Config/Routes.php(12): CodeIgniter\Router\RouteCollection->match([...], '/', 'Home::index')
 3 SYSTEMPATH/Router/RouteCollection.php(799): CodeIgniter\Router\RouteCollection->{closure}(Object(CodeIgniter\Router\RouteCollection))
 4 ROOTPATH/Modules/Home/Config/Routes.php(9): CodeIgniter\Router\RouteCollection->group('', [...], Object(Closure))
 5 SYSTEMPATH/Router/RouteCollection.php(372): include('/Users/alanmartin/Sites/localhost/hmvc-master/Ci4/Modules/Home/Config/Routes.php')
 6 SYSTEMPATH/Router/RouteCollection.php(342): CodeIgniter\Router\RouteCollection->discoverRoutes()
 7 SYSTEMPATH/CodeIgniter.php(821): CodeIgniter\Router\RouteCollection->loadRoutes()
 8 SYSTEMPATH/CodeIgniter.php(455): CodeIgniter\CodeIgniter->tryToRouteIt(null)
 9 SYSTEMPATH/CodeIgniter.php(354): CodeIgniter\CodeIgniter->handleRequest(null, Object(Config\Cache), false)
10 SYSTEMPATH/Boot.php(334): CodeIgniter\CodeIgniter->run()
11 SYSTEMPATH/Boot.php(67): CodeIgniter\Boot::runCodeIgniter(Object(CodeIgniter\CodeIgniter))
12 FCPATH/index.php(56): CodeIgniter\Boot::bootWeb(Object(Config\Paths))
WARNING - 2025-02-07 17:53:54 --> [DEPRECATED] Passing lowercase HTTP method "get" is deprecated. Use uppercase HTTP method like "GET". in SYSTEMPATH/Router/RouteCollection.php on line 1026.
 1 SYSTEMPATH/Router/RouteCollection.php(1026): trigger_error('Passing lowercase HTTP method "get" is deprecated. Use uppercase HTTP method like "GET".', 16384)
 2 ROOTPATH/Modules/Home/Config/Routes.php(13): CodeIgniter\Router\RouteCollection->match([...], 'docs', 'Home::docs')
 3 SYSTEMPATH/Router/RouteCollection.php(799): CodeIgniter\Router\RouteCollection->{closure}(Object(CodeIgniter\Router\RouteCollection))
 4 ROOTPATH/Modules/Home/Config/Routes.php(9): CodeIgniter\Router\RouteCollection->group('', [...], Object(Closure))
 5 SYSTEMPATH/Router/RouteCollection.php(372): include('/Users/alanmartin/Sites/localhost/hmvc-master/Ci4/Modules/Home/Config/Routes.php')
 6 SYSTEMPATH/Router/RouteCollection.php(342): CodeIgniter\Router\RouteCollection->discoverRoutes()
 7 SYSTEMPATH/CodeIgniter.php(821): CodeIgniter\Router\RouteCollection->loadRoutes()
 8 SYSTEMPATH/CodeIgniter.php(455): CodeIgniter\CodeIgniter->tryToRouteIt(null)
 9 SYSTEMPATH/CodeIgniter.php(354): CodeIgniter\CodeIgniter->handleRequest(null, Object(Config\Cache), false)
10 SYSTEMPATH/Boot.php(334): CodeIgniter\CodeIgniter->run()
11 SYSTEMPATH/Boot.php(67): CodeIgniter\Boot::runCodeIgniter(Object(CodeIgniter\CodeIgniter))
12 FCPATH/index.php(56): CodeIgniter\Boot::bootWeb(Object(Config\Paths))
WARNING - 2025-02-07 17:53:54 --> [DEPRECATED] Passing lowercase HTTP method "post" is deprecated. Use uppercase HTTP method like "POST". in SYSTEMPATH/Router/RouteCollection.php on line 1026.
 1 SYSTEMPATH/Router/RouteCollection.php(1026): trigger_error('Passing lowercase HTTP method "post" is deprecated. Use uppercase HTTP method like "POST".', 16384)
 2 ROOTPATH/Modules/Home/Config/Routes.php(13): CodeIgniter\Router\RouteCollection->match([...], 'docs', 'Home::docs')
 3 SYSTEMPATH/Router/RouteCollection.php(799): CodeIgniter\Router\RouteCollection->{closure}(Object(CodeIgniter\Router\RouteCollection))
 4 ROOTPATH/Modules/Home/Config/Routes.php(9): CodeIgniter\Router\RouteCollection->group('', [...], Object(Closure))
 5 SYSTEMPATH/Router/RouteCollection.php(372): include('/Users/alanmartin/Sites/localhost/hmvc-master/Ci4/Modules/Home/Config/Routes.php')
 6 SYSTEMPATH/Router/RouteCollection.php(342): CodeIgniter\Router\RouteCollection->discoverRoutes()
 7 SYSTEMPATH/CodeIgniter.php(821): CodeIgniter\Router\RouteCollection->loadRoutes()
 8 SYSTEMPATH/CodeIgniter.php(455): CodeIgniter\CodeIgniter->tryToRouteIt(null)
 9 SYSTEMPATH/CodeIgniter.php(354): CodeIgniter\CodeIgniter->handleRequest(null, Object(Config\Cache), false)
10 SYSTEMPATH/Boot.php(334): CodeIgniter\CodeIgniter->run()
11 SYSTEMPATH/Boot.php(67): CodeIgniter\Boot::runCodeIgniter(Object(CodeIgniter\CodeIgniter))
12 FCPATH/index.php(56): CodeIgniter\Boot::bootWeb(Object(Config\Paths))
WARNING - 2025-02-07 17:53:54 --> [DEPRECATED] Passing lowercase HTTP method "get" is deprecated. Use uppercase HTTP method like "GET". in SYSTEMPATH/Router/RouteCollection.php on line 1026.
 1 SYSTEMPATH/Router/RouteCollection.php(1026): trigger_error('Passing lowercase HTTP method "get" is deprecated. Use uppercase HTTP method like "GET".', 16384)
 2 ROOTPATH/Modules/Templates/Config/Routes.php(7): CodeIgniter\Router\RouteCollection->match([...], '/', 'Templates::index')
 3 SYSTEMPATH/Router/RouteCollection.php(799): CodeIgniter\Router\RouteCollection::{closure}(Object(CodeIgniter\Router\RouteCollection))
 4 ROOTPATH/Modules/Templates/Config/Routes.php(4): CodeIgniter\Router\RouteCollection->group('', [...], Object(Closure))
 5 SYSTEMPATH/Router/RouteCollection.php(372): include('/Users/alanmartin/Sites/localhost/hmvc-master/Ci4/Modules/Templates/Config/Routes.php')
 6 SYSTEMPATH/Router/RouteCollection.php(342): CodeIgniter\Router\RouteCollection->discoverRoutes()
 7 SYSTEMPATH/CodeIgniter.php(821): CodeIgniter\Router\RouteCollection->loadRoutes()
 8 SYSTEMPATH/CodeIgniter.php(455): CodeIgniter\CodeIgniter->tryToRouteIt(null)
 9 SYSTEMPATH/CodeIgniter.php(354): CodeIgniter\CodeIgniter->handleRequest(null, Object(Config\Cache), false)
10 SYSTEMPATH/Boot.php(334): CodeIgniter\CodeIgniter->run()
11 SYSTEMPATH/Boot.php(67): CodeIgniter\Boot::runCodeIgniter(Object(CodeIgniter\CodeIgniter))
12 FCPATH/index.php(56): CodeIgniter\Boot::bootWeb(Object(Config\Paths))
WARNING - 2025-02-07 17:53:54 --> [DEPRECATED] Passing lowercase HTTP method "post" is deprecated. Use uppercase HTTP method like "POST". in SYSTEMPATH/Router/RouteCollection.php on line 1026.
 1 SYSTEMPATH/Router/RouteCollection.php(1026): trigger_error('Passing lowercase HTTP method "post" is deprecated. Use uppercase HTTP method like "POST".', 16384)
 2 ROOTPATH/Modules/Templates/Config/Routes.php(7): CodeIgniter\Router\RouteCollection->match([...], '/', 'Templates::index')
 3 SYSTEMPATH/Router/RouteCollection.php(799): CodeIgniter\Router\RouteCollection::{closure}(Object(CodeIgniter\Router\RouteCollection))
 4 ROOTPATH/Modules/Templates/Config/Routes.php(4): CodeIgniter\Router\RouteCollection->group('', [...], Object(Closure))
 5 SYSTEMPATH/Router/RouteCollection.php(372): include('/Users/alanmartin/Sites/localhost/hmvc-master/Ci4/Modules/Templates/Config/Routes.php')
 6 SYSTEMPATH/Router/RouteCollection.php(342): CodeIgniter\Router\RouteCollection->discoverRoutes()
 7 SYSTEMPATH/CodeIgniter.php(821): CodeIgniter\Router\RouteCollection->loadRoutes()
 8 SYSTEMPATH/CodeIgniter.php(455): CodeIgniter\CodeIgniter->tryToRouteIt(null)
 9 SYSTEMPATH/CodeIgniter.php(354): CodeIgniter\CodeIgniter->handleRequest(null, Object(Config\Cache), false)
10 SYSTEMPATH/Boot.php(334): CodeIgniter\CodeIgniter->run()
11 SYSTEMPATH/Boot.php(67): CodeIgniter\Boot::runCodeIgniter(Object(CodeIgniter\CodeIgniter))
12 FCPATH/index.php(56): CodeIgniter\Boot::bootWeb(Object(Config\Paths))
DEBUG - 2025-02-07 17:53:54 --> Session: Class initialized using 'CodeIgniter\Session\Handlers\FileHandler' driver.
WARNING - 2025-02-07 17:53:54 --> [DEPRECATED] Creation of dynamic property Modules\Quiz\Controllers\Quiz::$db is deprecated in ROOTPATH/Modules/Quiz/Controllers/Quiz.php on line 40.
 1 SYSTEMPATH/CodeIgniter.php(903): Modules\Quiz\Controllers\Quiz->__construct()
 2 SYSTEMPATH/CodeIgniter.php(498): CodeIgniter\CodeIgniter->createController()
 3 SYSTEMPATH/CodeIgniter.php(354): CodeIgniter\CodeIgniter->handleRequest(null, Object(Config\Cache), false)
 4 SYSTEMPATH/Boot.php(334): CodeIgniter\CodeIgniter->run()
 5 SYSTEMPATH/Boot.php(67): CodeIgniter\Boot::runCodeIgniter(Object(CodeIgniter\CodeIgniter))
 6 FCPATH/index.php(56): CodeIgniter\Boot::bootWeb(Object(Config\Paths))
WARNING - 2025-02-07 17:53:54 --> Session: Sessions is enabled, and one exists. Please don't $session->start();
WARNING - 2025-02-07 17:53:54 --> [DEPRECATED] Creation of dynamic property Modules\Quiz\Model\QuizModel::$user is deprecated in ROOTPATH/Modules/Quiz/Model/QuizModel.php on line 108.
 1 ROOTPATH/Modules/Quiz/Controllers/Quiz.php(305): Modules\Quiz\Model\QuizModel->get_quiz()
 2 SYSTEMPATH/CodeIgniter.php(933): Modules\Quiz\Controllers\Quiz->display()
 3 SYSTEMPATH/CodeIgniter.php(507): CodeIgniter\CodeIgniter->runController(Object(Modules\Quiz\Controllers\Quiz))
 4 SYSTEMPATH/CodeIgniter.php(354): CodeIgniter\CodeIgniter->handleRequest(null, Object(Config\Cache), false)
 5 SYSTEMPATH/Boot.php(334): CodeIgniter\CodeIgniter->run()
 6 SYSTEMPATH/Boot.php(67): CodeIgniter\Boot::runCodeIgniter(Object(CodeIgniter\CodeIgniter))
 7 FCPATH/index.php(56): CodeIgniter\Boot::bootWeb(Object(Config\Paths))
DEBUG - 2025-02-07 17:53:54 --> Session: Class initialized using 'CodeIgniter\Session\Handlers\FileHandler' driver.
WARNING - 2025-02-07 17:53:56 --> [DEPRECATED] Passing lowercase HTTP method "get" is deprecated. Use uppercase HTTP method like "GET". in SYSTEMPATH/Router/RouteCollection.php on line 1026.
 1 SYSTEMPATH/Router/RouteCollection.php(1026): trigger_error('Passing lowercase HTTP method "get" is deprecated. Use uppercase HTTP method like "GET".', 16384)
 2 ROOTPATH/Modules/Home/Config/Routes.php(12): CodeIgniter\Router\RouteCollection->match([...], '/', 'Home::index')
 3 SYSTEMPATH/Router/RouteCollection.php(799): CodeIgniter\Router\RouteCollection->{closure}(Object(CodeIgniter\Router\RouteCollection))
 4 ROOTPATH/Modules/Home/Config/Routes.php(9): CodeIgniter\Router\RouteCollection->group('', [...], Object(Closure))
 5 SYSTEMPATH/Router/RouteCollection.php(372): include('/Users/alanmartin/Sites/localhost/hmvc-master/Ci4/Modules/Home/Config/Routes.php')
 6 SYSTEMPATH/Router/RouteCollection.php(342): CodeIgniter\Router\RouteCollection->discoverRoutes()
 7 SYSTEMPATH/CodeIgniter.php(821): CodeIgniter\Router\RouteCollection->loadRoutes()
 8 SYSTEMPATH/CodeIgniter.php(455): CodeIgniter\CodeIgniter->tryToRouteIt(null)
 9 SYSTEMPATH/CodeIgniter.php(354): CodeIgniter\CodeIgniter->handleRequest(null, Object(Config\Cache), false)
10 SYSTEMPATH/Boot.php(334): CodeIgniter\CodeIgniter->run()
11 SYSTEMPATH/Boot.php(67): CodeIgniter\Boot::runCodeIgniter(Object(CodeIgniter\CodeIgniter))
12 FCPATH/index.php(56): CodeIgniter\Boot::bootWeb(Object(Config\Paths))
WARNING - 2025-02-07 17:53:56 --> [DEPRECATED] Passing lowercase HTTP method "post" is deprecated. Use uppercase HTTP method like "POST". in SYSTEMPATH/Router/RouteCollection.php on line 1026.
 1 SYSTEMPATH/Router/RouteCollection.php(1026): trigger_error('Passing lowercase HTTP method "post" is deprecated. Use uppercase HTTP method like "POST".', 16384)
 2 ROOTPATH/Modules/Home/Config/Routes.php(12): CodeIgniter\Router\RouteCollection->match([...], '/', 'Home::index')
 3 SYSTEMPATH/Router/RouteCollection.php(799): CodeIgniter\Router\RouteCollection->{closure}(Object(CodeIgniter\Router\RouteCollection))
 4 ROOTPATH/Modules/Home/Config/Routes.php(9): CodeIgniter\Router\RouteCollection->group('', [...], Object(Closure))
 5 SYSTEMPATH/Router/RouteCollection.php(372): include('/Users/alanmartin/Sites/localhost/hmvc-master/Ci4/Modules/Home/Config/Routes.php')
 6 SYSTEMPATH/Router/RouteCollection.php(342): CodeIgniter\Router\RouteCollection->discoverRoutes()
 7 SYSTEMPATH/CodeIgniter.php(821): CodeIgniter\Router\RouteCollection->loadRoutes()
 8 SYSTEMPATH/CodeIgniter.php(455): CodeIgniter\CodeIgniter->tryToRouteIt(null)
 9 SYSTEMPATH/CodeIgniter.php(354): CodeIgniter\CodeIgniter->handleRequest(null, Object(Config\Cache), false)
10 SYSTEMPATH/Boot.php(334): CodeIgniter\CodeIgniter->run()
11 SYSTEMPATH/Boot.php(67): CodeIgniter\Boot::runCodeIgniter(Object(CodeIgniter\CodeIgniter))
12 FCPATH/index.php(56): CodeIgniter\Boot::bootWeb(Object(Config\Paths))
WARNING - 2025-02-07 17:53:56 --> [DEPRECATED] Passing lowercase HTTP method "get" is deprecated. Use uppercase HTTP method like "GET". in SYSTEMPATH/Router/RouteCollection.php on line 1026.
 1 SYSTEMPATH/Router/RouteCollection.php(1026): trigger_error('Passing lowercase HTTP method "get" is deprecated. Use uppercase HTTP method like "GET".', 16384)
 2 ROOTPATH/Modules/Home/Config/Routes.php(13): CodeIgniter\Router\RouteCollection->match([...], 'docs', 'Home::docs')
 3 SYSTEMPATH/Router/RouteCollection.php(799): CodeIgniter\Router\RouteCollection->{closure}(Object(CodeIgniter\Router\RouteCollection))
 4 ROOTPATH/Modules/Home/Config/Routes.php(9): CodeIgniter\Router\RouteCollection->group('', [...], Object(Closure))
 5 SYSTEMPATH/Router/RouteCollection.php(372): include('/Users/alanmartin/Sites/localhost/hmvc-master/Ci4/Modules/Home/Config/Routes.php')
 6 SYSTEMPATH/Router/RouteCollection.php(342): CodeIgniter\Router\RouteCollection->discoverRoutes()
 7 SYSTEMPATH/CodeIgniter.php(821): CodeIgniter\Router\RouteCollection->loadRoutes()
 8 SYSTEMPATH/CodeIgniter.php(455): CodeIgniter\CodeIgniter->tryToRouteIt(null)
 9 SYSTEMPATH/CodeIgniter.php(354): CodeIgniter\CodeIgniter->handleRequest(null, Object(Config\Cache), false)
10 SYSTEMPATH/Boot.php(334): CodeIgniter\CodeIgniter->run()
11 SYSTEMPATH/Boot.php(67): CodeIgniter\Boot::runCodeIgniter(Object(CodeIgniter\CodeIgniter))
12 FCPATH/index.php(56): CodeIgniter\Boot::bootWeb(Object(Config\Paths))
WARNING - 2025-02-07 17:53:56 --> [DEPRECATED] Passing lowercase HTTP method "post" is deprecated. Use uppercase HTTP method like "POST". in SYSTEMPATH/Router/RouteCollection.php on line 1026.
 1 SYSTEMPATH/Router/RouteCollection.php(1026): trigger_error('Passing lowercase HTTP method "post" is deprecated. Use uppercase HTTP method like "POST".', 16384)
 2 ROOTPATH/Modules/Home/Config/Routes.php(13): CodeIgniter\Router\RouteCollection->match([...], 'docs', 'Home::docs')
 3 SYSTEMPATH/Router/RouteCollection.php(799): CodeIgniter\Router\RouteCollection->{closure}(Object(CodeIgniter\Router\RouteCollection))
 4 ROOTPATH/Modules/Home/Config/Routes.php(9): CodeIgniter\Router\RouteCollection->group('', [...], Object(Closure))
 5 SYSTEMPATH/Router/RouteCollection.php(372): include('/Users/alanmartin/Sites/localhost/hmvc-master/Ci4/Modules/Home/Config/Routes.php')
 6 SYSTEMPATH/Router/RouteCollection.php(342): CodeIgniter\Router\RouteCollection->discoverRoutes()
 7 SYSTEMPATH/CodeIgniter.php(821): CodeIgniter\Router\RouteCollection->loadRoutes()
 8 SYSTEMPATH/CodeIgniter.php(455): CodeIgniter\CodeIgniter->tryToRouteIt(null)
 9 SYSTEMPATH/CodeIgniter.php(354): CodeIgniter\CodeIgniter->handleRequest(null, Object(Config\Cache), false)
10 SYSTEMPATH/Boot.php(334): CodeIgniter\CodeIgniter->run()
11 SYSTEMPATH/Boot.php(67): CodeIgniter\Boot::runCodeIgniter(Object(CodeIgniter\CodeIgniter))
12 FCPATH/index.php(56): CodeIgniter\Boot::bootWeb(Object(Config\Paths))
WARNING - 2025-02-07 17:53:56 --> [DEPRECATED] Passing lowercase HTTP method "get" is deprecated. Use uppercase HTTP method like "GET". in SYSTEMPATH/Router/RouteCollection.php on line 1026.
 1 SYSTEMPATH/Router/RouteCollection.php(1026): trigger_error('Passing lowercase HTTP method "get" is deprecated. Use uppercase HTTP method like "GET".', 16384)
 2 ROOTPATH/Modules/Templates/Config/Routes.php(7): CodeIgniter\Router\RouteCollection->match([...], '/', 'Templates::index')
 3 SYSTEMPATH/Router/RouteCollection.php(799): CodeIgniter\Router\RouteCollection::{closure}(Object(CodeIgniter\Router\RouteCollection))
 4 ROOTPATH/Modules/Templates/Config/Routes.php(4): CodeIgniter\Router\RouteCollection->group('', [...], Object(Closure))
 5 SYSTEMPATH/Router/RouteCollection.php(372): include('/Users/alanmartin/Sites/localhost/hmvc-master/Ci4/Modules/Templates/Config/Routes.php')
 6 SYSTEMPATH/Router/RouteCollection.php(342): CodeIgniter\Router\RouteCollection->discoverRoutes()
 7 SYSTEMPATH/CodeIgniter.php(821): CodeIgniter\Router\RouteCollection->loadRoutes()
 8 SYSTEMPATH/CodeIgniter.php(455): CodeIgniter\CodeIgniter->tryToRouteIt(null)
 9 SYSTEMPATH/CodeIgniter.php(354): CodeIgniter\CodeIgniter->handleRequest(null, Object(Config\Cache), false)
10 SYSTEMPATH/Boot.php(334): CodeIgniter\CodeIgniter->run()
11 SYSTEMPATH/Boot.php(67): CodeIgniter\Boot::runCodeIgniter(Object(CodeIgniter\CodeIgniter))
12 FCPATH/index.php(56): CodeIgniter\Boot::bootWeb(Object(Config\Paths))
WARNING - 2025-02-07 17:53:56 --> [DEPRECATED] Passing lowercase HTTP method "post" is deprecated. Use uppercase HTTP method like "POST". in SYSTEMPATH/Router/RouteCollection.php on line 1026.
 1 SYSTEMPATH/Router/RouteCollection.php(1026): trigger_error('Passing lowercase HTTP method "post" is deprecated. Use uppercase HTTP method like "POST".', 16384)
 2 ROOTPATH/Modules/Templates/Config/Routes.php(7): CodeIgniter\Router\RouteCollection->match([...], '/', 'Templates::index')
 3 SYSTEMPATH/Router/RouteCollection.php(799): CodeIgniter\Router\RouteCollection::{closure}(Object(CodeIgniter\Router\RouteCollection))
 4 ROOTPATH/Modules/Templates/Config/Routes.php(4): CodeIgniter\Router\RouteCollection->group('', [...], Object(Closure))
 5 SYSTEMPATH/Router/RouteCollection.php(372): include('/Users/alanmartin/Sites/localhost/hmvc-master/Ci4/Modules/Templates/Config/Routes.php')
 6 SYSTEMPATH/Router/RouteCollection.php(342): CodeIgniter\Router\RouteCollection->discoverRoutes()
 7 SYSTEMPATH/CodeIgniter.php(821): CodeIgniter\Router\RouteCollection->loadRoutes()
 8 SYSTEMPATH/CodeIgniter.php(455): CodeIgniter\CodeIgniter->tryToRouteIt(null)
 9 SYSTEMPATH/CodeIgniter.php(354): CodeIgniter\CodeIgniter->handleRequest(null, Object(Config\Cache), false)
10 SYSTEMPATH/Boot.php(334): CodeIgniter\CodeIgniter->run()
11 SYSTEMPATH/Boot.php(67): CodeIgniter\Boot::runCodeIgniter(Object(CodeIgniter\CodeIgniter))
12 FCPATH/index.php(56): CodeIgniter\Boot::bootWeb(Object(Config\Paths))
DEBUG - 2025-02-07 17:53:56 --> Session: Class initialized using 'CodeIgniter\Session\Handlers\FileHandler' driver.
DEBUG - 2025-02-07 17:53:57 --> Session: Class initialized using 'CodeIgniter\Session\Handlers\FileHandler' driver.
WARNING - 2025-02-07 17:53:58 --> [DEPRECATED] Passing lowercase HTTP method "get" is deprecated. Use uppercase HTTP method like "GET". in SYSTEMPATH/Router/RouteCollection.php on line 1026.
 1 SYSTEMPATH/Router/RouteCollection.php(1026): trigger_error('Passing lowercase HTTP method "get" is deprecated. Use uppercase HTTP method like "GET".', 16384)
 2 ROOTPATH/Modules/Home/Config/Routes.php(12): CodeIgniter\Router\RouteCollection->match([...], '/', 'Home::index')
 3 SYSTEMPATH/Router/RouteCollection.php(799): CodeIgniter\Router\RouteCollection->{closure}(Object(CodeIgniter\Router\RouteCollection))
 4 ROOTPATH/Modules/Home/Config/Routes.php(9): CodeIgniter\Router\RouteCollection->group('', [...], Object(Closure))
 5 SYSTEMPATH/Router/RouteCollection.php(372): include('/Users/alanmartin/Sites/localhost/hmvc-master/Ci4/Modules/Home/Config/Routes.php')
 6 SYSTEMPATH/Router/RouteCollection.php(342): CodeIgniter\Router\RouteCollection->discoverRoutes()
 7 SYSTEMPATH/CodeIgniter.php(821): CodeIgniter\Router\RouteCollection->loadRoutes()
 8 SYSTEMPATH/CodeIgniter.php(455): CodeIgniter\CodeIgniter->tryToRouteIt(null)
 9 SYSTEMPATH/CodeIgniter.php(354): CodeIgniter\CodeIgniter->handleRequest(null, Object(Config\Cache), false)
10 SYSTEMPATH/Boot.php(334): CodeIgniter\CodeIgniter->run()
11 SYSTEMPATH/Boot.php(67): CodeIgniter\Boot::runCodeIgniter(Object(CodeIgniter\CodeIgniter))
12 FCPATH/index.php(56): CodeIgniter\Boot::bootWeb(Object(Config\Paths))
WARNING - 2025-02-07 17:53:58 --> [DEPRECATED] Passing lowercase HTTP method "post" is deprecated. Use uppercase HTTP method like "POST". in SYSTEMPATH/Router/RouteCollection.php on line 1026.
 1 SYSTEMPATH/Router/RouteCollection.php(1026): trigger_error('Passing lowercase HTTP method "post" is deprecated. Use uppercase HTTP method like "POST".', 16384)
 2 ROOTPATH/Modules/Home/Config/Routes.php(12): CodeIgniter\Router\RouteCollection->match([...], '/', 'Home::index')
 3 SYSTEMPATH/Router/RouteCollection.php(799): CodeIgniter\Router\RouteCollection->{closure}(Object(CodeIgniter\Router\RouteCollection))
 4 ROOTPATH/Modules/Home/Config/Routes.php(9): CodeIgniter\Router\RouteCollection->group('', [...], Object(Closure))
 5 SYSTEMPATH/Router/RouteCollection.php(372): include('/Users/alanmartin/Sites/localhost/hmvc-master/Ci4/Modules/Home/Config/Routes.php')
 6 SYSTEMPATH/Router/RouteCollection.php(342): CodeIgniter\Router\RouteCollection->discoverRoutes()
 7 SYSTEMPATH/CodeIgniter.php(821): CodeIgniter\Router\RouteCollection->loadRoutes()
 8 SYSTEMPATH/CodeIgniter.php(455): CodeIgniter\CodeIgniter->tryToRouteIt(null)
 9 SYSTEMPATH/CodeIgniter.php(354): CodeIgniter\CodeIgniter->handleRequest(null, Object(Config\Cache), false)
10 SYSTEMPATH/Boot.php(334): CodeIgniter\CodeIgniter->run()
11 SYSTEMPATH/Boot.php(67): CodeIgniter\Boot::runCodeIgniter(Object(CodeIgniter\CodeIgniter))
12 FCPATH/index.php(56): CodeIgniter\Boot::bootWeb(Object(Config\Paths))
WARNING - 2025-02-07 17:53:58 --> [DEPRECATED] Passing lowercase HTTP method "get" is deprecated. Use uppercase HTTP method like "GET". in SYSTEMPATH/Router/RouteCollection.php on line 1026.
 1 SYSTEMPATH/Router/RouteCollection.php(1026): trigger_error('Passing lowercase HTTP method "get" is deprecated. Use uppercase HTTP method like "GET".', 16384)
 2 ROOTPATH/Modules/Home/Config/Routes.php(13): CodeIgniter\Router\RouteCollection->match([...], 'docs', 'Home::docs')
 3 SYSTEMPATH/Router/RouteCollection.php(799): CodeIgniter\Router\RouteCollection->{closure}(Object(CodeIgniter\Router\RouteCollection))
 4 ROOTPATH/Modules/Home/Config/Routes.php(9): CodeIgniter\Router\RouteCollection->group('', [...], Object(Closure))
 5 SYSTEMPATH/Router/RouteCollection.php(372): include('/Users/alanmartin/Sites/localhost/hmvc-master/Ci4/Modules/Home/Config/Routes.php')
 6 SYSTEMPATH/Router/RouteCollection.php(342): CodeIgniter\Router\RouteCollection->discoverRoutes()
 7 SYSTEMPATH/CodeIgniter.php(821): CodeIgniter\Router\RouteCollection->loadRoutes()
 8 SYSTEMPATH/CodeIgniter.php(455): CodeIgniter\CodeIgniter->tryToRouteIt(null)
 9 SYSTEMPATH/CodeIgniter.php(354): CodeIgniter\CodeIgniter->handleRequest(null, Object(Config\Cache), false)
10 SYSTEMPATH/Boot.php(334): CodeIgniter\CodeIgniter->run()
11 SYSTEMPATH/Boot.php(67): CodeIgniter\Boot::runCodeIgniter(Object(CodeIgniter\CodeIgniter))
12 FCPATH/index.php(56): CodeIgniter\Boot::bootWeb(Object(Config\Paths))
WARNING - 2025-02-07 17:53:58 --> [DEPRECATED] Passing lowercase HTTP method "post" is deprecated. Use uppercase HTTP method like "POST". in SYSTEMPATH/Router/RouteCollection.php on line 1026.
 1 SYSTEMPATH/Router/RouteCollection.php(1026): trigger_error('Passing lowercase HTTP method "post" is deprecated. Use uppercase HTTP method like "POST".', 16384)
 2 ROOTPATH/Modules/Home/Config/Routes.php(13): CodeIgniter\Router\RouteCollection->match([...], 'docs', 'Home::docs')
 3 SYSTEMPATH/Router/RouteCollection.php(799): CodeIgniter\Router\RouteCollection->{closure}(Object(CodeIgniter\Router\RouteCollection))
 4 ROOTPATH/Modules/Home/Config/Routes.php(9): CodeIgniter\Router\RouteCollection->group('', [...], Object(Closure))
 5 SYSTEMPATH/Router/RouteCollection.php(372): include('/Users/alanmartin/Sites/localhost/hmvc-master/Ci4/Modules/Home/Config/Routes.php')
 6 SYSTEMPATH/Router/RouteCollection.php(342): CodeIgniter\Router\RouteCollection->discoverRoutes()
 7 SYSTEMPATH/CodeIgniter.php(821): CodeIgniter\Router\RouteCollection->loadRoutes()
 8 SYSTEMPATH/CodeIgniter.php(455): CodeIgniter\CodeIgniter->tryToRouteIt(null)
 9 SYSTEMPATH/CodeIgniter.php(354): CodeIgniter\CodeIgniter->handleRequest(null, Object(Config\Cache), false)
10 SYSTEMPATH/Boot.php(334): CodeIgniter\CodeIgniter->run()
11 SYSTEMPATH/Boot.php(67): CodeIgniter\Boot::runCodeIgniter(Object(CodeIgniter\CodeIgniter))
12 FCPATH/index.php(56): CodeIgniter\Boot::bootWeb(Object(Config\Paths))
WARNING - 2025-02-07 17:53:58 --> [DEPRECATED] Passing lowercase HTTP method "get" is deprecated. Use uppercase HTTP method like "GET". in SYSTEMPATH/Router/RouteCollection.php on line 1026.
 1 SYSTEMPATH/Router/RouteCollection.php(1026): trigger_error('Passing lowercase HTTP method "get" is deprecated. Use uppercase HTTP method like "GET".', 16384)
 2 ROOTPATH/Modules/Templates/Config/Routes.php(7): CodeIgniter\Router\RouteCollection->match([...], '/', 'Templates::index')
 3 SYSTEMPATH/Router/RouteCollection.php(799): CodeIgniter\Router\RouteCollection::{closure}(Object(CodeIgniter\Router\RouteCollection))
 4 ROOTPATH/Modules/Templates/Config/Routes.php(4): CodeIgniter\Router\RouteCollection->group('', [...], Object(Closure))
 5 SYSTEMPATH/Router/RouteCollection.php(372): include('/Users/alanmartin/Sites/localhost/hmvc-master/Ci4/Modules/Templates/Config/Routes.php')
 6 SYSTEMPATH/Router/RouteCollection.php(342): CodeIgniter\Router\RouteCollection->discoverRoutes()
 7 SYSTEMPATH/CodeIgniter.php(821): CodeIgniter\Router\RouteCollection->loadRoutes()
 8 SYSTEMPATH/CodeIgniter.php(455): CodeIgniter\CodeIgniter->tryToRouteIt(null)
 9 SYSTEMPATH/CodeIgniter.php(354): CodeIgniter\CodeIgniter->handleRequest(null, Object(Config\Cache), false)
10 SYSTEMPATH/Boot.php(334): CodeIgniter\CodeIgniter->run()
11 SYSTEMPATH/Boot.php(67): CodeIgniter\Boot::runCodeIgniter(Object(CodeIgniter\CodeIgniter))
12 FCPATH/index.php(56): CodeIgniter\Boot::bootWeb(Object(Config\Paths))
WARNING - 2025-02-07 17:53:58 --> [DEPRECATED] Passing lowercase HTTP method "post" is deprecated. Use uppercase HTTP method like "POST". in SYSTEMPATH/Router/RouteCollection.php on line 1026.
 1 SYSTEMPATH/Router/RouteCollection.php(1026): trigger_error('Passing lowercase HTTP method "post" is deprecated. Use uppercase HTTP method like "POST".', 16384)
 2 ROOTPATH/Modules/Templates/Config/Routes.php(7): CodeIgniter\Router\RouteCollection->match([...], '/', 'Templates::index')
 3 SYSTEMPATH/Router/RouteCollection.php(799): CodeIgniter\Router\RouteCollection::{closure}(Object(CodeIgniter\Router\RouteCollection))
 4 ROOTPATH/Modules/Templates/Config/Routes.php(4): CodeIgniter\Router\RouteCollection->group('', [...], Object(Closure))
 5 SYSTEMPATH/Router/RouteCollection.php(372): include('/Users/alanmartin/Sites/localhost/hmvc-master/Ci4/Modules/Templates/Config/Routes.php')
 6 SYSTEMPATH/Router/RouteCollection.php(342): CodeIgniter\Router\RouteCollection->discoverRoutes()
 7 SYSTEMPATH/CodeIgniter.php(821): CodeIgniter\Router\RouteCollection->loadRoutes()
 8 SYSTEMPATH/CodeIgniter.php(455): CodeIgniter\CodeIgniter->tryToRouteIt(null)
 9 SYSTEMPATH/CodeIgniter.php(354): CodeIgniter\CodeIgniter->handleRequest(null, Object(Config\Cache), false)
10 SYSTEMPATH/Boot.php(334): CodeIgniter\CodeIgniter->run()
11 SYSTEMPATH/Boot.php(67): CodeIgniter\Boot::runCodeIgniter(Object(CodeIgniter\CodeIgniter))
12 FCPATH/index.php(56): CodeIgniter\Boot::bootWeb(Object(Config\Paths))
DEBUG - 2025-02-07 17:53:58 --> Session: Class initialized using 'CodeIgniter\Session\Handlers\FileHandler' driver.
WARNING - 2025-02-07 17:53:58 --> [DEPRECATED] Creation of dynamic property Modules\Quiz\Controllers\Quiz::$db is deprecated in ROOTPATH/Modules/Quiz/Controllers/Quiz.php on line 40.
 1 SYSTEMPATH/CodeIgniter.php(903): Modules\Quiz\Controllers\Quiz->__construct()
 2 SYSTEMPATH/CodeIgniter.php(498): CodeIgniter\CodeIgniter->createController()
 3 SYSTEMPATH/CodeIgniter.php(354): CodeIgniter\CodeIgniter->handleRequest(null, Object(Config\Cache), false)
 4 SYSTEMPATH/Boot.php(334): CodeIgniter\CodeIgniter->run()
 5 SYSTEMPATH/Boot.php(67): CodeIgniter\Boot::runCodeIgniter(Object(CodeIgniter\CodeIgniter))
 6 FCPATH/index.php(56): CodeIgniter\Boot::bootWeb(Object(Config\Paths))
WARNING - 2025-02-07 17:53:58 --> Session: Sessions is enabled, and one exists. Please don't $session->start();
WARNING - 2025-02-07 17:53:58 --> [DEPRECATED] Creation of dynamic property Modules\Quiz\Model\QuizModel::$user is deprecated in ROOTPATH/Modules/Quiz/Model/QuizModel.php on line 108.
 1 ROOTPATH/Modules/Quiz/Controllers/Quiz.php(305): Modules\Quiz\Model\QuizModel->get_quiz()
 2 SYSTEMPATH/CodeIgniter.php(933): Modules\Quiz\Controllers\Quiz->display()
 3 SYSTEMPATH/CodeIgniter.php(507): CodeIgniter\CodeIgniter->runController(Object(Modules\Quiz\Controllers\Quiz))
 4 SYSTEMPATH/CodeIgniter.php(354): CodeIgniter\CodeIgniter->handleRequest(null, Object(Config\Cache), false)
 5 SYSTEMPATH/Boot.php(334): CodeIgniter\CodeIgniter->run()
 6 SYSTEMPATH/Boot.php(67): CodeIgniter\Boot::runCodeIgniter(Object(CodeIgniter\CodeIgniter))
 7 FCPATH/index.php(56): CodeIgniter\Boot::bootWeb(Object(Config\Paths))
DEBUG - 2025-02-07 17:53:59 --> Session: Class initialized using 'CodeIgniter\Session\Handlers\FileHandler' driver.
WARNING - 2025-02-07 17:54:01 --> [DEPRECATED] Passing lowercase HTTP method "get" is deprecated. Use uppercase HTTP method like "GET". in SYSTEMPATH/Router/RouteCollection.php on line 1026.
 1 SYSTEMPATH/Router/RouteCollection.php(1026): trigger_error('Passing lowercase HTTP method "get" is deprecated. Use uppercase HTTP method like "GET".', 16384)
 2 ROOTPATH/Modules/Home/Config/Routes.php(12): CodeIgniter\Router\RouteCollection->match([...], '/', 'Home::index')
 3 SYSTEMPATH/Router/RouteCollection.php(799): CodeIgniter\Router\RouteCollection->{closure}(Object(CodeIgniter\Router\RouteCollection))
 4 ROOTPATH/Modules/Home/Config/Routes.php(9): CodeIgniter\Router\RouteCollection->group('', [...], Object(Closure))
 5 SYSTEMPATH/Router/RouteCollection.php(372): include('/Users/alanmartin/Sites/localhost/hmvc-master/Ci4/Modules/Home/Config/Routes.php')
 6 SYSTEMPATH/Router/RouteCollection.php(342): CodeIgniter\Router\RouteCollection->discoverRoutes()
 7 SYSTEMPATH/CodeIgniter.php(821): CodeIgniter\Router\RouteCollection->loadRoutes()
 8 SYSTEMPATH/CodeIgniter.php(455): CodeIgniter\CodeIgniter->tryToRouteIt(null)
 9 SYSTEMPATH/CodeIgniter.php(354): CodeIgniter\CodeIgniter->handleRequest(null, Object(Config\Cache), false)
10 SYSTEMPATH/Boot.php(334): CodeIgniter\CodeIgniter->run()
11 SYSTEMPATH/Boot.php(67): CodeIgniter\Boot::runCodeIgniter(Object(CodeIgniter\CodeIgniter))
12 FCPATH/index.php(56): CodeIgniter\Boot::bootWeb(Object(Config\Paths))
WARNING - 2025-02-07 17:54:01 --> [DEPRECATED] Passing lowercase HTTP method "post" is deprecated. Use uppercase HTTP method like "POST". in SYSTEMPATH/Router/RouteCollection.php on line 1026.
 1 SYSTEMPATH/Router/RouteCollection.php(1026): trigger_error('Passing lowercase HTTP method "post" is deprecated. Use uppercase HTTP method like "POST".', 16384)
 2 ROOTPATH/Modules/Home/Config/Routes.php(12): CodeIgniter\Router\RouteCollection->match([...], '/', 'Home::index')
 3 SYSTEMPATH/Router/RouteCollection.php(799): CodeIgniter\Router\RouteCollection->{closure}(Object(CodeIgniter\Router\RouteCollection))
 4 ROOTPATH/Modules/Home/Config/Routes.php(9): CodeIgniter\Router\RouteCollection->group('', [...], Object(Closure))
 5 SYSTEMPATH/Router/RouteCollection.php(372): include('/Users/alanmartin/Sites/localhost/hmvc-master/Ci4/Modules/Home/Config/Routes.php')
 6 SYSTEMPATH/Router/RouteCollection.php(342): CodeIgniter\Router\RouteCollection->discoverRoutes()
 7 SYSTEMPATH/CodeIgniter.php(821): CodeIgniter\Router\RouteCollection->loadRoutes()
 8 SYSTEMPATH/CodeIgniter.php(455): CodeIgniter\CodeIgniter->tryToRouteIt(null)
 9 SYSTEMPATH/CodeIgniter.php(354): CodeIgniter\CodeIgniter->handleRequest(null, Object(Config\Cache), false)
10 SYSTEMPATH/Boot.php(334): CodeIgniter\CodeIgniter->run()
11 SYSTEMPATH/Boot.php(67): CodeIgniter\Boot::runCodeIgniter(Object(CodeIgniter\CodeIgniter))
12 FCPATH/index.php(56): CodeIgniter\Boot::bootWeb(Object(Config\Paths))
WARNING - 2025-02-07 17:54:01 --> [DEPRECATED] Passing lowercase HTTP method "get" is deprecated. Use uppercase HTTP method like "GET". in SYSTEMPATH/Router/RouteCollection.php on line 1026.
 1 SYSTEMPATH/Router/RouteCollection.php(1026): trigger_error('Passing lowercase HTTP method "get" is deprecated. Use uppercase HTTP method like "GET".', 16384)
 2 ROOTPATH/Modules/Home/Config/Routes.php(13): CodeIgniter\Router\RouteCollection->match([...], 'docs', 'Home::docs')
 3 SYSTEMPATH/Router/RouteCollection.php(799): CodeIgniter\Router\RouteCollection->{closure}(Object(CodeIgniter\Router\RouteCollection))
 4 ROOTPATH/Modules/Home/Config/Routes.php(9): CodeIgniter\Router\RouteCollection->group('', [...], Object(Closure))
 5 SYSTEMPATH/Router/RouteCollection.php(372): include('/Users/alanmartin/Sites/localhost/hmvc-master/Ci4/Modules/Home/Config/Routes.php')
 6 SYSTEMPATH/Router/RouteCollection.php(342): CodeIgniter\Router\RouteCollection->discoverRoutes()
 7 SYSTEMPATH/CodeIgniter.php(821): CodeIgniter\Router\RouteCollection->loadRoutes()
 8 SYSTEMPATH/CodeIgniter.php(455): CodeIgniter\CodeIgniter->tryToRouteIt(null)
 9 SYSTEMPATH/CodeIgniter.php(354): CodeIgniter\CodeIgniter->handleRequest(null, Object(Config\Cache), false)
10 SYSTEMPATH/Boot.php(334): CodeIgniter\CodeIgniter->run()
11 SYSTEMPATH/Boot.php(67): CodeIgniter\Boot::runCodeIgniter(Object(CodeIgniter\CodeIgniter))
12 FCPATH/index.php(56): CodeIgniter\Boot::bootWeb(Object(Config\Paths))
WARNING - 2025-02-07 17:54:01 --> [DEPRECATED] Passing lowercase HTTP method "post" is deprecated. Use uppercase HTTP method like "POST". in SYSTEMPATH/Router/RouteCollection.php on line 1026.
 1 SYSTEMPATH/Router/RouteCollection.php(1026): trigger_error('Passing lowercase HTTP method "post" is deprecated. Use uppercase HTTP method like "POST".', 16384)
 2 ROOTPATH/Modules/Home/Config/Routes.php(13): CodeIgniter\Router\RouteCollection->match([...], 'docs', 'Home::docs')
 3 SYSTEMPATH/Router/RouteCollection.php(799): CodeIgniter\Router\RouteCollection->{closure}(Object(CodeIgniter\Router\RouteCollection))
 4 ROOTPATH/Modules/Home/Config/Routes.php(9): CodeIgniter\Router\RouteCollection->group('', [...], Object(Closure))
 5 SYSTEMPATH/Router/RouteCollection.php(372): include('/Users/alanmartin/Sites/localhost/hmvc-master/Ci4/Modules/Home/Config/Routes.php')
 6 SYSTEMPATH/Router/RouteCollection.php(342): CodeIgniter\Router\RouteCollection->discoverRoutes()
 7 SYSTEMPATH/CodeIgniter.php(821): CodeIgniter\Router\RouteCollection->loadRoutes()
 8 SYSTEMPATH/CodeIgniter.php(455): CodeIgniter\CodeIgniter->tryToRouteIt(null)
 9 SYSTEMPATH/CodeIgniter.php(354): CodeIgniter\CodeIgniter->handleRequest(null, Object(Config\Cache), false)
10 SYSTEMPATH/Boot.php(334): CodeIgniter\CodeIgniter->run()
11 SYSTEMPATH/Boot.php(67): CodeIgniter\Boot::runCodeIgniter(Object(CodeIgniter\CodeIgniter))
12 FCPATH/index.php(56): CodeIgniter\Boot::bootWeb(Object(Config\Paths))
WARNING - 2025-02-07 17:54:01 --> [DEPRECATED] Passing lowercase HTTP method "get" is deprecated. Use uppercase HTTP method like "GET". in SYSTEMPATH/Router/RouteCollection.php on line 1026.
 1 SYSTEMPATH/Router/RouteCollection.php(1026): trigger_error('Passing lowercase HTTP method "get" is deprecated. Use uppercase HTTP method like "GET".', 16384)
 2 ROOTPATH/Modules/Templates/Config/Routes.php(7): CodeIgniter\Router\RouteCollection->match([...], '/', 'Templates::index')
 3 SYSTEMPATH/Router/RouteCollection.php(799): CodeIgniter\Router\RouteCollection::{closure}(Object(CodeIgniter\Router\RouteCollection))
 4 ROOTPATH/Modules/Templates/Config/Routes.php(4): CodeIgniter\Router\RouteCollection->group('', [...], Object(Closure))
 5 SYSTEMPATH/Router/RouteCollection.php(372): include('/Users/alanmartin/Sites/localhost/hmvc-master/Ci4/Modules/Templates/Config/Routes.php')
 6 SYSTEMPATH/Router/RouteCollection.php(342): CodeIgniter\Router\RouteCollection->discoverRoutes()
 7 SYSTEMPATH/CodeIgniter.php(821): CodeIgniter\Router\RouteCollection->loadRoutes()
 8 SYSTEMPATH/CodeIgniter.php(455): CodeIgniter\CodeIgniter->tryToRouteIt(null)
 9 SYSTEMPATH/CodeIgniter.php(354): CodeIgniter\CodeIgniter->handleRequest(null, Object(Config\Cache), false)
10 SYSTEMPATH/Boot.php(334): CodeIgniter\CodeIgniter->run()
11 SYSTEMPATH/Boot.php(67): CodeIgniter\Boot::runCodeIgniter(Object(CodeIgniter\CodeIgniter))
12 FCPATH/index.php(56): CodeIgniter\Boot::bootWeb(Object(Config\Paths))
WARNING - 2025-02-07 17:54:01 --> [DEPRECATED] Passing lowercase HTTP method "post" is deprecated. Use uppercase HTTP method like "POST". in SYSTEMPATH/Router/RouteCollection.php on line 1026.
 1 SYSTEMPATH/Router/RouteCollection.php(1026): trigger_error('Passing lowercase HTTP method "post" is deprecated. Use uppercase HTTP method like "POST".', 16384)
 2 ROOTPATH/Modules/Templates/Config/Routes.php(7): CodeIgniter\Router\RouteCollection->match([...], '/', 'Templates::index')
 3 SYSTEMPATH/Router/RouteCollection.php(799): CodeIgniter\Router\RouteCollection::{closure}(Object(CodeIgniter\Router\RouteCollection))
 4 ROOTPATH/Modules/Templates/Config/Routes.php(4): CodeIgniter\Router\RouteCollection->group('', [...], Object(Closure))
 5 SYSTEMPATH/Router/RouteCollection.php(372): include('/Users/alanmartin/Sites/localhost/hmvc-master/Ci4/Modules/Templates/Config/Routes.php')
 6 SYSTEMPATH/Router/RouteCollection.php(342): CodeIgniter\Router\RouteCollection->discoverRoutes()
 7 SYSTEMPATH/CodeIgniter.php(821): CodeIgniter\Router\RouteCollection->loadRoutes()
 8 SYSTEMPATH/CodeIgniter.php(455): CodeIgniter\CodeIgniter->tryToRouteIt(null)
 9 SYSTEMPATH/CodeIgniter.php(354): CodeIgniter\CodeIgniter->handleRequest(null, Object(Config\Cache), false)
10 SYSTEMPATH/Boot.php(334): CodeIgniter\CodeIgniter->run()
11 SYSTEMPATH/Boot.php(67): CodeIgniter\Boot::runCodeIgniter(Object(CodeIgniter\CodeIgniter))
12 FCPATH/index.php(56): CodeIgniter\Boot::bootWeb(Object(Config\Paths))
DEBUG - 2025-02-07 17:54:01 --> Session: Class initialized using 'CodeIgniter\Session\Handlers\FileHandler' driver.
DEBUG - 2025-02-07 17:54:01 --> Session: Class initialized using 'CodeIgniter\Session\Handlers\FileHandler' driver.
WARNING - 2025-02-07 17:54:02 --> [DEPRECATED] Passing lowercase HTTP method "get" is deprecated. Use uppercase HTTP method like "GET". in SYSTEMPATH/Router/RouteCollection.php on line 1026.
 1 SYSTEMPATH/Router/RouteCollection.php(1026): trigger_error('Passing lowercase HTTP method "get" is deprecated. Use uppercase HTTP method like "GET".', 16384)
 2 ROOTPATH/Modules/Home/Config/Routes.php(12): CodeIgniter\Router\RouteCollection->match([...], '/', 'Home::index')
 3 SYSTEMPATH/Router/RouteCollection.php(799): CodeIgniter\Router\RouteCollection->{closure}(Object(CodeIgniter\Router\RouteCollection))
 4 ROOTPATH/Modules/Home/Config/Routes.php(9): CodeIgniter\Router\RouteCollection->group('', [...], Object(Closure))
 5 SYSTEMPATH/Router/RouteCollection.php(372): include('/Users/alanmartin/Sites/localhost/hmvc-master/Ci4/Modules/Home/Config/Routes.php')
 6 SYSTEMPATH/Router/RouteCollection.php(342): CodeIgniter\Router\RouteCollection->discoverRoutes()
 7 SYSTEMPATH/CodeIgniter.php(821): CodeIgniter\Router\RouteCollection->loadRoutes()
 8 SYSTEMPATH/CodeIgniter.php(455): CodeIgniter\CodeIgniter->tryToRouteIt(null)
 9 SYSTEMPATH/CodeIgniter.php(354): CodeIgniter\CodeIgniter->handleRequest(null, Object(Config\Cache), false)
10 SYSTEMPATH/Boot.php(334): CodeIgniter\CodeIgniter->run()
11 SYSTEMPATH/Boot.php(67): CodeIgniter\Boot::runCodeIgniter(Object(CodeIgniter\CodeIgniter))
12 FCPATH/index.php(56): CodeIgniter\Boot::bootWeb(Object(Config\Paths))
WARNING - 2025-02-07 17:54:02 --> [DEPRECATED] Passing lowercase HTTP method "post" is deprecated. Use uppercase HTTP method like "POST". in SYSTEMPATH/Router/RouteCollection.php on line 1026.
 1 SYSTEMPATH/Router/RouteCollection.php(1026): trigger_error('Passing lowercase HTTP method "post" is deprecated. Use uppercase HTTP method like "POST".', 16384)
 2 ROOTPATH/Modules/Home/Config/Routes.php(12): CodeIgniter\Router\RouteCollection->match([...], '/', 'Home::index')
 3 SYSTEMPATH/Router/RouteCollection.php(799): CodeIgniter\Router\RouteCollection->{closure}(Object(CodeIgniter\Router\RouteCollection))
 4 ROOTPATH/Modules/Home/Config/Routes.php(9): CodeIgniter\Router\RouteCollection->group('', [...], Object(Closure))
 5 SYSTEMPATH/Router/RouteCollection.php(372): include('/Users/alanmartin/Sites/localhost/hmvc-master/Ci4/Modules/Home/Config/Routes.php')
 6 SYSTEMPATH/Router/RouteCollection.php(342): CodeIgniter\Router\RouteCollection->discoverRoutes()
 7 SYSTEMPATH/CodeIgniter.php(821): CodeIgniter\Router\RouteCollection->loadRoutes()
 8 SYSTEMPATH/CodeIgniter.php(455): CodeIgniter\CodeIgniter->tryToRouteIt(null)
 9 SYSTEMPATH/CodeIgniter.php(354): CodeIgniter\CodeIgniter->handleRequest(null, Object(Config\Cache), false)
10 SYSTEMPATH/Boot.php(334): CodeIgniter\CodeIgniter->run()
11 SYSTEMPATH/Boot.php(67): CodeIgniter\Boot::runCodeIgniter(Object(CodeIgniter\CodeIgniter))
12 FCPATH/index.php(56): CodeIgniter\Boot::bootWeb(Object(Config\Paths))
WARNING - 2025-02-07 17:54:02 --> [DEPRECATED] Passing lowercase HTTP method "get" is deprecated. Use uppercase HTTP method like "GET". in SYSTEMPATH/Router/RouteCollection.php on line 1026.
 1 SYSTEMPATH/Router/RouteCollection.php(1026): trigger_error('Passing lowercase HTTP method "get" is deprecated. Use uppercase HTTP method like "GET".', 16384)
 2 ROOTPATH/Modules/Home/Config/Routes.php(13): CodeIgniter\Router\RouteCollection->match([...], 'docs', 'Home::docs')
 3 SYSTEMPATH/Router/RouteCollection.php(799): CodeIgniter\Router\RouteCollection->{closure}(Object(CodeIgniter\Router\RouteCollection))
 4 ROOTPATH/Modules/Home/Config/Routes.php(9): CodeIgniter\Router\RouteCollection->group('', [...], Object(Closure))
 5 SYSTEMPATH/Router/RouteCollection.php(372): include('/Users/alanmartin/Sites/localhost/hmvc-master/Ci4/Modules/Home/Config/Routes.php')
 6 SYSTEMPATH/Router/RouteCollection.php(342): CodeIgniter\Router\RouteCollection->discoverRoutes()
 7 SYSTEMPATH/CodeIgniter.php(821): CodeIgniter\Router\RouteCollection->loadRoutes()
 8 SYSTEMPATH/CodeIgniter.php(455): CodeIgniter\CodeIgniter->tryToRouteIt(null)
 9 SYSTEMPATH/CodeIgniter.php(354): CodeIgniter\CodeIgniter->handleRequest(null, Object(Config\Cache), false)
10 SYSTEMPATH/Boot.php(334): CodeIgniter\CodeIgniter->run()
11 SYSTEMPATH/Boot.php(67): CodeIgniter\Boot::runCodeIgniter(Object(CodeIgniter\CodeIgniter))
12 FCPATH/index.php(56): CodeIgniter\Boot::bootWeb(Object(Config\Paths))
WARNING - 2025-02-07 17:54:02 --> [DEPRECATED] Passing lowercase HTTP method "post" is deprecated. Use uppercase HTTP method like "POST". in SYSTEMPATH/Router/RouteCollection.php on line 1026.
 1 SYSTEMPATH/Router/RouteCollection.php(1026): trigger_error('Passing lowercase HTTP method "post" is deprecated. Use uppercase HTTP method like "POST".', 16384)
 2 ROOTPATH/Modules/Home/Config/Routes.php(13): CodeIgniter\Router\RouteCollection->match([...], 'docs', 'Home::docs')
 3 SYSTEMPATH/Router/RouteCollection.php(799): CodeIgniter\Router\RouteCollection->{closure}(Object(CodeIgniter\Router\RouteCollection))
 4 ROOTPATH/Modules/Home/Config/Routes.php(9): CodeIgniter\Router\RouteCollection->group('', [...], Object(Closure))
 5 SYSTEMPATH/Router/RouteCollection.php(372): include('/Users/alanmartin/Sites/localhost/hmvc-master/Ci4/Modules/Home/Config/Routes.php')
 6 SYSTEMPATH/Router/RouteCollection.php(342): CodeIgniter\Router\RouteCollection->discoverRoutes()
 7 SYSTEMPATH/CodeIgniter.php(821): CodeIgniter\Router\RouteCollection->loadRoutes()
 8 SYSTEMPATH/CodeIgniter.php(455): CodeIgniter\CodeIgniter->tryToRouteIt(null)
 9 SYSTEMPATH/CodeIgniter.php(354): CodeIgniter\CodeIgniter->handleRequest(null, Object(Config\Cache), false)
10 SYSTEMPATH/Boot.php(334): CodeIgniter\CodeIgniter->run()
11 SYSTEMPATH/Boot.php(67): CodeIgniter\Boot::runCodeIgniter(Object(CodeIgniter\CodeIgniter))
12 FCPATH/index.php(56): CodeIgniter\Boot::bootWeb(Object(Config\Paths))
WARNING - 2025-02-07 17:54:02 --> [DEPRECATED] Passing lowercase HTTP method "get" is deprecated. Use uppercase HTTP method like "GET". in SYSTEMPATH/Router/RouteCollection.php on line 1026.
 1 SYSTEMPATH/Router/RouteCollection.php(1026): trigger_error('Passing lowercase HTTP method "get" is deprecated. Use uppercase HTTP method like "GET".', 16384)
 2 ROOTPATH/Modules/Templates/Config/Routes.php(7): CodeIgniter\Router\RouteCollection->match([...], '/', 'Templates::index')
 3 SYSTEMPATH/Router/RouteCollection.php(799): CodeIgniter\Router\RouteCollection::{closure}(Object(CodeIgniter\Router\RouteCollection))
 4 ROOTPATH/Modules/Templates/Config/Routes.php(4): CodeIgniter\Router\RouteCollection->group('', [...], Object(Closure))
 5 SYSTEMPATH/Router/RouteCollection.php(372): include('/Users/alanmartin/Sites/localhost/hmvc-master/Ci4/Modules/Templates/Config/Routes.php')
 6 SYSTEMPATH/Router/RouteCollection.php(342): CodeIgniter\Router\RouteCollection->discoverRoutes()
 7 SYSTEMPATH/CodeIgniter.php(821): CodeIgniter\Router\RouteCollection->loadRoutes()
 8 SYSTEMPATH/CodeIgniter.php(455): CodeIgniter\CodeIgniter->tryToRouteIt(null)
 9 SYSTEMPATH/CodeIgniter.php(354): CodeIgniter\CodeIgniter->handleRequest(null, Object(Config\Cache), false)
10 SYSTEMPATH/Boot.php(334): CodeIgniter\CodeIgniter->run()
11 SYSTEMPATH/Boot.php(67): CodeIgniter\Boot::runCodeIgniter(Object(CodeIgniter\CodeIgniter))
12 FCPATH/index.php(56): CodeIgniter\Boot::bootWeb(Object(Config\Paths))
WARNING - 2025-02-07 17:54:02 --> [DEPRECATED] Passing lowercase HTTP method "post" is deprecated. Use uppercase HTTP method like "POST". in SYSTEMPATH/Router/RouteCollection.php on line 1026.
 1 SYSTEMPATH/Router/RouteCollection.php(1026): trigger_error('Passing lowercase HTTP method "post" is deprecated. Use uppercase HTTP method like "POST".', 16384)
 2 ROOTPATH/Modules/Templates/Config/Routes.php(7): CodeIgniter\Router\RouteCollection->match([...], '/', 'Templates::index')
 3 SYSTEMPATH/Router/RouteCollection.php(799): CodeIgniter\Router\RouteCollection::{closure}(Object(CodeIgniter\Router\RouteCollection))
 4 ROOTPATH/Modules/Templates/Config/Routes.php(4): CodeIgniter\Router\RouteCollection->group('', [...], Object(Closure))
 5 SYSTEMPATH/Router/RouteCollection.php(372): include('/Users/alanmartin/Sites/localhost/hmvc-master/Ci4/Modules/Templates/Config/Routes.php')
 6 SYSTEMPATH/Router/RouteCollection.php(342): CodeIgniter\Router\RouteCollection->discoverRoutes()
 7 SYSTEMPATH/CodeIgniter.php(821): CodeIgniter\Router\RouteCollection->loadRoutes()
 8 SYSTEMPATH/CodeIgniter.php(455): CodeIgniter\CodeIgniter->tryToRouteIt(null)
 9 SYSTEMPATH/CodeIgniter.php(354): CodeIgniter\CodeIgniter->handleRequest(null, Object(Config\Cache), false)
10 SYSTEMPATH/Boot.php(334): CodeIgniter\CodeIgniter->run()
11 SYSTEMPATH/Boot.php(67): CodeIgniter\Boot::runCodeIgniter(Object(CodeIgniter\CodeIgniter))
12 FCPATH/index.php(56): CodeIgniter\Boot::bootWeb(Object(Config\Paths))
DEBUG - 2025-02-07 17:54:02 --> Session: Class initialized using 'CodeIgniter\Session\Handlers\FileHandler' driver.
WARNING - 2025-02-07 17:54:02 --> [DEPRECATED] Creation of dynamic property Modules\Quiz\Controllers\Quiz::$db is deprecated in ROOTPATH/Modules/Quiz/Controllers/Quiz.php on line 40.
 1 SYSTEMPATH/CodeIgniter.php(903): Modules\Quiz\Controllers\Quiz->__construct()
 2 SYSTEMPATH/CodeIgniter.php(498): CodeIgniter\CodeIgniter->createController()
 3 SYSTEMPATH/CodeIgniter.php(354): CodeIgniter\CodeIgniter->handleRequest(null, Object(Config\Cache), false)
 4 SYSTEMPATH/Boot.php(334): CodeIgniter\CodeIgniter->run()
 5 SYSTEMPATH/Boot.php(67): CodeIgniter\Boot::runCodeIgniter(Object(CodeIgniter\CodeIgniter))
 6 FCPATH/index.php(56): CodeIgniter\Boot::bootWeb(Object(Config\Paths))
WARNING - 2025-02-07 17:54:02 --> Session: Sessions is enabled, and one exists. Please don't $session->start();
WARNING - 2025-02-07 17:54:02 --> [DEPRECATED] Creation of dynamic property Modules\Quiz\Model\QuizModel::$request is deprecated in ROOTPATH/Modules/Quiz/Model/QuizModel.php on line 151.
 1 ROOTPATH/Modules/Quiz/Controllers/Quiz.php(457): Modules\Quiz\Model\QuizModel->get_teachers_names()
 2 SYSTEMPATH/CodeIgniter.php(933): Modules\Quiz\Controllers\Quiz->find_teacher()
 3 SYSTEMPATH/CodeIgniter.php(507): CodeIgniter\CodeIgniter->runController(Object(Modules\Quiz\Controllers\Quiz))
 4 SYSTEMPATH/CodeIgniter.php(354): CodeIgniter\CodeIgniter->handleRequest(null, Object(Config\Cache), false)
 5 SYSTEMPATH/Boot.php(334): CodeIgniter\CodeIgniter->run()
 6 SYSTEMPATH/Boot.php(67): CodeIgniter\Boot::runCodeIgniter(Object(CodeIgniter\CodeIgniter))
 7 FCPATH/index.php(56): CodeIgniter\Boot::bootWeb(Object(Config\Paths))
DEBUG - 2025-02-07 17:54:02 --> Session: Class initialized using 'CodeIgniter\Session\Handlers\FileHandler' driver.
WARNING - 2025-02-07 17:54:07 --> [DEPRECATED] Passing lowercase HTTP method "get" is deprecated. Use uppercase HTTP method like "GET". in SYSTEMPATH/Router/RouteCollection.php on line 1026.
 1 SYSTEMPATH/Router/RouteCollection.php(1026): trigger_error('Passing lowercase HTTP method "get" is deprecated. Use uppercase HTTP method like "GET".', 16384)
 2 ROOTPATH/Modules/Home/Config/Routes.php(12): CodeIgniter\Router\RouteCollection->match([...], '/', 'Home::index')
 3 SYSTEMPATH/Router/RouteCollection.php(799): CodeIgniter\Router\RouteCollection->{closure}(Object(CodeIgniter\Router\RouteCollection))
 4 ROOTPATH/Modules/Home/Config/Routes.php(9): CodeIgniter\Router\RouteCollection->group('', [...], Object(Closure))
 5 SYSTEMPATH/Router/RouteCollection.php(372): include('/Users/alanmartin/Sites/localhost/hmvc-master/Ci4/Modules/Home/Config/Routes.php')
 6 SYSTEMPATH/Router/RouteCollection.php(342): CodeIgniter\Router\RouteCollection->discoverRoutes()
 7 SYSTEMPATH/CodeIgniter.php(821): CodeIgniter\Router\RouteCollection->loadRoutes()
 8 SYSTEMPATH/CodeIgniter.php(455): CodeIgniter\CodeIgniter->tryToRouteIt(null)
 9 SYSTEMPATH/CodeIgniter.php(354): CodeIgniter\CodeIgniter->handleRequest(null, Object(Config\Cache), false)
10 SYSTEMPATH/Boot.php(334): CodeIgniter\CodeIgniter->run()
11 SYSTEMPATH/Boot.php(67): CodeIgniter\Boot::runCodeIgniter(Object(CodeIgniter\CodeIgniter))
12 FCPATH/index.php(56): CodeIgniter\Boot::bootWeb(Object(Config\Paths))
WARNING - 2025-02-07 17:54:07 --> [DEPRECATED] Passing lowercase HTTP method "post" is deprecated. Use uppercase HTTP method like "POST". in SYSTEMPATH/Router/RouteCollection.php on line 1026.
 1 SYSTEMPATH/Router/RouteCollection.php(1026): trigger_error('Passing lowercase HTTP method "post" is deprecated. Use uppercase HTTP method like "POST".', 16384)
 2 ROOTPATH/Modules/Home/Config/Routes.php(12): CodeIgniter\Router\RouteCollection->match([...], '/', 'Home::index')
 3 SYSTEMPATH/Router/RouteCollection.php(799): CodeIgniter\Router\RouteCollection->{closure}(Object(CodeIgniter\Router\RouteCollection))
 4 ROOTPATH/Modules/Home/Config/Routes.php(9): CodeIgniter\Router\RouteCollection->group('', [...], Object(Closure))
 5 SYSTEMPATH/Router/RouteCollection.php(372): include('/Users/alanmartin/Sites/localhost/hmvc-master/Ci4/Modules/Home/Config/Routes.php')
 6 SYSTEMPATH/Router/RouteCollection.php(342): CodeIgniter\Router\RouteCollection->discoverRoutes()
 7 SYSTEMPATH/CodeIgniter.php(821): CodeIgniter\Router\RouteCollection->loadRoutes()
 8 SYSTEMPATH/CodeIgniter.php(455): CodeIgniter\CodeIgniter->tryToRouteIt(null)
 9 SYSTEMPATH/CodeIgniter.php(354): CodeIgniter\CodeIgniter->handleRequest(null, Object(Config\Cache), false)
10 SYSTEMPATH/Boot.php(334): CodeIgniter\CodeIgniter->run()
11 SYSTEMPATH/Boot.php(67): CodeIgniter\Boot::runCodeIgniter(Object(CodeIgniter\CodeIgniter))
12 FCPATH/index.php(56): CodeIgniter\Boot::bootWeb(Object(Config\Paths))
WARNING - 2025-02-07 17:54:07 --> [DEPRECATED] Passing lowercase HTTP method "get" is deprecated. Use uppercase HTTP method like "GET". in SYSTEMPATH/Router/RouteCollection.php on line 1026.
 1 SYSTEMPATH/Router/RouteCollection.php(1026): trigger_error('Passing lowercase HTTP method "get" is deprecated. Use uppercase HTTP method like "GET".', 16384)
 2 ROOTPATH/Modules/Home/Config/Routes.php(13): CodeIgniter\Router\RouteCollection->match([...], 'docs', 'Home::docs')
 3 SYSTEMPATH/Router/RouteCollection.php(799): CodeIgniter\Router\RouteCollection->{closure}(Object(CodeIgniter\Router\RouteCollection))
 4 ROOTPATH/Modules/Home/Config/Routes.php(9): CodeIgniter\Router\RouteCollection->group('', [...], Object(Closure))
 5 SYSTEMPATH/Router/RouteCollection.php(372): include('/Users/alanmartin/Sites/localhost/hmvc-master/Ci4/Modules/Home/Config/Routes.php')
 6 SYSTEMPATH/Router/RouteCollection.php(342): CodeIgniter\Router\RouteCollection->discoverRoutes()
 7 SYSTEMPATH/CodeIgniter.php(821): CodeIgniter\Router\RouteCollection->loadRoutes()
 8 SYSTEMPATH/CodeIgniter.php(455): CodeIgniter\CodeIgniter->tryToRouteIt(null)
 9 SYSTEMPATH/CodeIgniter.php(354): CodeIgniter\CodeIgniter->handleRequest(null, Object(Config\Cache), false)
10 SYSTEMPATH/Boot.php(334): CodeIgniter\CodeIgniter->run()
11 SYSTEMPATH/Boot.php(67): CodeIgniter\Boot::runCodeIgniter(Object(CodeIgniter\CodeIgniter))
12 FCPATH/index.php(56): CodeIgniter\Boot::bootWeb(Object(Config\Paths))
WARNING - 2025-02-07 17:54:07 --> [DEPRECATED] Passing lowercase HTTP method "post" is deprecated. Use uppercase HTTP method like "POST". in SYSTEMPATH/Router/RouteCollection.php on line 1026.
 1 SYSTEMPATH/Router/RouteCollection.php(1026): trigger_error('Passing lowercase HTTP method "post" is deprecated. Use uppercase HTTP method like "POST".', 16384)
 2 ROOTPATH/Modules/Home/Config/Routes.php(13): CodeIgniter\Router\RouteCollection->match([...], 'docs', 'Home::docs')
 3 SYSTEMPATH/Router/RouteCollection.php(799): CodeIgniter\Router\RouteCollection->{closure}(Object(CodeIgniter\Router\RouteCollection))
 4 ROOTPATH/Modules/Home/Config/Routes.php(9): CodeIgniter\Router\RouteCollection->group('', [...], Object(Closure))
 5 SYSTEMPATH/Router/RouteCollection.php(372): include('/Users/alanmartin/Sites/localhost/hmvc-master/Ci4/Modules/Home/Config/Routes.php')
 6 SYSTEMPATH/Router/RouteCollection.php(342): CodeIgniter\Router\RouteCollection->discoverRoutes()
 7 SYSTEMPATH/CodeIgniter.php(821): CodeIgniter\Router\RouteCollection->loadRoutes()
 8 SYSTEMPATH/CodeIgniter.php(455): CodeIgniter\CodeIgniter->tryToRouteIt(null)
 9 SYSTEMPATH/CodeIgniter.php(354): CodeIgniter\CodeIgniter->handleRequest(null, Object(Config\Cache), false)
10 SYSTEMPATH/Boot.php(334): CodeIgniter\CodeIgniter->run()
11 SYSTEMPATH/Boot.php(67): CodeIgniter\Boot::runCodeIgniter(Object(CodeIgniter\CodeIgniter))
12 FCPATH/index.php(56): CodeIgniter\Boot::bootWeb(Object(Config\Paths))
WARNING - 2025-02-07 17:54:07 --> [DEPRECATED] Passing lowercase HTTP method "get" is deprecated. Use uppercase HTTP method like "GET". in SYSTEMPATH/Router/RouteCollection.php on line 1026.
 1 SYSTEMPATH/Router/RouteCollection.php(1026): trigger_error('Passing lowercase HTTP method "get" is deprecated. Use uppercase HTTP method like "GET".', 16384)
 2 ROOTPATH/Modules/Templates/Config/Routes.php(7): CodeIgniter\Router\RouteCollection->match([...], '/', 'Templates::index')
 3 SYSTEMPATH/Router/RouteCollection.php(799): CodeIgniter\Router\RouteCollection::{closure}(Object(CodeIgniter\Router\RouteCollection))
 4 ROOTPATH/Modules/Templates/Config/Routes.php(4): CodeIgniter\Router\RouteCollection->group('', [...], Object(Closure))
 5 SYSTEMPATH/Router/RouteCollection.php(372): include('/Users/alanmartin/Sites/localhost/hmvc-master/Ci4/Modules/Templates/Config/Routes.php')
 6 SYSTEMPATH/Router/RouteCollection.php(342): CodeIgniter\Router\RouteCollection->discoverRoutes()
 7 SYSTEMPATH/CodeIgniter.php(821): CodeIgniter\Router\RouteCollection->loadRoutes()
 8 SYSTEMPATH/CodeIgniter.php(455): CodeIgniter\CodeIgniter->tryToRouteIt(null)
 9 SYSTEMPATH/CodeIgniter.php(354): CodeIgniter\CodeIgniter->handleRequest(null, Object(Config\Cache), false)
10 SYSTEMPATH/Boot.php(334): CodeIgniter\CodeIgniter->run()
11 SYSTEMPATH/Boot.php(67): CodeIgniter\Boot::runCodeIgniter(Object(CodeIgniter\CodeIgniter))
12 FCPATH/index.php(56): CodeIgniter\Boot::bootWeb(Object(Config\Paths))
WARNING - 2025-02-07 17:54:07 --> [DEPRECATED] Passing lowercase HTTP method "post" is deprecated. Use uppercase HTTP method like "POST". in SYSTEMPATH/Router/RouteCollection.php on line 1026.
 1 SYSTEMPATH/Router/RouteCollection.php(1026): trigger_error('Passing lowercase HTTP method "post" is deprecated. Use uppercase HTTP method like "POST".', 16384)
 2 ROOTPATH/Modules/Templates/Config/Routes.php(7): CodeIgniter\Router\RouteCollection->match([...], '/', 'Templates::index')
 3 SYSTEMPATH/Router/RouteCollection.php(799): CodeIgniter\Router\RouteCollection::{closure}(Object(CodeIgniter\Router\RouteCollection))
 4 ROOTPATH/Modules/Templates/Config/Routes.php(4): CodeIgniter\Router\RouteCollection->group('', [...], Object(Closure))
 5 SYSTEMPATH/Router/RouteCollection.php(372): include('/Users/alanmartin/Sites/localhost/hmvc-master/Ci4/Modules/Templates/Config/Routes.php')
 6 SYSTEMPATH/Router/RouteCollection.php(342): CodeIgniter\Router\RouteCollection->discoverRoutes()
 7 SYSTEMPATH/CodeIgniter.php(821): CodeIgniter\Router\RouteCollection->loadRoutes()
 8 SYSTEMPATH/CodeIgniter.php(455): CodeIgniter\CodeIgniter->tryToRouteIt(null)
 9 SYSTEMPATH/CodeIgniter.php(354): CodeIgniter\CodeIgniter->handleRequest(null, Object(Config\Cache), false)
10 SYSTEMPATH/Boot.php(334): CodeIgniter\CodeIgniter->run()
11 SYSTEMPATH/Boot.php(67): CodeIgniter\Boot::runCodeIgniter(Object(CodeIgniter\CodeIgniter))
12 FCPATH/index.php(56): CodeIgniter\Boot::bootWeb(Object(Config\Paths))
DEBUG - 2025-02-07 17:54:07 --> Session: Class initialized using 'CodeIgniter\Session\Handlers\FileHandler' driver.
WARNING - 2025-02-07 17:54:07 --> [DEPRECATED] Creation of dynamic property Modules\Quiz\Controllers\Quiz::$db is deprecated in ROOTPATH/Modules/Quiz/Controllers/Quiz.php on line 40.
 1 SYSTEMPATH/CodeIgniter.php(903): Modules\Quiz\Controllers\Quiz->__construct()
 2 SYSTEMPATH/CodeIgniter.php(498): CodeIgniter\CodeIgniter->createController()
 3 SYSTEMPATH/CodeIgniter.php(354): CodeIgniter\CodeIgniter->handleRequest(null, Object(Config\Cache), false)
 4 SYSTEMPATH/Boot.php(334): CodeIgniter\CodeIgniter->run()
 5 SYSTEMPATH/Boot.php(67): CodeIgniter\Boot::runCodeIgniter(Object(CodeIgniter\CodeIgniter))
 6 FCPATH/index.php(56): CodeIgniter\Boot::bootWeb(Object(Config\Paths))
WARNING - 2025-02-07 17:54:07 --> Session: Sessions is enabled, and one exists. Please don't $session->start();
WARNING - 2025-02-07 17:54:07 --> [DEPRECATED] Creation of dynamic property Modules\Quiz\Model\QuizModel::$request is deprecated in ROOTPATH/Modules/Quiz/Model/QuizModel.php on line 126.
 1 ROOTPATH/Modules/Quiz/Controllers/Quiz.php(81): Modules\Quiz\Model\QuizModel->get_teachers_quiz()
 2 SYSTEMPATH/CodeIgniter.php(933): Modules\Quiz\Controllers\Quiz->find_teachers_quiz()
 3 SYSTEMPATH/CodeIgniter.php(507): CodeIgniter\CodeIgniter->runController(Object(Modules\Quiz\Controllers\Quiz))
 4 SYSTEMPATH/CodeIgniter.php(354): CodeIgniter\CodeIgniter->handleRequest(null, Object(Config\Cache), false)
 5 SYSTEMPATH/Boot.php(334): CodeIgniter\CodeIgniter->run()
 6 SYSTEMPATH/Boot.php(67): CodeIgniter\Boot::runCodeIgniter(Object(CodeIgniter\CodeIgniter))
 7 FCPATH/index.php(56): CodeIgniter\Boot::bootWeb(Object(Config\Paths))
WARNING - 2025-02-07 17:54:07 --> [DEPRECATED] Creation of dynamic property CodeIgniter\View\View::$session is deprecated in ROOTPATH/Modules/Quiz/Views/pages/quiz/take_quiz.php on line 5.
 1 SYSTEMPATH/View/View.php(224): include('/Users/alanmartin/Sites/localhost/hmvc-master/Ci4/Modules/Quiz/Views/pages/quiz/take_quiz.php')
 2 SYSTEMPATH/View/View.php(227): CodeIgniter\View\View->CodeIgniter\View\{closure}()
 3 SYSTEMPATH/Common.php(1173): CodeIgniter\View\View->render('\\Modules\\Quiz\\Views\\pages\\quiz\\take_quiz', [], true)
 4 ROOTPATH/Modules/Quiz/Controllers/Quiz.php(83): view('\\Modules\\Quiz\\Views\\pages\\quiz\\take_quiz', [...])
 5 SYSTEMPATH/CodeIgniter.php(933): Modules\Quiz\Controllers\Quiz->find_teachers_quiz()
 6 SYSTEMPATH/CodeIgniter.php(507): CodeIgniter\CodeIgniter->runController(Object(Modules\Quiz\Controllers\Quiz))
 7 SYSTEMPATH/CodeIgniter.php(354): CodeIgniter\CodeIgniter->handleRequest(null, Object(Config\Cache), false)
 8 SYSTEMPATH/Boot.php(334): CodeIgniter\CodeIgniter->run()
 9 SYSTEMPATH/Boot.php(67): CodeIgniter\Boot::runCodeIgniter(Object(CodeIgniter\CodeIgniter))
10 FCPATH/index.php(56): CodeIgniter\Boot::bootWeb(Object(Config\Paths))
DEBUG - 2025-02-07 17:54:07 --> Session: Class initialized using 'CodeIgniter\Session\Handlers\FileHandler' driver.
WARNING - 2025-02-07 17:54:28 --> [DEPRECATED] Passing lowercase HTTP method "get" is deprecated. Use uppercase HTTP method like "GET". in SYSTEMPATH/Router/RouteCollection.php on line 1026.
 1 SYSTEMPATH/Router/RouteCollection.php(1026): trigger_error('Passing lowercase HTTP method "get" is deprecated. Use uppercase HTTP method like "GET".', 16384)
 2 ROOTPATH/Modules/Home/Config/Routes.php(12): CodeIgniter\Router\RouteCollection->match([...], '/', 'Home::index')
 3 SYSTEMPATH/Router/RouteCollection.php(799): CodeIgniter\Router\RouteCollection->{closure}(Object(CodeIgniter\Router\RouteCollection))
 4 ROOTPATH/Modules/Home/Config/Routes.php(9): CodeIgniter\Router\RouteCollection->group('', [...], Object(Closure))
 5 SYSTEMPATH/Router/RouteCollection.php(372): include('/Users/alanmartin/Sites/localhost/hmvc-master/Ci4/Modules/Home/Config/Routes.php')
 6 SYSTEMPATH/Router/RouteCollection.php(342): CodeIgniter\Router\RouteCollection->discoverRoutes()
 7 SYSTEMPATH/CodeIgniter.php(821): CodeIgniter\Router\RouteCollection->loadRoutes()
 8 SYSTEMPATH/CodeIgniter.php(455): CodeIgniter\CodeIgniter->tryToRouteIt(null)
 9 SYSTEMPATH/CodeIgniter.php(354): CodeIgniter\CodeIgniter->handleRequest(null, Object(Config\Cache), false)
10 SYSTEMPATH/Boot.php(334): CodeIgniter\CodeIgniter->run()
11 SYSTEMPATH/Boot.php(67): CodeIgniter\Boot::runCodeIgniter(Object(CodeIgniter\CodeIgniter))
12 FCPATH/index.php(56): CodeIgniter\Boot::bootWeb(Object(Config\Paths))
WARNING - 2025-02-07 17:54:28 --> [DEPRECATED] Passing lowercase HTTP method "post" is deprecated. Use uppercase HTTP method like "POST". in SYSTEMPATH/Router/RouteCollection.php on line 1026.
 1 SYSTEMPATH/Router/RouteCollection.php(1026): trigger_error('Passing lowercase HTTP method "post" is deprecated. Use uppercase HTTP method like "POST".', 16384)
 2 ROOTPATH/Modules/Home/Config/Routes.php(12): CodeIgniter\Router\RouteCollection->match([...], '/', 'Home::index')
 3 SYSTEMPATH/Router/RouteCollection.php(799): CodeIgniter\Router\RouteCollection->{closure}(Object(CodeIgniter\Router\RouteCollection))
 4 ROOTPATH/Modules/Home/Config/Routes.php(9): CodeIgniter\Router\RouteCollection->group('', [...], Object(Closure))
 5 SYSTEMPATH/Router/RouteCollection.php(372): include('/Users/alanmartin/Sites/localhost/hmvc-master/Ci4/Modules/Home/Config/Routes.php')
 6 SYSTEMPATH/Router/RouteCollection.php(342): CodeIgniter\Router\RouteCollection->discoverRoutes()
 7 SYSTEMPATH/CodeIgniter.php(821): CodeIgniter\Router\RouteCollection->loadRoutes()
 8 SYSTEMPATH/CodeIgniter.php(455): CodeIgniter\CodeIgniter->tryToRouteIt(null)
 9 SYSTEMPATH/CodeIgniter.php(354): CodeIgniter\CodeIgniter->handleRequest(null, Object(Config\Cache), false)
10 SYSTEMPATH/Boot.php(334): CodeIgniter\CodeIgniter->run()
11 SYSTEMPATH/Boot.php(67): CodeIgniter\Boot::runCodeIgniter(Object(CodeIgniter\CodeIgniter))
12 FCPATH/index.php(56): CodeIgniter\Boot::bootWeb(Object(Config\Paths))
WARNING - 2025-02-07 17:54:28 --> [DEPRECATED] Passing lowercase HTTP method "get" is deprecated. Use uppercase HTTP method like "GET". in SYSTEMPATH/Router/RouteCollection.php on line 1026.
 1 SYSTEMPATH/Router/RouteCollection.php(1026): trigger_error('Passing lowercase HTTP method "get" is deprecated. Use uppercase HTTP method like "GET".', 16384)
 2 ROOTPATH/Modules/Home/Config/Routes.php(13): CodeIgniter\Router\RouteCollection->match([...], 'docs', 'Home::docs')
 3 SYSTEMPATH/Router/RouteCollection.php(799): CodeIgniter\Router\RouteCollection->{closure}(Object(CodeIgniter\Router\RouteCollection))
 4 ROOTPATH/Modules/Home/Config/Routes.php(9): CodeIgniter\Router\RouteCollection->group('', [...], Object(Closure))
 5 SYSTEMPATH/Router/RouteCollection.php(372): include('/Users/alanmartin/Sites/localhost/hmvc-master/Ci4/Modules/Home/Config/Routes.php')
 6 SYSTEMPATH/Router/RouteCollection.php(342): CodeIgniter\Router\RouteCollection->discoverRoutes()
 7 SYSTEMPATH/CodeIgniter.php(821): CodeIgniter\Router\RouteCollection->loadRoutes()
 8 SYSTEMPATH/CodeIgniter.php(455): CodeIgniter\CodeIgniter->tryToRouteIt(null)
 9 SYSTEMPATH/CodeIgniter.php(354): CodeIgniter\CodeIgniter->handleRequest(null, Object(Config\Cache), false)
10 SYSTEMPATH/Boot.php(334): CodeIgniter\CodeIgniter->run()
11 SYSTEMPATH/Boot.php(67): CodeIgniter\Boot::runCodeIgniter(Object(CodeIgniter\CodeIgniter))
12 FCPATH/index.php(56): CodeIgniter\Boot::bootWeb(Object(Config\Paths))
WARNING - 2025-02-07 17:54:28 --> [DEPRECATED] Passing lowercase HTTP method "post" is deprecated. Use uppercase HTTP method like "POST". in SYSTEMPATH/Router/RouteCollection.php on line 1026.
 1 SYSTEMPATH/Router/RouteCollection.php(1026): trigger_error('Passing lowercase HTTP method "post" is deprecated. Use uppercase HTTP method like "POST".', 16384)
 2 ROOTPATH/Modules/Home/Config/Routes.php(13): CodeIgniter\Router\RouteCollection->match([...], 'docs', 'Home::docs')
 3 SYSTEMPATH/Router/RouteCollection.php(799): CodeIgniter\Router\RouteCollection->{closure}(Object(CodeIgniter\Router\RouteCollection))
 4 ROOTPATH/Modules/Home/Config/Routes.php(9): CodeIgniter\Router\RouteCollection->group('', [...], Object(Closure))
 5 SYSTEMPATH/Router/RouteCollection.php(372): include('/Users/alanmartin/Sites/localhost/hmvc-master/Ci4/Modules/Home/Config/Routes.php')
 6 SYSTEMPATH/Router/RouteCollection.php(342): CodeIgniter\Router\RouteCollection->discoverRoutes()
 7 SYSTEMPATH/CodeIgniter.php(821): CodeIgniter\Router\RouteCollection->loadRoutes()
 8 SYSTEMPATH/CodeIgniter.php(455): CodeIgniter\CodeIgniter->tryToRouteIt(null)
 9 SYSTEMPATH/CodeIgniter.php(354): CodeIgniter\CodeIgniter->handleRequest(null, Object(Config\Cache), false)
10 SYSTEMPATH/Boot.php(334): CodeIgniter\CodeIgniter->run()
11 SYSTEMPATH/Boot.php(67): CodeIgniter\Boot::runCodeIgniter(Object(CodeIgniter\CodeIgniter))
12 FCPATH/index.php(56): CodeIgniter\Boot::bootWeb(Object(Config\Paths))
WARNING - 2025-02-07 17:54:28 --> [DEPRECATED] Passing lowercase HTTP method "get" is deprecated. Use uppercase HTTP method like "GET". in SYSTEMPATH/Router/RouteCollection.php on line 1026.
 1 SYSTEMPATH/Router/RouteCollection.php(1026): trigger_error('Passing lowercase HTTP method "get" is deprecated. Use uppercase HTTP method like "GET".', 16384)
 2 ROOTPATH/Modules/Templates/Config/Routes.php(7): CodeIgniter\Router\RouteCollection->match([...], '/', 'Templates::index')
 3 SYSTEMPATH/Router/RouteCollection.php(799): CodeIgniter\Router\RouteCollection::{closure}(Object(CodeIgniter\Router\RouteCollection))
 4 ROOTPATH/Modules/Templates/Config/Routes.php(4): CodeIgniter\Router\RouteCollection->group('', [...], Object(Closure))
 5 SYSTEMPATH/Router/RouteCollection.php(372): include('/Users/alanmartin/Sites/localhost/hmvc-master/Ci4/Modules/Templates/Config/Routes.php')
 6 SYSTEMPATH/Router/RouteCollection.php(342): CodeIgniter\Router\RouteCollection->discoverRoutes()
 7 SYSTEMPATH/CodeIgniter.php(821): CodeIgniter\Router\RouteCollection->loadRoutes()
 8 SYSTEMPATH/CodeIgniter.php(455): CodeIgniter\CodeIgniter->tryToRouteIt(null)
 9 SYSTEMPATH/CodeIgniter.php(354): CodeIgniter\CodeIgniter->handleRequest(null, Object(Config\Cache), false)
10 SYSTEMPATH/Boot.php(334): CodeIgniter\CodeIgniter->run()
11 SYSTEMPATH/Boot.php(67): CodeIgniter\Boot::runCodeIgniter(Object(CodeIgniter\CodeIgniter))
12 FCPATH/index.php(56): CodeIgniter\Boot::bootWeb(Object(Config\Paths))
WARNING - 2025-02-07 17:54:28 --> [DEPRECATED] Passing lowercase HTTP method "post" is deprecated. Use uppercase HTTP method like "POST". in SYSTEMPATH/Router/RouteCollection.php on line 1026.
 1 SYSTEMPATH/Router/RouteCollection.php(1026): trigger_error('Passing lowercase HTTP method "post" is deprecated. Use uppercase HTTP method like "POST".', 16384)
 2 ROOTPATH/Modules/Templates/Config/Routes.php(7): CodeIgniter\Router\RouteCollection->match([...], '/', 'Templates::index')
 3 SYSTEMPATH/Router/RouteCollection.php(799): CodeIgniter\Router\RouteCollection::{closure}(Object(CodeIgniter\Router\RouteCollection))
 4 ROOTPATH/Modules/Templates/Config/Routes.php(4): CodeIgniter\Router\RouteCollection->group('', [...], Object(Closure))
 5 SYSTEMPATH/Router/RouteCollection.php(372): include('/Users/alanmartin/Sites/localhost/hmvc-master/Ci4/Modules/Templates/Config/Routes.php')
 6 SYSTEMPATH/Router/RouteCollection.php(342): CodeIgniter\Router\RouteCollection->discoverRoutes()
 7 SYSTEMPATH/CodeIgniter.php(821): CodeIgniter\Router\RouteCollection->loadRoutes()
 8 SYSTEMPATH/CodeIgniter.php(455): CodeIgniter\CodeIgniter->tryToRouteIt(null)
 9 SYSTEMPATH/CodeIgniter.php(354): CodeIgniter\CodeIgniter->handleRequest(null, Object(Config\Cache), false)
10 SYSTEMPATH/Boot.php(334): CodeIgniter\CodeIgniter->run()
11 SYSTEMPATH/Boot.php(67): CodeIgniter\Boot::runCodeIgniter(Object(CodeIgniter\CodeIgniter))
12 FCPATH/index.php(56): CodeIgniter\Boot::bootWeb(Object(Config\Paths))
DEBUG - 2025-02-07 17:54:28 --> Session: Class initialized using 'CodeIgniter\Session\Handlers\FileHandler' driver.
WARNING - 2025-02-07 17:54:28 --> [DEPRECATED] Creation of dynamic property Modules\Quiz\Controllers\Quiz::$db is deprecated in ROOTPATH/Modules/Quiz/Controllers/Quiz.php on line 40.
 1 SYSTEMPATH/CodeIgniter.php(903): Modules\Quiz\Controllers\Quiz->__construct()
 2 SYSTEMPATH/CodeIgniter.php(498): CodeIgniter\CodeIgniter->createController()
 3 SYSTEMPATH/CodeIgniter.php(354): CodeIgniter\CodeIgniter->handleRequest(null, Object(Config\Cache), false)
 4 SYSTEMPATH/Boot.php(334): CodeIgniter\CodeIgniter->run()
 5 SYSTEMPATH/Boot.php(67): CodeIgniter\Boot::runCodeIgniter(Object(CodeIgniter\CodeIgniter))
 6 FCPATH/index.php(56): CodeIgniter\Boot::bootWeb(Object(Config\Paths))
WARNING - 2025-02-07 17:54:28 --> Session: Sessions is enabled, and one exists. Please don't $session->start();
WARNING - 2025-02-07 17:54:28 --> [DEPRECATED] Creation of dynamic property Modules\Quiz\Model\QuizModel::$request is deprecated in ROOTPATH/Modules/Quiz/Model/QuizModel.php on line 82.
 1 ROOTPATH/Modules/Quiz/Controllers/Quiz.php(179): Modules\Quiz\Model\QuizModel->getQuestions()
 2 SYSTEMPATH/CodeIgniter.php(933): Modules\Quiz\Controllers\Quiz->resultDisplay()
 3 SYSTEMPATH/CodeIgniter.php(507): CodeIgniter\CodeIgniter->runController(Object(Modules\Quiz\Controllers\Quiz))
 4 SYSTEMPATH/CodeIgniter.php(354): CodeIgniter\CodeIgniter->handleRequest(null, Object(Config\Cache), false)
 5 SYSTEMPATH/Boot.php(334): CodeIgniter\CodeIgniter->run()
 6 SYSTEMPATH/Boot.php(67): CodeIgniter\Boot::runCodeIgniter(Object(CodeIgniter\CodeIgniter))
 7 FCPATH/index.php(56): CodeIgniter\Boot::bootWeb(Object(Config\Paths))
WARNING - 2025-02-07 17:54:28 --> [DEPRECATED] Creation of dynamic property CodeIgniter\View\View::$session is deprecated in ROOTPATH/Modules/Quiz/Views/pages/quiz/result_display3.php on line 72.
 1 SYSTEMPATH/View/View.php(224): include('/Users/alanmartin/Sites/localhost/hmvc-master/Ci4/Modules/Quiz/Views/pages/quiz/result_display3.php')
 2 SYSTEMPATH/View/View.php(227): CodeIgniter\View\View->CodeIgniter\View\{closure}()
 3 SYSTEMPATH/Common.php(1173): CodeIgniter\View\View->render('\\Modules\\Quiz\\Views\\pages\\quiz\\result_display3', [], true)
 4 ROOTPATH/Modules/Quiz/Controllers/Quiz.php(181): view('\\Modules\\Quiz\\Views\\pages\\quiz\\result_display3', [...])
 5 SYSTEMPATH/CodeIgniter.php(933): Modules\Quiz\Controllers\Quiz->resultDisplay()
 6 SYSTEMPATH/CodeIgniter.php(507): CodeIgniter\CodeIgniter->runController(Object(Modules\Quiz\Controllers\Quiz))
 7 SYSTEMPATH/CodeIgniter.php(354): CodeIgniter\CodeIgniter->handleRequest(null, Object(Config\Cache), false)
 8 SYSTEMPATH/Boot.php(334): CodeIgniter\CodeIgniter->run()
 9 SYSTEMPATH/Boot.php(67): CodeIgniter\Boot::runCodeIgniter(Object(CodeIgniter\CodeIgniter))
10 FCPATH/index.php(56): CodeIgniter\Boot::bootWeb(Object(Config\Paths))
DEBUG - 2025-02-07 17:54:28 --> Session: Class initialized using 'CodeIgniter\Session\Handlers\FileHandler' driver.
WARNING - 2025-02-07 17:54:32 --> [DEPRECATED] Passing lowercase HTTP method "get" is deprecated. Use uppercase HTTP method like "GET". in SYSTEMPATH/Router/RouteCollection.php on line 1026.
 1 SYSTEMPATH/Router/RouteCollection.php(1026): trigger_error('Passing lowercase HTTP method "get" is deprecated. Use uppercase HTTP method like "GET".', 16384)
 2 ROOTPATH/Modules/Home/Config/Routes.php(12): CodeIgniter\Router\RouteCollection->match([...], '/', 'Home::index')
 3 SYSTEMPATH/Router/RouteCollection.php(799): CodeIgniter\Router\RouteCollection->{closure}(Object(CodeIgniter\Router\RouteCollection))
 4 ROOTPATH/Modules/Home/Config/Routes.php(9): CodeIgniter\Router\RouteCollection->group('', [...], Object(Closure))
 5 SYSTEMPATH/Router/RouteCollection.php(372): include('/Users/alanmartin/Sites/localhost/hmvc-master/Ci4/Modules/Home/Config/Routes.php')
 6 SYSTEMPATH/Router/RouteCollection.php(342): CodeIgniter\Router\RouteCollection->discoverRoutes()
 7 SYSTEMPATH/CodeIgniter.php(821): CodeIgniter\Router\RouteCollection->loadRoutes()
 8 SYSTEMPATH/CodeIgniter.php(455): CodeIgniter\CodeIgniter->tryToRouteIt(null)
 9 SYSTEMPATH/CodeIgniter.php(354): CodeIgniter\CodeIgniter->handleRequest(null, Object(Config\Cache), false)
10 SYSTEMPATH/Boot.php(334): CodeIgniter\CodeIgniter->run()
11 SYSTEMPATH/Boot.php(67): CodeIgniter\Boot::runCodeIgniter(Object(CodeIgniter\CodeIgniter))
12 FCPATH/index.php(56): CodeIgniter\Boot::bootWeb(Object(Config\Paths))
WARNING - 2025-02-07 17:54:32 --> [DEPRECATED] Passing lowercase HTTP method "post" is deprecated. Use uppercase HTTP method like "POST". in SYSTEMPATH/Router/RouteCollection.php on line 1026.
 1 SYSTEMPATH/Router/RouteCollection.php(1026): trigger_error('Passing lowercase HTTP method "post" is deprecated. Use uppercase HTTP method like "POST".', 16384)
 2 ROOTPATH/Modules/Home/Config/Routes.php(12): CodeIgniter\Router\RouteCollection->match([...], '/', 'Home::index')
 3 SYSTEMPATH/Router/RouteCollection.php(799): CodeIgniter\Router\RouteCollection->{closure}(Object(CodeIgniter\Router\RouteCollection))
 4 ROOTPATH/Modules/Home/Config/Routes.php(9): CodeIgniter\Router\RouteCollection->group('', [...], Object(Closure))
 5 SYSTEMPATH/Router/RouteCollection.php(372): include('/Users/alanmartin/Sites/localhost/hmvc-master/Ci4/Modules/Home/Config/Routes.php')
 6 SYSTEMPATH/Router/RouteCollection.php(342): CodeIgniter\Router\RouteCollection->discoverRoutes()
 7 SYSTEMPATH/CodeIgniter.php(821): CodeIgniter\Router\RouteCollection->loadRoutes()
 8 SYSTEMPATH/CodeIgniter.php(455): CodeIgniter\CodeIgniter->tryToRouteIt(null)
 9 SYSTEMPATH/CodeIgniter.php(354): CodeIgniter\CodeIgniter->handleRequest(null, Object(Config\Cache), false)
10 SYSTEMPATH/Boot.php(334): CodeIgniter\CodeIgniter->run()
11 SYSTEMPATH/Boot.php(67): CodeIgniter\Boot::runCodeIgniter(Object(CodeIgniter\CodeIgniter))
12 FCPATH/index.php(56): CodeIgniter\Boot::bootWeb(Object(Config\Paths))
WARNING - 2025-02-07 17:54:32 --> [DEPRECATED] Passing lowercase HTTP method "get" is deprecated. Use uppercase HTTP method like "GET". in SYSTEMPATH/Router/RouteCollection.php on line 1026.
 1 SYSTEMPATH/Router/RouteCollection.php(1026): trigger_error('Passing lowercase HTTP method "get" is deprecated. Use uppercase HTTP method like "GET".', 16384)
 2 ROOTPATH/Modules/Home/Config/Routes.php(13): CodeIgniter\Router\RouteCollection->match([...], 'docs', 'Home::docs')
 3 SYSTEMPATH/Router/RouteCollection.php(799): CodeIgniter\Router\RouteCollection->{closure}(Object(CodeIgniter\Router\RouteCollection))
 4 ROOTPATH/Modules/Home/Config/Routes.php(9): CodeIgniter\Router\RouteCollection->group('', [...], Object(Closure))
 5 SYSTEMPATH/Router/RouteCollection.php(372): include('/Users/alanmartin/Sites/localhost/hmvc-master/Ci4/Modules/Home/Config/Routes.php')
 6 SYSTEMPATH/Router/RouteCollection.php(342): CodeIgniter\Router\RouteCollection->discoverRoutes()
 7 SYSTEMPATH/CodeIgniter.php(821): CodeIgniter\Router\RouteCollection->loadRoutes()
 8 SYSTEMPATH/CodeIgniter.php(455): CodeIgniter\CodeIgniter->tryToRouteIt(null)
 9 SYSTEMPATH/CodeIgniter.php(354): CodeIgniter\CodeIgniter->handleRequest(null, Object(Config\Cache), false)
10 SYSTEMPATH/Boot.php(334): CodeIgniter\CodeIgniter->run()
11 SYSTEMPATH/Boot.php(67): CodeIgniter\Boot::runCodeIgniter(Object(CodeIgniter\CodeIgniter))
12 FCPATH/index.php(56): CodeIgniter\Boot::bootWeb(Object(Config\Paths))
WARNING - 2025-02-07 17:54:32 --> [DEPRECATED] Passing lowercase HTTP method "post" is deprecated. Use uppercase HTTP method like "POST". in SYSTEMPATH/Router/RouteCollection.php on line 1026.
 1 SYSTEMPATH/Router/RouteCollection.php(1026): trigger_error('Passing lowercase HTTP method "post" is deprecated. Use uppercase HTTP method like "POST".', 16384)
 2 ROOTPATH/Modules/Home/Config/Routes.php(13): CodeIgniter\Router\RouteCollection->match([...], 'docs', 'Home::docs')
 3 SYSTEMPATH/Router/RouteCollection.php(799): CodeIgniter\Router\RouteCollection->{closure}(Object(CodeIgniter\Router\RouteCollection))
 4 ROOTPATH/Modules/Home/Config/Routes.php(9): CodeIgniter\Router\RouteCollection->group('', [...], Object(Closure))
 5 SYSTEMPATH/Router/RouteCollection.php(372): include('/Users/alanmartin/Sites/localhost/hmvc-master/Ci4/Modules/Home/Config/Routes.php')
 6 SYSTEMPATH/Router/RouteCollection.php(342): CodeIgniter\Router\RouteCollection->discoverRoutes()
 7 SYSTEMPATH/CodeIgniter.php(821): CodeIgniter\Router\RouteCollection->loadRoutes()
 8 SYSTEMPATH/CodeIgniter.php(455): CodeIgniter\CodeIgniter->tryToRouteIt(null)
 9 SYSTEMPATH/CodeIgniter.php(354): CodeIgniter\CodeIgniter->handleRequest(null, Object(Config\Cache), false)
10 SYSTEMPATH/Boot.php(334): CodeIgniter\CodeIgniter->run()
11 SYSTEMPATH/Boot.php(67): CodeIgniter\Boot::runCodeIgniter(Object(CodeIgniter\CodeIgniter))
12 FCPATH/index.php(56): CodeIgniter\Boot::bootWeb(Object(Config\Paths))
WARNING - 2025-02-07 17:54:32 --> [DEPRECATED] Passing lowercase HTTP method "get" is deprecated. Use uppercase HTTP method like "GET". in SYSTEMPATH/Router/RouteCollection.php on line 1026.
 1 SYSTEMPATH/Router/RouteCollection.php(1026): trigger_error('Passing lowercase HTTP method "get" is deprecated. Use uppercase HTTP method like "GET".', 16384)
 2 ROOTPATH/Modules/Templates/Config/Routes.php(7): CodeIgniter\Router\RouteCollection->match([...], '/', 'Templates::index')
 3 SYSTEMPATH/Router/RouteCollection.php(799): CodeIgniter\Router\RouteCollection::{closure}(Object(CodeIgniter\Router\RouteCollection))
 4 ROOTPATH/Modules/Templates/Config/Routes.php(4): CodeIgniter\Router\RouteCollection->group('', [...], Object(Closure))
 5 SYSTEMPATH/Router/RouteCollection.php(372): include('/Users/alanmartin/Sites/localhost/hmvc-master/Ci4/Modules/Templates/Config/Routes.php')
 6 SYSTEMPATH/Router/RouteCollection.php(342): CodeIgniter\Router\RouteCollection->discoverRoutes()
 7 SYSTEMPATH/CodeIgniter.php(821): CodeIgniter\Router\RouteCollection->loadRoutes()
 8 SYSTEMPATH/CodeIgniter.php(455): CodeIgniter\CodeIgniter->tryToRouteIt(null)
 9 SYSTEMPATH/CodeIgniter.php(354): CodeIgniter\CodeIgniter->handleRequest(null, Object(Config\Cache), false)
10 SYSTEMPATH/Boot.php(334): CodeIgniter\CodeIgniter->run()
11 SYSTEMPATH/Boot.php(67): CodeIgniter\Boot::runCodeIgniter(Object(CodeIgniter\CodeIgniter))
12 FCPATH/index.php(56): CodeIgniter\Boot::bootWeb(Object(Config\Paths))
WARNING - 2025-02-07 17:54:32 --> [DEPRECATED] Passing lowercase HTTP method "post" is deprecated. Use uppercase HTTP method like "POST". in SYSTEMPATH/Router/RouteCollection.php on line 1026.
 1 SYSTEMPATH/Router/RouteCollection.php(1026): trigger_error('Passing lowercase HTTP method "post" is deprecated. Use uppercase HTTP method like "POST".', 16384)
 2 ROOTPATH/Modules/Templates/Config/Routes.php(7): CodeIgniter\Router\RouteCollection->match([...], '/', 'Templates::index')
 3 SYSTEMPATH/Router/RouteCollection.php(799): CodeIgniter\Router\RouteCollection::{closure}(Object(CodeIgniter\Router\RouteCollection))
 4 ROOTPATH/Modules/Templates/Config/Routes.php(4): CodeIgniter\Router\RouteCollection->group('', [...], Object(Closure))
 5 SYSTEMPATH/Router/RouteCollection.php(372): include('/Users/alanmartin/Sites/localhost/hmvc-master/Ci4/Modules/Templates/Config/Routes.php')
 6 SYSTEMPATH/Router/RouteCollection.php(342): CodeIgniter\Router\RouteCollection->discoverRoutes()
 7 SYSTEMPATH/CodeIgniter.php(821): CodeIgniter\Router\RouteCollection->loadRoutes()
 8 SYSTEMPATH/CodeIgniter.php(455): CodeIgniter\CodeIgniter->tryToRouteIt(null)
 9 SYSTEMPATH/CodeIgniter.php(354): CodeIgniter\CodeIgniter->handleRequest(null, Object(Config\Cache), false)
10 SYSTEMPATH/Boot.php(334): CodeIgniter\CodeIgniter->run()
11 SYSTEMPATH/Boot.php(67): CodeIgniter\Boot::runCodeIgniter(Object(CodeIgniter\CodeIgniter))
12 FCPATH/index.php(56): CodeIgniter\Boot::bootWeb(Object(Config\Paths))
DEBUG - 2025-02-07 17:54:32 --> Session: Class initialized using 'CodeIgniter\Session\Handlers\FileHandler' driver.
DEBUG - 2025-02-07 17:54:32 --> Session: Class initialized using 'CodeIgniter\Session\Handlers\FileHandler' driver.
WARNING - 2025-02-07 17:54:35 --> [DEPRECATED] Passing lowercase HTTP method "get" is deprecated. Use uppercase HTTP method like "GET". in SYSTEMPATH/Router/RouteCollection.php on line 1026.
 1 SYSTEMPATH/Router/RouteCollection.php(1026): trigger_error('Passing lowercase HTTP method "get" is deprecated. Use uppercase HTTP method like "GET".', 16384)
 2 ROOTPATH/Modules/Home/Config/Routes.php(12): CodeIgniter\Router\RouteCollection->match([...], '/', 'Home::index')
 3 SYSTEMPATH/Router/RouteCollection.php(799): CodeIgniter\Router\RouteCollection->{closure}(Object(CodeIgniter\Router\RouteCollection))
 4 ROOTPATH/Modules/Home/Config/Routes.php(9): CodeIgniter\Router\RouteCollection->group('', [...], Object(Closure))
 5 SYSTEMPATH/Router/RouteCollection.php(372): include('/Users/alanmartin/Sites/localhost/hmvc-master/Ci4/Modules/Home/Config/Routes.php')
 6 SYSTEMPATH/Router/RouteCollection.php(342): CodeIgniter\Router\RouteCollection->discoverRoutes()
 7 SYSTEMPATH/CodeIgniter.php(821): CodeIgniter\Router\RouteCollection->loadRoutes()
 8 SYSTEMPATH/CodeIgniter.php(455): CodeIgniter\CodeIgniter->tryToRouteIt(null)
 9 SYSTEMPATH/CodeIgniter.php(354): CodeIgniter\CodeIgniter->handleRequest(null, Object(Config\Cache), false)
10 SYSTEMPATH/Boot.php(334): CodeIgniter\CodeIgniter->run()
11 SYSTEMPATH/Boot.php(67): CodeIgniter\Boot::runCodeIgniter(Object(CodeIgniter\CodeIgniter))
12 FCPATH/index.php(56): CodeIgniter\Boot::bootWeb(Object(Config\Paths))
WARNING - 2025-02-07 17:54:35 --> [DEPRECATED] Passing lowercase HTTP method "post" is deprecated. Use uppercase HTTP method like "POST". in SYSTEMPATH/Router/RouteCollection.php on line 1026.
 1 SYSTEMPATH/Router/RouteCollection.php(1026): trigger_error('Passing lowercase HTTP method "post" is deprecated. Use uppercase HTTP method like "POST".', 16384)
 2 ROOTPATH/Modules/Home/Config/Routes.php(12): CodeIgniter\Router\RouteCollection->match([...], '/', 'Home::index')
 3 SYSTEMPATH/Router/RouteCollection.php(799): CodeIgniter\Router\RouteCollection->{closure}(Object(CodeIgniter\Router\RouteCollection))
 4 ROOTPATH/Modules/Home/Config/Routes.php(9): CodeIgniter\Router\RouteCollection->group('', [...], Object(Closure))
 5 SYSTEMPATH/Router/RouteCollection.php(372): include('/Users/alanmartin/Sites/localhost/hmvc-master/Ci4/Modules/Home/Config/Routes.php')
 6 SYSTEMPATH/Router/RouteCollection.php(342): CodeIgniter\Router\RouteCollection->discoverRoutes()
 7 SYSTEMPATH/CodeIgniter.php(821): CodeIgniter\Router\RouteCollection->loadRoutes()
 8 SYSTEMPATH/CodeIgniter.php(455): CodeIgniter\CodeIgniter->tryToRouteIt(null)
 9 SYSTEMPATH/CodeIgniter.php(354): CodeIgniter\CodeIgniter->handleRequest(null, Object(Config\Cache), false)
10 SYSTEMPATH/Boot.php(334): CodeIgniter\CodeIgniter->run()
11 SYSTEMPATH/Boot.php(67): CodeIgniter\Boot::runCodeIgniter(Object(CodeIgniter\CodeIgniter))
12 FCPATH/index.php(56): CodeIgniter\Boot::bootWeb(Object(Config\Paths))
WARNING - 2025-02-07 17:54:35 --> [DEPRECATED] Passing lowercase HTTP method "get" is deprecated. Use uppercase HTTP method like "GET". in SYSTEMPATH/Router/RouteCollection.php on line 1026.
 1 SYSTEMPATH/Router/RouteCollection.php(1026): trigger_error('Passing lowercase HTTP method "get" is deprecated. Use uppercase HTTP method like "GET".', 16384)
 2 ROOTPATH/Modules/Home/Config/Routes.php(13): CodeIgniter\Router\RouteCollection->match([...], 'docs', 'Home::docs')
 3 SYSTEMPATH/Router/RouteCollection.php(799): CodeIgniter\Router\RouteCollection->{closure}(Object(CodeIgniter\Router\RouteCollection))
 4 ROOTPATH/Modules/Home/Config/Routes.php(9): CodeIgniter\Router\RouteCollection->group('', [...], Object(Closure))
 5 SYSTEMPATH/Router/RouteCollection.php(372): include('/Users/alanmartin/Sites/localhost/hmvc-master/Ci4/Modules/Home/Config/Routes.php')
 6 SYSTEMPATH/Router/RouteCollection.php(342): CodeIgniter\Router\RouteCollection->discoverRoutes()
 7 SYSTEMPATH/CodeIgniter.php(821): CodeIgniter\Router\RouteCollection->loadRoutes()
 8 SYSTEMPATH/CodeIgniter.php(455): CodeIgniter\CodeIgniter->tryToRouteIt(null)
 9 SYSTEMPATH/CodeIgniter.php(354): CodeIgniter\CodeIgniter->handleRequest(null, Object(Config\Cache), false)
10 SYSTEMPATH/Boot.php(334): CodeIgniter\CodeIgniter->run()
11 SYSTEMPATH/Boot.php(67): CodeIgniter\Boot::runCodeIgniter(Object(CodeIgniter\CodeIgniter))
12 FCPATH/index.php(56): CodeIgniter\Boot::bootWeb(Object(Config\Paths))
WARNING - 2025-02-07 17:54:35 --> [DEPRECATED] Passing lowercase HTTP method "post" is deprecated. Use uppercase HTTP method like "POST". in SYSTEMPATH/Router/RouteCollection.php on line 1026.
 1 SYSTEMPATH/Router/RouteCollection.php(1026): trigger_error('Passing lowercase HTTP method "post" is deprecated. Use uppercase HTTP method like "POST".', 16384)
 2 ROOTPATH/Modules/Home/Config/Routes.php(13): CodeIgniter\Router\RouteCollection->match([...], 'docs', 'Home::docs')
 3 SYSTEMPATH/Router/RouteCollection.php(799): CodeIgniter\Router\RouteCollection->{closure}(Object(CodeIgniter\Router\RouteCollection))
 4 ROOTPATH/Modules/Home/Config/Routes.php(9): CodeIgniter\Router\RouteCollection->group('', [...], Object(Closure))
 5 SYSTEMPATH/Router/RouteCollection.php(372): include('/Users/alanmartin/Sites/localhost/hmvc-master/Ci4/Modules/Home/Config/Routes.php')
 6 SYSTEMPATH/Router/RouteCollection.php(342): CodeIgniter\Router\RouteCollection->discoverRoutes()
 7 SYSTEMPATH/CodeIgniter.php(821): CodeIgniter\Router\RouteCollection->loadRoutes()
 8 SYSTEMPATH/CodeIgniter.php(455): CodeIgniter\CodeIgniter->tryToRouteIt(null)
 9 SYSTEMPATH/CodeIgniter.php(354): CodeIgniter\CodeIgniter->handleRequest(null, Object(Config\Cache), false)
10 SYSTEMPATH/Boot.php(334): CodeIgniter\CodeIgniter->run()
11 SYSTEMPATH/Boot.php(67): CodeIgniter\Boot::runCodeIgniter(Object(CodeIgniter\CodeIgniter))
12 FCPATH/index.php(56): CodeIgniter\Boot::bootWeb(Object(Config\Paths))
WARNING - 2025-02-07 17:54:35 --> [DEPRECATED] Passing lowercase HTTP method "get" is deprecated. Use uppercase HTTP method like "GET". in SYSTEMPATH/Router/RouteCollection.php on line 1026.
 1 SYSTEMPATH/Router/RouteCollection.php(1026): trigger_error('Passing lowercase HTTP method "get" is deprecated. Use uppercase HTTP method like "GET".', 16384)
 2 ROOTPATH/Modules/Templates/Config/Routes.php(7): CodeIgniter\Router\RouteCollection->match([...], '/', 'Templates::index')
 3 SYSTEMPATH/Router/RouteCollection.php(799): CodeIgniter\Router\RouteCollection::{closure}(Object(CodeIgniter\Router\RouteCollection))
 4 ROOTPATH/Modules/Templates/Config/Routes.php(4): CodeIgniter\Router\RouteCollection->group('', [...], Object(Closure))
 5 SYSTEMPATH/Router/RouteCollection.php(372): include('/Users/alanmartin/Sites/localhost/hmvc-master/Ci4/Modules/Templates/Config/Routes.php')
 6 SYSTEMPATH/Router/RouteCollection.php(342): CodeIgniter\Router\RouteCollection->discoverRoutes()
 7 SYSTEMPATH/CodeIgniter.php(821): CodeIgniter\Router\RouteCollection->loadRoutes()
 8 SYSTEMPATH/CodeIgniter.php(455): CodeIgniter\CodeIgniter->tryToRouteIt(null)
 9 SYSTEMPATH/CodeIgniter.php(354): CodeIgniter\CodeIgniter->handleRequest(null, Object(Config\Cache), false)
10 SYSTEMPATH/Boot.php(334): CodeIgniter\CodeIgniter->run()
11 SYSTEMPATH/Boot.php(67): CodeIgniter\Boot::runCodeIgniter(Object(CodeIgniter\CodeIgniter))
12 FCPATH/index.php(56): CodeIgniter\Boot::bootWeb(Object(Config\Paths))
WARNING - 2025-02-07 17:54:35 --> [DEPRECATED] Passing lowercase HTTP method "post" is deprecated. Use uppercase HTTP method like "POST". in SYSTEMPATH/Router/RouteCollection.php on line 1026.
 1 SYSTEMPATH/Router/RouteCollection.php(1026): trigger_error('Passing lowercase HTTP method "post" is deprecated. Use uppercase HTTP method like "POST".', 16384)
 2 ROOTPATH/Modules/Templates/Config/Routes.php(7): CodeIgniter\Router\RouteCollection->match([...], '/', 'Templates::index')
 3 SYSTEMPATH/Router/RouteCollection.php(799): CodeIgniter\Router\RouteCollection::{closure}(Object(CodeIgniter\Router\RouteCollection))
 4 ROOTPATH/Modules/Templates/Config/Routes.php(4): CodeIgniter\Router\RouteCollection->group('', [...], Object(Closure))
 5 SYSTEMPATH/Router/RouteCollection.php(372): include('/Users/alanmartin/Sites/localhost/hmvc-master/Ci4/Modules/Templates/Config/Routes.php')
 6 SYSTEMPATH/Router/RouteCollection.php(342): CodeIgniter\Router\RouteCollection->discoverRoutes()
 7 SYSTEMPATH/CodeIgniter.php(821): CodeIgniter\Router\RouteCollection->loadRoutes()
 8 SYSTEMPATH/CodeIgniter.php(455): CodeIgniter\CodeIgniter->tryToRouteIt(null)
 9 SYSTEMPATH/CodeIgniter.php(354): CodeIgniter\CodeIgniter->handleRequest(null, Object(Config\Cache), false)
10 SYSTEMPATH/Boot.php(334): CodeIgniter\CodeIgniter->run()
11 SYSTEMPATH/Boot.php(67): CodeIgniter\Boot::runCodeIgniter(Object(CodeIgniter\CodeIgniter))
12 FCPATH/index.php(56): CodeIgniter\Boot::bootWeb(Object(Config\Paths))
DEBUG - 2025-02-07 17:54:35 --> Session: Class initialized using 'CodeIgniter\Session\Handlers\FileHandler' driver.
DEBUG - 2025-02-07 17:54:35 --> Session: Class initialized using 'CodeIgniter\Session\Handlers\FileHandler' driver.
