ERROR - 2025-02-06 09:30:46 --> Error connecting to the database: mysqli_sql_exception: Unknown database 'hmvc_master' in /Users/alanmartin/Sites/localhost/hmvc-master/vendor/codeigniter4/framework/system/Database/MySQLi/Connection.php:201
Stack trace:
#0 /Users/alanmartin/Sites/localhost/hmvc-master/vendor/codeigniter4/framework/system/Database/MySQLi/Connection.php(201): mysqli->real_connect(NULL, 'root', Object(SensitiveParameterValue), 'hmvc_master', NULL, '/Applications/M...', 0)
#1 /Users/alanmartin/Sites/localhost/hmvc-master/vendor/codeigniter4/framework/system/Database/BaseConnection.php(421): CodeIgniter\Database\MySQLi\Connection->connect(false)
#2 /Users/alanmartin/Sites/localhost/hmvc-master/vendor/codeigniter4/framework/system/Database/BaseConnection.php(620): CodeIgniter\Database\BaseConnection->initialize()
#3 /Users/alanmartin/Sites/localhost/hmvc-master/vendor/codeigniter4/framework/system/Database/BaseConnection.php(1525): CodeIgniter\Database\BaseConnection->query('SHOW TABLES FRO...')
#4 /Users/alanmartin/Sites/localhost/hmvc-master/vendor/codeigniter4/framework/system/Database/BaseConnection.php(1545): CodeIgniter\Database\BaseConnection->listTables()
#5 /Users/alanmartin/Sites/localhost/hmvc-master/vendor/codeigniter4/framework/system/Database/MigrationRunner.php(758): CodeIgniter\Database\BaseConnection->tableExists('migrations')
#6 /Users/alanmartin/Sites/localhost/hmvc-master/vendor/codeigniter4/framework/system/Database/MigrationRunner.php(162): CodeIgniter\Database\MigrationRunner->ensureTable()
#7 /Users/alanmartin/Sites/localhost/hmvc-master/vendor/codeigniter4/framework/system/Commands/Database/Migrate.php(85): CodeIgniter\Database\MigrationRunner->latest(NULL)
#8 /Users/alanmartin/Sites/localhost/hmvc-master/vendor/codeigniter4/shield/src/Commands/Setup.php(430): CodeIgniter\Commands\Database\Migrate->run(Array)
#9 /Users/alanmartin/Sites/localhost/hmvc-master/vendor/codeigniter4/shield/src/Commands/Setup.php(97): CodeIgniter\Shield\Commands\Setup->runMigrations()
#10 /Users/alanmartin/Sites/localhost/hmvc-master/vendor/codeigniter4/shield/src/Commands/Setup.php(82): CodeIgniter\Shield\Commands\Setup->publishConfig()
#11 /Users/alanmartin/Sites/localhost/hmvc-master/vendor/codeigniter4/framework/system/CLI/Commands.php(70): CodeIgniter\Shield\Commands\Setup->run(Array)
#12 /Users/alanmartin/Sites/localhost/hmvc-master/vendor/codeigniter4/framework/system/CLI/Console.php(48): CodeIgniter\CLI\Commands->run('shield:setup', Array)
#13 /Users/alanmartin/Sites/localhost/hmvc-master/vendor/codeigniter4/framework/system/Boot.php(360): CodeIgniter\CLI\Console->run()
#14 /Users/alanmartin/Sites/localhost/hmvc-master/vendor/codeigniter4/framework/system/Boot.php(104): CodeIgniter\Boot::runCommand(Object(CodeIgniter\CLI\Console))
#15 /Users/alanmartin/Sites/localhost/hmvc-master/spark(84): CodeIgniter\Boot::bootSpark(Object(Config\Paths))
#16 {main}

Next CodeIgniter\Database\Exceptions\DatabaseException: Unknown database 'hmvc_master' in /Users/alanmartin/Sites/localhost/hmvc-master/vendor/codeigniter4/framework/system/Database/MySQLi/Connection.php:246
Stack trace:
#0 /Users/alanmartin/Sites/localhost/hmvc-master/vendor/codeigniter4/framework/system/Database/BaseConnection.php(421): CodeIgniter\Database\MySQLi\Connection->connect(false)
#1 /Users/alanmartin/Sites/localhost/hmvc-master/vendor/codeigniter4/framework/system/Database/BaseConnection.php(620): CodeIgniter\Database\BaseConnection->initialize()
#2 /Users/alanmartin/Sites/localhost/hmvc-master/vendor/codeigniter4/framework/system/Database/BaseConnection.php(1525): CodeIgniter\Database\BaseConnection->query('SHOW TABLES FRO...')
#3 /Users/alanmartin/Sites/localhost/hmvc-master/vendor/codeigniter4/framework/system/Database/BaseConnection.php(1545): CodeIgniter\Database\BaseConnection->listTables()
#4 /Users/alanmartin/Sites/localhost/hmvc-master/vendor/codeigniter4/framework/system/Database/MigrationRunner.php(758): CodeIgniter\Database\BaseConnection->tableExists('migrations')
#5 /Users/alanmartin/Sites/localhost/hmvc-master/vendor/codeigniter4/framework/system/Database/MigrationRunner.php(162): CodeIgniter\Database\MigrationRunner->ensureTable()
#6 /Users/alanmartin/Sites/localhost/hmvc-master/vendor/codeigniter4/framework/system/Commands/Database/Migrate.php(85): CodeIgniter\Database\MigrationRunner->latest(NULL)
#7 /Users/alanmartin/Sites/localhost/hmvc-master/vendor/codeigniter4/shield/src/Commands/Setup.php(430): CodeIgniter\Commands\Database\Migrate->run(Array)
#8 /Users/alanmartin/Sites/localhost/hmvc-master/vendor/codeigniter4/shield/src/Commands/Setup.php(97): CodeIgniter\Shield\Commands\Setup->runMigrations()
#9 /Users/alanmartin/Sites/localhost/hmvc-master/vendor/codeigniter4/shield/src/Commands/Setup.php(82): CodeIgniter\Shield\Commands\Setup->publishConfig()
#10 /Users/alanmartin/Sites/localhost/hmvc-master/vendor/codeigniter4/framework/system/CLI/Commands.php(70): CodeIgniter\Shield\Commands\Setup->run(Array)
#11 /Users/alanmartin/Sites/localhost/hmvc-master/vendor/codeigniter4/framework/system/CLI/Console.php(48): CodeIgniter\CLI\Commands->run('shield:setup', Array)
#12 /Users/alanmartin/Sites/localhost/hmvc-master/vendor/codeigniter4/framework/system/Boot.php(360): CodeIgniter\CLI\Console->run()
#13 /Users/alanmartin/Sites/localhost/hmvc-master/vendor/codeigniter4/framework/system/Boot.php(104): CodeIgniter\Boot::runCommand(Object(CodeIgniter\CLI\Console))
#14 /Users/alanmartin/Sites/localhost/hmvc-master/spark(84): CodeIgniter\Boot::bootSpark(Object(Config\Paths))
#15 {main}
ERROR - 2025-02-06 09:33:27 --> Error connecting to the database: mysqli_sql_exception: Unknown database 'hmvc_master' in /Users/alanmartin/Sites/localhost/hmvc-master/vendor/codeigniter4/framework/system/Database/MySQLi/Connection.php:201
Stack trace:
#0 /Users/alanmartin/Sites/localhost/hmvc-master/vendor/codeigniter4/framework/system/Database/MySQLi/Connection.php(201): mysqli->real_connect(NULL, 'root', Object(SensitiveParameterValue), 'hmvc_master', NULL, '/Applications/M...', 0)
#1 /Users/alanmartin/Sites/localhost/hmvc-master/vendor/codeigniter4/framework/system/Database/BaseConnection.php(421): CodeIgniter\Database\MySQLi\Connection->connect(false)
#2 /Users/alanmartin/Sites/localhost/hmvc-master/vendor/codeigniter4/framework/system/Database/BaseConnection.php(620): CodeIgniter\Database\BaseConnection->initialize()
#3 /Users/alanmartin/Sites/localhost/hmvc-master/vendor/codeigniter4/framework/system/Database/BaseConnection.php(1525): CodeIgniter\Database\BaseConnection->query('SHOW TABLES FRO...')
#4 /Users/alanmartin/Sites/localhost/hmvc-master/vendor/codeigniter4/framework/system/Database/BaseConnection.php(1545): CodeIgniter\Database\BaseConnection->listTables()
#5 /Users/alanmartin/Sites/localhost/hmvc-master/vendor/codeigniter4/framework/system/Database/MigrationRunner.php(758): CodeIgniter\Database\BaseConnection->tableExists('migrations')
#6 /Users/alanmartin/Sites/localhost/hmvc-master/vendor/codeigniter4/framework/system/Database/MigrationRunner.php(162): CodeIgniter\Database\MigrationRunner->ensureTable()
#7 /Users/alanmartin/Sites/localhost/hmvc-master/vendor/codeigniter4/framework/system/Commands/Database/Migrate.php(85): CodeIgniter\Database\MigrationRunner->latest(NULL)
#8 /Users/alanmartin/Sites/localhost/hmvc-master/vendor/codeigniter4/shield/src/Commands/Setup.php(430): CodeIgniter\Commands\Database\Migrate->run(Array)
#9 /Users/alanmartin/Sites/localhost/hmvc-master/vendor/codeigniter4/shield/src/Commands/Setup.php(97): CodeIgniter\Shield\Commands\Setup->runMigrations()
#10 /Users/alanmartin/Sites/localhost/hmvc-master/vendor/codeigniter4/shield/src/Commands/Setup.php(82): CodeIgniter\Shield\Commands\Setup->publishConfig()
#11 /Users/alanmartin/Sites/localhost/hmvc-master/vendor/codeigniter4/framework/system/CLI/Commands.php(70): CodeIgniter\Shield\Commands\Setup->run(Array)
#12 /Users/alanmartin/Sites/localhost/hmvc-master/vendor/codeigniter4/framework/system/CLI/Console.php(48): CodeIgniter\CLI\Commands->run('shield:setup', Array)
#13 /Users/alanmartin/Sites/localhost/hmvc-master/vendor/codeigniter4/framework/system/Boot.php(360): CodeIgniter\CLI\Console->run()
#14 /Users/alanmartin/Sites/localhost/hmvc-master/vendor/codeigniter4/framework/system/Boot.php(104): CodeIgniter\Boot::runCommand(Object(CodeIgniter\CLI\Console))
#15 /Users/alanmartin/Sites/localhost/hmvc-master/spark(84): CodeIgniter\Boot::bootSpark(Object(Config\Paths))
#16 {main}

Next CodeIgniter\Database\Exceptions\DatabaseException: Unknown database 'hmvc_master' in /Users/alanmartin/Sites/localhost/hmvc-master/vendor/codeigniter4/framework/system/Database/MySQLi/Connection.php:246
Stack trace:
#0 /Users/alanmartin/Sites/localhost/hmvc-master/vendor/codeigniter4/framework/system/Database/BaseConnection.php(421): CodeIgniter\Database\MySQLi\Connection->connect(false)
#1 /Users/alanmartin/Sites/localhost/hmvc-master/vendor/codeigniter4/framework/system/Database/BaseConnection.php(620): CodeIgniter\Database\BaseConnection->initialize()
#2 /Users/alanmartin/Sites/localhost/hmvc-master/vendor/codeigniter4/framework/system/Database/BaseConnection.php(1525): CodeIgniter\Database\BaseConnection->query('SHOW TABLES FRO...')
#3 /Users/alanmartin/Sites/localhost/hmvc-master/vendor/codeigniter4/framework/system/Database/BaseConnection.php(1545): CodeIgniter\Database\BaseConnection->listTables()
#4 /Users/alanmartin/Sites/localhost/hmvc-master/vendor/codeigniter4/framework/system/Database/MigrationRunner.php(758): CodeIgniter\Database\BaseConnection->tableExists('migrations')
#5 /Users/alanmartin/Sites/localhost/hmvc-master/vendor/codeigniter4/framework/system/Database/MigrationRunner.php(162): CodeIgniter\Database\MigrationRunner->ensureTable()
#6 /Users/alanmartin/Sites/localhost/hmvc-master/vendor/codeigniter4/framework/system/Commands/Database/Migrate.php(85): CodeIgniter\Database\MigrationRunner->latest(NULL)
#7 /Users/alanmartin/Sites/localhost/hmvc-master/vendor/codeigniter4/shield/src/Commands/Setup.php(430): CodeIgniter\Commands\Database\Migrate->run(Array)
#8 /Users/alanmartin/Sites/localhost/hmvc-master/vendor/codeigniter4/shield/src/Commands/Setup.php(97): CodeIgniter\Shield\Commands\Setup->runMigrations()
#9 /Users/alanmartin/Sites/localhost/hmvc-master/vendor/codeigniter4/shield/src/Commands/Setup.php(82): CodeIgniter\Shield\Commands\Setup->publishConfig()
#10 /Users/alanmartin/Sites/localhost/hmvc-master/vendor/codeigniter4/framework/system/CLI/Commands.php(70): CodeIgniter\Shield\Commands\Setup->run(Array)
#11 /Users/alanmartin/Sites/localhost/hmvc-master/vendor/codeigniter4/framework/system/CLI/Console.php(48): CodeIgniter\CLI\Commands->run('shield:setup', Array)
#12 /Users/alanmartin/Sites/localhost/hmvc-master/vendor/codeigniter4/framework/system/Boot.php(360): CodeIgniter\CLI\Console->run()
#13 /Users/alanmartin/Sites/localhost/hmvc-master/vendor/codeigniter4/framework/system/Boot.php(104): CodeIgniter\Boot::runCommand(Object(CodeIgniter\CLI\Console))
#14 /Users/alanmartin/Sites/localhost/hmvc-master/spark(84): CodeIgniter\Boot::bootSpark(Object(Config\Paths))
#15 {main}
ERROR - 2025-02-06 09:35:00 --> Error connecting to the database: mysqli_sql_exception: Unknown database 'hmvc_master' in /Users/alanmartin/Sites/localhost/hmvc-master/vendor/codeigniter4/framework/system/Database/MySQLi/Connection.php:201
Stack trace:
#0 /Users/alanmartin/Sites/localhost/hmvc-master/vendor/codeigniter4/framework/system/Database/MySQLi/Connection.php(201): mysqli->real_connect(NULL, 'root', Object(SensitiveParameterValue), 'hmvc_master', NULL, '/Applications/M...', 0)
#1 /Users/alanmartin/Sites/localhost/hmvc-master/vendor/codeigniter4/framework/system/Database/BaseConnection.php(421): CodeIgniter\Database\MySQLi\Connection->connect(false)
#2 /Users/alanmartin/Sites/localhost/hmvc-master/vendor/codeigniter4/framework/system/Database/BaseConnection.php(620): CodeIgniter\Database\BaseConnection->initialize()
#3 /Users/alanmartin/Sites/localhost/hmvc-master/vendor/codeigniter4/framework/system/Database/BaseConnection.php(1525): CodeIgniter\Database\BaseConnection->query('SHOW TABLES FRO...')
#4 /Users/alanmartin/Sites/localhost/hmvc-master/vendor/codeigniter4/framework/system/Database/BaseConnection.php(1545): CodeIgniter\Database\BaseConnection->listTables()
#5 /Users/alanmartin/Sites/localhost/hmvc-master/vendor/codeigniter4/framework/system/Database/MigrationRunner.php(758): CodeIgniter\Database\BaseConnection->tableExists('migrations')
#6 /Users/alanmartin/Sites/localhost/hmvc-master/vendor/codeigniter4/framework/system/Database/MigrationRunner.php(162): CodeIgniter\Database\MigrationRunner->ensureTable()
#7 /Users/alanmartin/Sites/localhost/hmvc-master/vendor/codeigniter4/framework/system/Commands/Database/Migrate.php(85): CodeIgniter\Database\MigrationRunner->latest(NULL)
#8 /Users/alanmartin/Sites/localhost/hmvc-master/vendor/codeigniter4/shield/src/Commands/Setup.php(430): CodeIgniter\Commands\Database\Migrate->run(Array)
#9 /Users/alanmartin/Sites/localhost/hmvc-master/vendor/codeigniter4/shield/src/Commands/Setup.php(97): CodeIgniter\Shield\Commands\Setup->runMigrations()
#10 /Users/alanmartin/Sites/localhost/hmvc-master/vendor/codeigniter4/shield/src/Commands/Setup.php(82): CodeIgniter\Shield\Commands\Setup->publishConfig()
#11 /Users/alanmartin/Sites/localhost/hmvc-master/vendor/codeigniter4/framework/system/CLI/Commands.php(70): CodeIgniter\Shield\Commands\Setup->run(Array)
#12 /Users/alanmartin/Sites/localhost/hmvc-master/vendor/codeigniter4/framework/system/CLI/Console.php(48): CodeIgniter\CLI\Commands->run('shield:setup', Array)
#13 /Users/alanmartin/Sites/localhost/hmvc-master/vendor/codeigniter4/framework/system/Boot.php(360): CodeIgniter\CLI\Console->run()
#14 /Users/alanmartin/Sites/localhost/hmvc-master/vendor/codeigniter4/framework/system/Boot.php(104): CodeIgniter\Boot::runCommand(Object(CodeIgniter\CLI\Console))
#15 /Users/alanmartin/Sites/localhost/hmvc-master/spark(84): CodeIgniter\Boot::bootSpark(Object(Config\Paths))
#16 {main}

Next CodeIgniter\Database\Exceptions\DatabaseException: Unknown database 'hmvc_master' in /Users/alanmartin/Sites/localhost/hmvc-master/vendor/codeigniter4/framework/system/Database/MySQLi/Connection.php:246
Stack trace:
#0 /Users/alanmartin/Sites/localhost/hmvc-master/vendor/codeigniter4/framework/system/Database/BaseConnection.php(421): CodeIgniter\Database\MySQLi\Connection->connect(false)
#1 /Users/alanmartin/Sites/localhost/hmvc-master/vendor/codeigniter4/framework/system/Database/BaseConnection.php(620): CodeIgniter\Database\BaseConnection->initialize()
#2 /Users/alanmartin/Sites/localhost/hmvc-master/vendor/codeigniter4/framework/system/Database/BaseConnection.php(1525): CodeIgniter\Database\BaseConnection->query('SHOW TABLES FRO...')
#3 /Users/alanmartin/Sites/localhost/hmvc-master/vendor/codeigniter4/framework/system/Database/BaseConnection.php(1545): CodeIgniter\Database\BaseConnection->listTables()
#4 /Users/alanmartin/Sites/localhost/hmvc-master/vendor/codeigniter4/framework/system/Database/MigrationRunner.php(758): CodeIgniter\Database\BaseConnection->tableExists('migrations')
#5 /Users/alanmartin/Sites/localhost/hmvc-master/vendor/codeigniter4/framework/system/Database/MigrationRunner.php(162): CodeIgniter\Database\MigrationRunner->ensureTable()
#6 /Users/alanmartin/Sites/localhost/hmvc-master/vendor/codeigniter4/framework/system/Commands/Database/Migrate.php(85): CodeIgniter\Database\MigrationRunner->latest(NULL)
#7 /Users/alanmartin/Sites/localhost/hmvc-master/vendor/codeigniter4/shield/src/Commands/Setup.php(430): CodeIgniter\Commands\Database\Migrate->run(Array)
#8 /Users/alanmartin/Sites/localhost/hmvc-master/vendor/codeigniter4/shield/src/Commands/Setup.php(97): CodeIgniter\Shield\Commands\Setup->runMigrations()
#9 /Users/alanmartin/Sites/localhost/hmvc-master/vendor/codeigniter4/shield/src/Commands/Setup.php(82): CodeIgniter\Shield\Commands\Setup->publishConfig()
#10 /Users/alanmartin/Sites/localhost/hmvc-master/vendor/codeigniter4/framework/system/CLI/Commands.php(70): CodeIgniter\Shield\Commands\Setup->run(Array)
#11 /Users/alanmartin/Sites/localhost/hmvc-master/vendor/codeigniter4/framework/system/CLI/Console.php(48): CodeIgniter\CLI\Commands->run('shield:setup', Array)
#12 /Users/alanmartin/Sites/localhost/hmvc-master/vendor/codeigniter4/framework/system/Boot.php(360): CodeIgniter\CLI\Console->run()
#13 /Users/alanmartin/Sites/localhost/hmvc-master/vendor/codeigniter4/framework/system/Boot.php(104): CodeIgniter\Boot::runCommand(Object(CodeIgniter\CLI\Console))
#14 /Users/alanmartin/Sites/localhost/hmvc-master/spark(84): CodeIgniter\Boot::bootSpark(Object(Config\Paths))
#15 {main}
ERROR - 2025-02-06 10:11:32 --> mysqli_sql_exception: No database selected in /Users/alanmartin/Sites/localhost/hmvc-master/Ci4/vendor/codeigniter4/framework/system/Database/MySQLi/Connection.php:327
Stack trace:
#0 /Users/alanmartin/Sites/localhost/hmvc-master/Ci4/vendor/codeigniter4/framework/system/Database/MySQLi/Connection.php(327): mysqli->query('SELECT *\nFROM `...', 0)
#1 /Users/alanmartin/Sites/localhost/hmvc-master/Ci4/vendor/codeigniter4/framework/system/Database/BaseConnection.php(738): CodeIgniter\Database\MySQLi\Connection->execute('SELECT *\nFROM `...')
#2 /Users/alanmartin/Sites/localhost/hmvc-master/Ci4/vendor/codeigniter4/framework/system/Database/BaseConnection.php(652): CodeIgniter\Database\BaseConnection->simpleQuery('SELECT *\nFROM `...')
#3 /Users/alanmartin/Sites/localhost/hmvc-master/Ci4/vendor/codeigniter4/framework/system/Database/BaseBuilder.php(1649): CodeIgniter\Database\BaseConnection->query('SELECT *\nFROM `...', Array, false)
#4 /Users/alanmartin/Sites/localhost/hmvc-master/Ci4/vendor/codeigniter4/settings/src/Handlers/DatabaseHandler.php(186): CodeIgniter\Database\BaseBuilder->get()
#5 /Users/alanmartin/Sites/localhost/hmvc-master/Ci4/vendor/codeigniter4/settings/src/Handlers/DatabaseHandler.php(51): CodeIgniter\Settings\Handlers\DatabaseHandler->hydrate(NULL)
#6 /Users/alanmartin/Sites/localhost/hmvc-master/Ci4/vendor/codeigniter4/settings/src/Settings.php(59): CodeIgniter\Settings\Handlers\DatabaseHandler->has('Config\\Auth', 'sessionConfig', NULL)
#7 /Users/alanmartin/Sites/localhost/hmvc-master/Ci4/vendor/codeigniter4/settings/src/Helpers/setting_helper.php(25): CodeIgniter\Settings\Settings->get('Auth.sessionCon...')
#8 /Users/alanmartin/Sites/localhost/hmvc-master/Ci4/vendor/codeigniter4/shield/src/Authentication/Authenticators/Session.php(685): setting('Auth.sessionCon...')
#9 /Users/alanmartin/Sites/localhost/hmvc-master/Ci4/vendor/codeigniter4/shield/src/Authentication/Authenticators/Session.php(703): CodeIgniter\Shield\Authentication\Authenticators\Session->getSessionUserInfo()
#10 /Users/alanmartin/Sites/localhost/hmvc-master/Ci4/vendor/codeigniter4/shield/src/Authentication/Authenticators/Session.php(390): CodeIgniter\Shield\Authentication\Authenticators\Session->getSessionUserKey('id')
#11 /Users/alanmartin/Sites/localhost/hmvc-master/Ci4/vendor/codeigniter4/shield/src/Authentication/Authenticators/Session.php(374): CodeIgniter\Shield\Authentication\Authenticators\Session->checkUserState()
#12 /Users/alanmartin/Sites/localhost/hmvc-master/Ci4/vendor/codeigniter4/shield/src/Auth.php(191): CodeIgniter\Shield\Authentication\Authenticators\Session->loggedIn()
#13 /Users/alanmartin/Sites/localhost/hmvc-master/Ci4/vendor/codeigniter4/shield/src/Controllers/LoginController.php(33): CodeIgniter\Shield\Auth->__call('loggedIn', Array)
#14 /Users/alanmartin/Sites/localhost/hmvc-master/Ci4/vendor/codeigniter4/framework/system/CodeIgniter.php(933): CodeIgniter\Shield\Controllers\LoginController->loginView()
#15 /Users/alanmartin/Sites/localhost/hmvc-master/Ci4/vendor/codeigniter4/framework/system/CodeIgniter.php(507): CodeIgniter\CodeIgniter->runController(Object(CodeIgniter\Shield\Controllers\LoginController))
#16 /Users/alanmartin/Sites/localhost/hmvc-master/Ci4/vendor/codeigniter4/framework/system/CodeIgniter.php(354): CodeIgniter\CodeIgniter->handleRequest(NULL, Object(Config\Cache), false)
#17 /Users/alanmartin/Sites/localhost/hmvc-master/Ci4/vendor/codeigniter4/framework/system/Boot.php(334): CodeIgniter\CodeIgniter->run()
#18 /Users/alanmartin/Sites/localhost/hmvc-master/Ci4/vendor/codeigniter4/framework/system/Boot.php(67): CodeIgniter\Boot::runCodeIgniter(Object(CodeIgniter\CodeIgniter))
#19 /Users/alanmartin/Sites/localhost/hmvc-master/public/index.php(56): CodeIgniter\Boot::bootWeb(Object(Config\Paths))
#20 {main}
CRITICAL - 2025-02-06 10:11:32 --> CodeIgniter\Database\Exceptions\DatabaseException: No database selected
[Method: GET, Route: login]
in SYSTEMPATH/Database/BaseConnection.php on line 692.
 1 SYSTEMPATH/Database/BaseBuilder.php(1649): CodeIgniter\Database\BaseConnection->query('SELECT *
FROM `settings`
WHERE `context` IS NULL', [], false)
 2 VENDORPATH/codeigniter4/settings/src/Handlers/DatabaseHandler.php(186): CodeIgniter\Database\BaseBuilder->get()
 3 VENDORPATH/codeigniter4/settings/src/Handlers/DatabaseHandler.php(51): CodeIgniter\Settings\Handlers\DatabaseHandler->hydrate(null)
 4 VENDORPATH/codeigniter4/settings/src/Settings.php(59): CodeIgniter\Settings\Handlers\DatabaseHandler->has('Config\\Auth', 'sessionConfig', null)
 5 VENDORPATH/codeigniter4/settings/src/Helpers/setting_helper.php(25): CodeIgniter\Settings\Settings->get('Auth.sessionConfig')
 6 VENDORPATH/codeigniter4/shield/src/Authentication/Authenticators/Session.php(685): setting('Auth.sessionConfig')
 7 VENDORPATH/codeigniter4/shield/src/Authentication/Authenticators/Session.php(703): CodeIgniter\Shield\Authentication\Authenticators\Session->getSessionUserInfo()
 8 VENDORPATH/codeigniter4/shield/src/Authentication/Authenticators/Session.php(390): CodeIgniter\Shield\Authentication\Authenticators\Session->getSessionUserKey('id')
 9 VENDORPATH/codeigniter4/shield/src/Authentication/Authenticators/Session.php(374): CodeIgniter\Shield\Authentication\Authenticators\Session->checkUserState()
10 VENDORPATH/codeigniter4/shield/src/Auth.php(191): CodeIgniter\Shield\Authentication\Authenticators\Session->loggedIn()
11 VENDORPATH/codeigniter4/shield/src/Controllers/LoginController.php(33): CodeIgniter\Shield\Auth->__call('loggedIn', [])
12 SYSTEMPATH/CodeIgniter.php(933): CodeIgniter\Shield\Controllers\LoginController->loginView()
13 SYSTEMPATH/CodeIgniter.php(507): CodeIgniter\CodeIgniter->runController(Object(CodeIgniter\Shield\Controllers\LoginController))
14 SYSTEMPATH/CodeIgniter.php(354): CodeIgniter\CodeIgniter->handleRequest(null, Object(Config\Cache), false)
15 SYSTEMPATH/Boot.php(334): CodeIgniter\CodeIgniter->run()
16 SYSTEMPATH/Boot.php(67): CodeIgniter\Boot::runCodeIgniter(Object(CodeIgniter\CodeIgniter))
17 FCPATH/index.php(56): CodeIgniter\Boot::bootWeb(Object(Config\Paths))
CRITICAL - 2025-02-06 10:11:32 --> [Caused by] CodeIgniter\Database\Exceptions\DatabaseException: No database selected
in SYSTEMPATH/Database/MySQLi/Connection.php on line 332.
 1 SYSTEMPATH/Database/BaseConnection.php(738): CodeIgniter\Database\MySQLi\Connection->execute('SELECT *
FROM `settings`
WHERE `context` IS NULL')
 2 SYSTEMPATH/Database/BaseConnection.php(652): CodeIgniter\Database\BaseConnection->simpleQuery('SELECT *
FROM `settings`
WHERE `context` IS NULL')
 3 SYSTEMPATH/Database/BaseBuilder.php(1649): CodeIgniter\Database\BaseConnection->query('SELECT *
FROM `settings`
WHERE `context` IS NULL', [], false)
 4 VENDORPATH/codeigniter4/settings/src/Handlers/DatabaseHandler.php(186): CodeIgniter\Database\BaseBuilder->get()
 5 VENDORPATH/codeigniter4/settings/src/Handlers/DatabaseHandler.php(51): CodeIgniter\Settings\Handlers\DatabaseHandler->hydrate(null)
 6 VENDORPATH/codeigniter4/settings/src/Settings.php(59): CodeIgniter\Settings\Handlers\DatabaseHandler->has('Config\\Auth', 'sessionConfig', null)
 7 VENDORPATH/codeigniter4/settings/src/Helpers/setting_helper.php(25): CodeIgniter\Settings\Settings->get('Auth.sessionConfig')
 8 VENDORPATH/codeigniter4/shield/src/Authentication/Authenticators/Session.php(685): setting('Auth.sessionConfig')
 9 VENDORPATH/codeigniter4/shield/src/Authentication/Authenticators/Session.php(703): CodeIgniter\Shield\Authentication\Authenticators\Session->getSessionUserInfo()
10 VENDORPATH/codeigniter4/shield/src/Authentication/Authenticators/Session.php(390): CodeIgniter\Shield\Authentication\Authenticators\Session->getSessionUserKey('id')
11 VENDORPATH/codeigniter4/shield/src/Authentication/Authenticators/Session.php(374): CodeIgniter\Shield\Authentication\Authenticators\Session->checkUserState()
12 VENDORPATH/codeigniter4/shield/src/Auth.php(191): CodeIgniter\Shield\Authentication\Authenticators\Session->loggedIn()
13 VENDORPATH/codeigniter4/shield/src/Controllers/LoginController.php(33): CodeIgniter\Shield\Auth->__call('loggedIn', [])
14 SYSTEMPATH/CodeIgniter.php(933): CodeIgniter\Shield\Controllers\LoginController->loginView()
15 SYSTEMPATH/CodeIgniter.php(507): CodeIgniter\CodeIgniter->runController(Object(CodeIgniter\Shield\Controllers\LoginController))
16 SYSTEMPATH/CodeIgniter.php(354): CodeIgniter\CodeIgniter->handleRequest(null, Object(Config\Cache), false)
17 SYSTEMPATH/Boot.php(334): CodeIgniter\CodeIgniter->run()
18 SYSTEMPATH/Boot.php(67): CodeIgniter\Boot::runCodeIgniter(Object(CodeIgniter\CodeIgniter))
19 FCPATH/index.php(56): CodeIgniter\Boot::bootWeb(Object(Config\Paths))
CRITICAL - 2025-02-06 10:11:32 --> [Caused by] mysqli_sql_exception: No database selected
in SYSTEMPATH/Database/MySQLi/Connection.php on line 327.
 1 SYSTEMPATH/Database/MySQLi/Connection.php(327): mysqli->query('SELECT *
FROM `settings`
WHERE `context` IS NULL', 0)
 2 SYSTEMPATH/Database/BaseConnection.php(738): CodeIgniter\Database\MySQLi\Connection->execute('SELECT *
FROM `settings`
WHERE `context` IS NULL')
 3 SYSTEMPATH/Database/BaseConnection.php(652): CodeIgniter\Database\BaseConnection->simpleQuery('SELECT *
FROM `settings`
WHERE `context` IS NULL')
 4 SYSTEMPATH/Database/BaseBuilder.php(1649): CodeIgniter\Database\BaseConnection->query('SELECT *
FROM `settings`
WHERE `context` IS NULL', [], false)
 5 VENDORPATH/codeigniter4/settings/src/Handlers/DatabaseHandler.php(186): CodeIgniter\Database\BaseBuilder->get()
 6 VENDORPATH/codeigniter4/settings/src/Handlers/DatabaseHandler.php(51): CodeIgniter\Settings\Handlers\DatabaseHandler->hydrate(null)
 7 VENDORPATH/codeigniter4/settings/src/Settings.php(59): CodeIgniter\Settings\Handlers\DatabaseHandler->has('Config\\Auth', 'sessionConfig', null)
 8 VENDORPATH/codeigniter4/settings/src/Helpers/setting_helper.php(25): CodeIgniter\Settings\Settings->get('Auth.sessionConfig')
 9 VENDORPATH/codeigniter4/shield/src/Authentication/Authenticators/Session.php(685): setting('Auth.sessionConfig')
10 VENDORPATH/codeigniter4/shield/src/Authentication/Authenticators/Session.php(703): CodeIgniter\Shield\Authentication\Authenticators\Session->getSessionUserInfo()
11 VENDORPATH/codeigniter4/shield/src/Authentication/Authenticators/Session.php(390): CodeIgniter\Shield\Authentication\Authenticators\Session->getSessionUserKey('id')
12 VENDORPATH/codeigniter4/shield/src/Authentication/Authenticators/Session.php(374): CodeIgniter\Shield\Authentication\Authenticators\Session->checkUserState()
13 VENDORPATH/codeigniter4/shield/src/Auth.php(191): CodeIgniter\Shield\Authentication\Authenticators\Session->loggedIn()
14 VENDORPATH/codeigniter4/shield/src/Controllers/LoginController.php(33): CodeIgniter\Shield\Auth->__call('loggedIn', [])
15 SYSTEMPATH/CodeIgniter.php(933): CodeIgniter\Shield\Controllers\LoginController->loginView()
16 SYSTEMPATH/CodeIgniter.php(507): CodeIgniter\CodeIgniter->runController(Object(CodeIgniter\Shield\Controllers\LoginController))
17 SYSTEMPATH/CodeIgniter.php(354): CodeIgniter\CodeIgniter->handleRequest(null, Object(Config\Cache), false)
18 SYSTEMPATH/Boot.php(334): CodeIgniter\CodeIgniter->run()
19 SYSTEMPATH/Boot.php(67): CodeIgniter\Boot::runCodeIgniter(Object(CodeIgniter\CodeIgniter))
20 FCPATH/index.php(56): CodeIgniter\Boot::bootWeb(Object(Config\Paths))
DEBUG - 2025-02-06 10:15:05 --> Session: Class initialized using 'CodeIgniter\Session\Handlers\FileHandler' driver.
DEBUG - 2025-02-06 10:15:05 --> Session: Class initialized using 'CodeIgniter\Session\Handlers\FileHandler' driver.
DEBUG - 2025-02-06 10:15:17 --> Session: Class initialized using 'CodeIgniter\Session\Handlers\FileHandler' driver.
DEBUG - 2025-02-06 10:15:17 --> Session: Class initialized using 'CodeIgniter\Session\Handlers\FileHandler' driver.
DEBUG - 2025-02-06 10:41:28 --> Session: Class initialized using 'CodeIgniter\Session\Handlers\FileHandler' driver.
DEBUG - 2025-02-06 10:41:28 --> Session: Class initialized using 'CodeIgniter\Session\Handlers\FileHandler' driver.
ERROR - 2025-02-06 10:45:02 --> mysqli_sql_exception: Table 'hmvc_master.hits' doesn't exist in /Users/alanmartin/Sites/localhost/hmvc-master/Ci4/vendor/codeigniter4/framework/system/Database/MySQLi/Connection.php:327
Stack trace:
#0 /Users/alanmartin/Sites/localhost/hmvc-master/Ci4/vendor/codeigniter4/framework/system/Database/MySQLi/Connection.php(327): mysqli->query('SELECT *\nFROM `...', 0)
#1 /Users/alanmartin/Sites/localhost/hmvc-master/Ci4/vendor/codeigniter4/framework/system/Database/BaseConnection.php(738): CodeIgniter\Database\MySQLi\Connection->execute('SELECT *\nFROM `...')
#2 /Users/alanmartin/Sites/localhost/hmvc-master/Ci4/vendor/codeigniter4/framework/system/Database/BaseConnection.php(652): CodeIgniter\Database\BaseConnection->simpleQuery('SELECT *\nFROM `...')
#3 /Users/alanmartin/Sites/localhost/hmvc-master/Ci4/vendor/codeigniter4/framework/system/Database/BaseBuilder.php(1649): CodeIgniter\Database\BaseConnection->query('SELECT *\nFROM `...', Array, false)
#4 /Users/alanmartin/Sites/localhost/hmvc-master/Ci4/vendor/codeigniter4/framework/system/Model.php(286): CodeIgniter\Database\BaseBuilder->get()
#5 /Users/alanmartin/Sites/localhost/hmvc-master/Ci4/vendor/codeigniter4/framework/system/BaseModel.php(675): CodeIgniter\Model->doFindAll(0, 0)
#6 /Users/alanmartin/Sites/localhost/hmvc-master/Ci4/Modules/Home/Controllers/Home.php(34): CodeIgniter\BaseModel->findAll()
#7 /Users/alanmartin/Sites/localhost/hmvc-master/Ci4/vendor/codeigniter4/framework/system/CodeIgniter.php(933): Modules\Home\Controllers\Home->index()
#8 /Users/alanmartin/Sites/localhost/hmvc-master/Ci4/vendor/codeigniter4/framework/system/CodeIgniter.php(507): CodeIgniter\CodeIgniter->runController(Object(Modules\Home\Controllers\Home))
#9 /Users/alanmartin/Sites/localhost/hmvc-master/Ci4/vendor/codeigniter4/framework/system/CodeIgniter.php(354): CodeIgniter\CodeIgniter->handleRequest(NULL, Object(Config\Cache), false)
#10 /Users/alanmartin/Sites/localhost/hmvc-master/Ci4/vendor/codeigniter4/framework/system/Boot.php(334): CodeIgniter\CodeIgniter->run()
#11 /Users/alanmartin/Sites/localhost/hmvc-master/Ci4/vendor/codeigniter4/framework/system/Boot.php(67): CodeIgniter\Boot::runCodeIgniter(Object(CodeIgniter\CodeIgniter))
#12 /Users/alanmartin/Sites/localhost/hmvc-master/public/index.php(56): CodeIgniter\Boot::bootWeb(Object(Config\Paths))
#13 {main}
CRITICAL - 2025-02-06 10:45:02 --> CodeIgniter\Database\Exceptions\DatabaseException: Table 'hmvc_master.hits' doesn't exist
[Method: GET, Route: /]
in SYSTEMPATH/Database/BaseConnection.php on line 692.
 1 SYSTEMPATH/Database/BaseBuilder.php(1649): CodeIgniter\Database\BaseConnection->query('SELECT *
FROM `hits`', [], false)
 2 SYSTEMPATH/Model.php(286): CodeIgniter\Database\BaseBuilder->get()
 3 SYSTEMPATH/BaseModel.php(675): CodeIgniter\Model->doFindAll(0, 0)
 4 ROOTPATH/Modules/Home/Controllers/Home.php(34): CodeIgniter\BaseModel->findAll()
 5 SYSTEMPATH/CodeIgniter.php(933): Modules\Home\Controllers\Home->index()
 6 SYSTEMPATH/CodeIgniter.php(507): CodeIgniter\CodeIgniter->runController(Object(Modules\Home\Controllers\Home))
 7 SYSTEMPATH/CodeIgniter.php(354): CodeIgniter\CodeIgniter->handleRequest(null, Object(Config\Cache), false)
 8 SYSTEMPATH/Boot.php(334): CodeIgniter\CodeIgniter->run()
 9 SYSTEMPATH/Boot.php(67): CodeIgniter\Boot::runCodeIgniter(Object(CodeIgniter\CodeIgniter))
10 FCPATH/index.php(56): CodeIgniter\Boot::bootWeb(Object(Config\Paths))
CRITICAL - 2025-02-06 10:45:02 --> [Caused by] CodeIgniter\Database\Exceptions\DatabaseException: Table 'hmvc_master.hits' doesn't exist
in SYSTEMPATH/Database/MySQLi/Connection.php on line 332.
 1 SYSTEMPATH/Database/BaseConnection.php(738): CodeIgniter\Database\MySQLi\Connection->execute('SELECT *
FROM `hits`')
 2 SYSTEMPATH/Database/BaseConnection.php(652): CodeIgniter\Database\BaseConnection->simpleQuery('SELECT *
FROM `hits`')
 3 SYSTEMPATH/Database/BaseBuilder.php(1649): CodeIgniter\Database\BaseConnection->query('SELECT *
FROM `hits`', [], false)
 4 SYSTEMPATH/Model.php(286): CodeIgniter\Database\BaseBuilder->get()
 5 SYSTEMPATH/BaseModel.php(675): CodeIgniter\Model->doFindAll(0, 0)
 6 ROOTPATH/Modules/Home/Controllers/Home.php(34): CodeIgniter\BaseModel->findAll()
 7 SYSTEMPATH/CodeIgniter.php(933): Modules\Home\Controllers\Home->index()
 8 SYSTEMPATH/CodeIgniter.php(507): CodeIgniter\CodeIgniter->runController(Object(Modules\Home\Controllers\Home))
 9 SYSTEMPATH/CodeIgniter.php(354): CodeIgniter\CodeIgniter->handleRequest(null, Object(Config\Cache), false)
10 SYSTEMPATH/Boot.php(334): CodeIgniter\CodeIgniter->run()
11 SYSTEMPATH/Boot.php(67): CodeIgniter\Boot::runCodeIgniter(Object(CodeIgniter\CodeIgniter))
12 FCPATH/index.php(56): CodeIgniter\Boot::bootWeb(Object(Config\Paths))
CRITICAL - 2025-02-06 10:45:02 --> [Caused by] mysqli_sql_exception: Table 'hmvc_master.hits' doesn't exist
in SYSTEMPATH/Database/MySQLi/Connection.php on line 327.
 1 SYSTEMPATH/Database/MySQLi/Connection.php(327): mysqli->query('SELECT *
FROM `hits`', 0)
 2 SYSTEMPATH/Database/BaseConnection.php(738): CodeIgniter\Database\MySQLi\Connection->execute('SELECT *
FROM `hits`')
 3 SYSTEMPATH/Database/BaseConnection.php(652): CodeIgniter\Database\BaseConnection->simpleQuery('SELECT *
FROM `hits`')
 4 SYSTEMPATH/Database/BaseBuilder.php(1649): CodeIgniter\Database\BaseConnection->query('SELECT *
FROM `hits`', [], false)
 5 SYSTEMPATH/Model.php(286): CodeIgniter\Database\BaseBuilder->get()
 6 SYSTEMPATH/BaseModel.php(675): CodeIgniter\Model->doFindAll(0, 0)
 7 ROOTPATH/Modules/Home/Controllers/Home.php(34): CodeIgniter\BaseModel->findAll()
 8 SYSTEMPATH/CodeIgniter.php(933): Modules\Home\Controllers\Home->index()
 9 SYSTEMPATH/CodeIgniter.php(507): CodeIgniter\CodeIgniter->runController(Object(Modules\Home\Controllers\Home))
10 SYSTEMPATH/CodeIgniter.php(354): CodeIgniter\CodeIgniter->handleRequest(null, Object(Config\Cache), false)
11 SYSTEMPATH/Boot.php(334): CodeIgniter\CodeIgniter->run()
12 SYSTEMPATH/Boot.php(67): CodeIgniter\Boot::runCodeIgniter(Object(CodeIgniter\CodeIgniter))
13 FCPATH/index.php(56): CodeIgniter\Boot::bootWeb(Object(Config\Paths))
CRITICAL - 2025-02-06 10:47:40 --> CodeIgniter\View\Exceptions\ViewException: Invalid file: "\Modules\Templates\Views\Public\header.php"
[Method: GET, Route: /]
in SYSTEMPATH/Exceptions/FrameworkException.php on line 39.
 1 SYSTEMPATH/View/View.php(212): CodeIgniter\Exceptions\FrameworkException::forInvalidFile('\\Modules\\Templates\\Views\\Public\\header.php')
 2 SYSTEMPATH/Common.php(1173): CodeIgniter\View\View->render('\\Modules\\Templates\\Views\\Public\\header', [], true)
 3 ROOTPATH/Modules/Home/Controllers/Home.php(38): view('\\Modules\\Templates\\Views\\Public\\header', [...])
 4 SYSTEMPATH/CodeIgniter.php(933): Modules\Home\Controllers\Home->index()
 5 SYSTEMPATH/CodeIgniter.php(507): CodeIgniter\CodeIgniter->runController(Object(Modules\Home\Controllers\Home))
 6 SYSTEMPATH/CodeIgniter.php(354): CodeIgniter\CodeIgniter->handleRequest(null, Object(Config\Cache), false)
 7 SYSTEMPATH/Boot.php(334): CodeIgniter\CodeIgniter->run()
 8 SYSTEMPATH/Boot.php(67): CodeIgniter\Boot::runCodeIgniter(Object(CodeIgniter\CodeIgniter))
 9 FCPATH/index.php(56): CodeIgniter\Boot::bootWeb(Object(Config\Paths))
CRITICAL - 2025-02-06 10:47:41 --> CodeIgniter\View\Exceptions\ViewException: Invalid file: "\Modules\Templates\Views\Public\header.php"
[Method: GET, Route: /]
in SYSTEMPATH/Exceptions/FrameworkException.php on line 39.
 1 SYSTEMPATH/View/View.php(212): CodeIgniter\Exceptions\FrameworkException::forInvalidFile('\\Modules\\Templates\\Views\\Public\\header.php')
 2 SYSTEMPATH/Common.php(1173): CodeIgniter\View\View->render('\\Modules\\Templates\\Views\\Public\\header', [], true)
 3 ROOTPATH/Modules/Home/Controllers/Home.php(38): view('\\Modules\\Templates\\Views\\Public\\header', [...])
 4 SYSTEMPATH/CodeIgniter.php(933): Modules\Home\Controllers\Home->index()
 5 SYSTEMPATH/CodeIgniter.php(507): CodeIgniter\CodeIgniter->runController(Object(Modules\Home\Controllers\Home))
 6 SYSTEMPATH/CodeIgniter.php(354): CodeIgniter\CodeIgniter->handleRequest(null, Object(Config\Cache), false)
 7 SYSTEMPATH/Boot.php(334): CodeIgniter\CodeIgniter->run()
 8 SYSTEMPATH/Boot.php(67): CodeIgniter\Boot::runCodeIgniter(Object(CodeIgniter\CodeIgniter))
 9 FCPATH/index.php(56): CodeIgniter\Boot::bootWeb(Object(Config\Paths))
CRITICAL - 2025-02-06 10:49:49 --> CodeIgniter\View\Exceptions\ViewException: Invalid file: "\Modules\Templates\Views\Public\header.php"
[Method: GET, Route: /]
in SYSTEMPATH/Exceptions/FrameworkException.php on line 39.
 1 SYSTEMPATH/View/View.php(212): CodeIgniter\Exceptions\FrameworkException::forInvalidFile('\\Modules\\Templates\\Views\\Public\\header.php')
 2 SYSTEMPATH/Common.php(1173): CodeIgniter\View\View->render('\\Modules\\Templates\\Views\\Public\\header', [], true)
 3 ROOTPATH/Modules/Home/Controllers/Home.php(38): view('\\Modules\\Templates\\Views\\Public\\header', [...])
 4 SYSTEMPATH/CodeIgniter.php(933): Modules\Home\Controllers\Home->index()
 5 SYSTEMPATH/CodeIgniter.php(507): CodeIgniter\CodeIgniter->runController(Object(Modules\Home\Controllers\Home))
 6 SYSTEMPATH/CodeIgniter.php(354): CodeIgniter\CodeIgniter->handleRequest(null, Object(Config\Cache), false)
 7 SYSTEMPATH/Boot.php(334): CodeIgniter\CodeIgniter->run()
 8 SYSTEMPATH/Boot.php(67): CodeIgniter\Boot::runCodeIgniter(Object(CodeIgniter\CodeIgniter))
 9 FCPATH/index.php(56): CodeIgniter\Boot::bootWeb(Object(Config\Paths))
CRITICAL - 2025-02-06 10:49:52 --> CodeIgniter\View\Exceptions\ViewException: Invalid file: "\Modules\Templates\Views\Public\header.php"
[Method: GET, Route: /]
in SYSTEMPATH/Exceptions/FrameworkException.php on line 39.
 1 SYSTEMPATH/View/View.php(212): CodeIgniter\Exceptions\FrameworkException::forInvalidFile('\\Modules\\Templates\\Views\\Public\\header.php')
 2 SYSTEMPATH/Common.php(1173): CodeIgniter\View\View->render('\\Modules\\Templates\\Views\\Public\\header', [], true)
 3 ROOTPATH/Modules/Home/Controllers/Home.php(38): view('\\Modules\\Templates\\Views\\Public\\header', [...])
 4 SYSTEMPATH/CodeIgniter.php(933): Modules\Home\Controllers\Home->index()
 5 SYSTEMPATH/CodeIgniter.php(507): CodeIgniter\CodeIgniter->runController(Object(Modules\Home\Controllers\Home))
 6 SYSTEMPATH/CodeIgniter.php(354): CodeIgniter\CodeIgniter->handleRequest(null, Object(Config\Cache), false)
 7 SYSTEMPATH/Boot.php(334): CodeIgniter\CodeIgniter->run()
 8 SYSTEMPATH/Boot.php(67): CodeIgniter\Boot::runCodeIgniter(Object(CodeIgniter\CodeIgniter))
 9 FCPATH/index.php(56): CodeIgniter\Boot::bootWeb(Object(Config\Paths))
WARNING - 2025-02-06 10:51:29 --> [DEPRECATED] Passing lowercase HTTP method "get" is deprecated. Use uppercase HTTP method like "GET". in SYSTEMPATH/Router/RouteCollection.php on line 1026.
 1 SYSTEMPATH/Router/RouteCollection.php(1026): trigger_error('Passing lowercase HTTP method "get" is deprecated. Use uppercase HTTP method like "GET".', 16384)
 2 ROOTPATH/Modules/Templates/Config/Routes.php(7): CodeIgniter\Router\RouteCollection->match([...], '/', 'Templates::index')
 3 SYSTEMPATH/Router/RouteCollection.php(799): CodeIgniter\Router\RouteCollection->{closure}(Object(CodeIgniter\Router\RouteCollection))
 4 ROOTPATH/Modules/Templates/Config/Routes.php(4): CodeIgniter\Router\RouteCollection->group('templates', [...], Object(Closure))
 5 SYSTEMPATH/Router/RouteCollection.php(372): include('/Users/alanmartin/Sites/localhost/hmvc-master/Ci4/Modules/Templates/Config/Routes.php')
 6 SYSTEMPATH/Router/RouteCollection.php(342): CodeIgniter\Router\RouteCollection->discoverRoutes()
 7 SYSTEMPATH/CodeIgniter.php(821): CodeIgniter\Router\RouteCollection->loadRoutes()
 8 SYSTEMPATH/CodeIgniter.php(455): CodeIgniter\CodeIgniter->tryToRouteIt(null)
 9 SYSTEMPATH/CodeIgniter.php(354): CodeIgniter\CodeIgniter->handleRequest(null, Object(Config\Cache), false)
10 SYSTEMPATH/Boot.php(334): CodeIgniter\CodeIgniter->run()
11 SYSTEMPATH/Boot.php(67): CodeIgniter\Boot::runCodeIgniter(Object(CodeIgniter\CodeIgniter))
12 FCPATH/index.php(56): CodeIgniter\Boot::bootWeb(Object(Config\Paths))
WARNING - 2025-02-06 10:51:29 --> [DEPRECATED] Passing lowercase HTTP method "post" is deprecated. Use uppercase HTTP method like "POST". in SYSTEMPATH/Router/RouteCollection.php on line 1026.
 1 SYSTEMPATH/Router/RouteCollection.php(1026): trigger_error('Passing lowercase HTTP method "post" is deprecated. Use uppercase HTTP method like "POST".', 16384)
 2 ROOTPATH/Modules/Templates/Config/Routes.php(7): CodeIgniter\Router\RouteCollection->match([...], '/', 'Templates::index')
 3 SYSTEMPATH/Router/RouteCollection.php(799): CodeIgniter\Router\RouteCollection->{closure}(Object(CodeIgniter\Router\RouteCollection))
 4 ROOTPATH/Modules/Templates/Config/Routes.php(4): CodeIgniter\Router\RouteCollection->group('templates', [...], Object(Closure))
 5 SYSTEMPATH/Router/RouteCollection.php(372): include('/Users/alanmartin/Sites/localhost/hmvc-master/Ci4/Modules/Templates/Config/Routes.php')
 6 SYSTEMPATH/Router/RouteCollection.php(342): CodeIgniter\Router\RouteCollection->discoverRoutes()
 7 SYSTEMPATH/CodeIgniter.php(821): CodeIgniter\Router\RouteCollection->loadRoutes()
 8 SYSTEMPATH/CodeIgniter.php(455): CodeIgniter\CodeIgniter->tryToRouteIt(null)
 9 SYSTEMPATH/CodeIgniter.php(354): CodeIgniter\CodeIgniter->handleRequest(null, Object(Config\Cache), false)
10 SYSTEMPATH/Boot.php(334): CodeIgniter\CodeIgniter->run()
11 SYSTEMPATH/Boot.php(67): CodeIgniter\Boot::runCodeIgniter(Object(CodeIgniter\CodeIgniter))
12 FCPATH/index.php(56): CodeIgniter\Boot::bootWeb(Object(Config\Paths))
DEBUG - 2025-02-06 10:51:29 --> Session: Class initialized using 'CodeIgniter\Session\Handlers\FileHandler' driver.
WARNING - 2025-02-06 10:51:29 --> [DEPRECATED] Passing lowercase HTTP method "get" is deprecated. Use uppercase HTTP method like "GET". in SYSTEMPATH/Router/RouteCollection.php on line 1026.
 1 SYSTEMPATH/Router/RouteCollection.php(1026): trigger_error('Passing lowercase HTTP method "get" is deprecated. Use uppercase HTTP method like "GET".', 16384)
 2 ROOTPATH/Modules/Templates/Config/Routes.php(7): CodeIgniter\Router\RouteCollection->match([...], '/', 'Templates::index')
 3 SYSTEMPATH/Router/RouteCollection.php(799): CodeIgniter\Router\RouteCollection->{closure}(Object(CodeIgniter\Router\RouteCollection))
 4 ROOTPATH/Modules/Templates/Config/Routes.php(4): CodeIgniter\Router\RouteCollection->group('templates', [...], Object(Closure))
 5 SYSTEMPATH/Router/RouteCollection.php(372): include('/Users/alanmartin/Sites/localhost/hmvc-master/Ci4/Modules/Templates/Config/Routes.php')
 6 SYSTEMPATH/Router/RouteCollection.php(342): CodeIgniter\Router\RouteCollection->discoverRoutes()
 7 SYSTEMPATH/CodeIgniter.php(821): CodeIgniter\Router\RouteCollection->loadRoutes()
 8 SYSTEMPATH/CodeIgniter.php(455): CodeIgniter\CodeIgniter->tryToRouteIt(null)
 9 SYSTEMPATH/CodeIgniter.php(354): CodeIgniter\CodeIgniter->handleRequest(null, Object(Config\Cache), false)
10 SYSTEMPATH/Boot.php(334): CodeIgniter\CodeIgniter->run()
11 SYSTEMPATH/Boot.php(67): CodeIgniter\Boot::runCodeIgniter(Object(CodeIgniter\CodeIgniter))
12 FCPATH/index.php(56): CodeIgniter\Boot::bootWeb(Object(Config\Paths))
WARNING - 2025-02-06 10:51:29 --> [DEPRECATED] Passing lowercase HTTP method "post" is deprecated. Use uppercase HTTP method like "POST". in SYSTEMPATH/Router/RouteCollection.php on line 1026.
 1 SYSTEMPATH/Router/RouteCollection.php(1026): trigger_error('Passing lowercase HTTP method "post" is deprecated. Use uppercase HTTP method like "POST".', 16384)
 2 ROOTPATH/Modules/Templates/Config/Routes.php(7): CodeIgniter\Router\RouteCollection->match([...], '/', 'Templates::index')
 3 SYSTEMPATH/Router/RouteCollection.php(799): CodeIgniter\Router\RouteCollection->{closure}(Object(CodeIgniter\Router\RouteCollection))
 4 ROOTPATH/Modules/Templates/Config/Routes.php(4): CodeIgniter\Router\RouteCollection->group('templates', [...], Object(Closure))
 5 SYSTEMPATH/Router/RouteCollection.php(372): include('/Users/alanmartin/Sites/localhost/hmvc-master/Ci4/Modules/Templates/Config/Routes.php')
 6 SYSTEMPATH/Router/RouteCollection.php(342): CodeIgniter\Router\RouteCollection->discoverRoutes()
 7 SYSTEMPATH/CodeIgniter.php(821): CodeIgniter\Router\RouteCollection->loadRoutes()
 8 SYSTEMPATH/CodeIgniter.php(455): CodeIgniter\CodeIgniter->tryToRouteIt(null)
 9 SYSTEMPATH/CodeIgniter.php(354): CodeIgniter\CodeIgniter->handleRequest(null, Object(Config\Cache), false)
10 SYSTEMPATH/Boot.php(334): CodeIgniter\CodeIgniter->run()
11 SYSTEMPATH/Boot.php(67): CodeIgniter\Boot::runCodeIgniter(Object(CodeIgniter\CodeIgniter))
12 FCPATH/index.php(56): CodeIgniter\Boot::bootWeb(Object(Config\Paths))
WARNING - 2025-02-06 10:51:29 --> [DEPRECATED] Passing lowercase HTTP method "get" is deprecated. Use uppercase HTTP method like "GET". in SYSTEMPATH/Router/RouteCollection.php on line 1026.
 1 SYSTEMPATH/Router/RouteCollection.php(1026): trigger_error('Passing lowercase HTTP method "get" is deprecated. Use uppercase HTTP method like "GET".', 16384)
 2 ROOTPATH/Modules/Templates/Config/Routes.php(7): CodeIgniter\Router\RouteCollection->match([...], '/', 'Templates::index')
 3 SYSTEMPATH/Router/RouteCollection.php(799): CodeIgniter\Router\RouteCollection->{closure}(Object(CodeIgniter\Router\RouteCollection))
 4 ROOTPATH/Modules/Templates/Config/Routes.php(4): CodeIgniter\Router\RouteCollection->group('templates', [...], Object(Closure))
 5 SYSTEMPATH/Router/RouteCollection.php(372): include('/Users/alanmartin/Sites/localhost/hmvc-master/Ci4/Modules/Templates/Config/Routes.php')
 6 SYSTEMPATH/Router/RouteCollection.php(342): CodeIgniter\Router\RouteCollection->discoverRoutes()
 7 SYSTEMPATH/CodeIgniter.php(821): CodeIgniter\Router\RouteCollection->loadRoutes()
 8 SYSTEMPATH/CodeIgniter.php(455): CodeIgniter\CodeIgniter->tryToRouteIt(null)
 9 SYSTEMPATH/CodeIgniter.php(354): CodeIgniter\CodeIgniter->handleRequest(null, Object(Config\Cache), false)
10 SYSTEMPATH/Boot.php(334): CodeIgniter\CodeIgniter->run()
11 SYSTEMPATH/Boot.php(67): CodeIgniter\Boot::runCodeIgniter(Object(CodeIgniter\CodeIgniter))
12 FCPATH/index.php(56): CodeIgniter\Boot::bootWeb(Object(Config\Paths))
WARNING - 2025-02-06 10:51:29 --> [DEPRECATED] Passing lowercase HTTP method "post" is deprecated. Use uppercase HTTP method like "POST". in SYSTEMPATH/Router/RouteCollection.php on line 1026.
 1 SYSTEMPATH/Router/RouteCollection.php(1026): trigger_error('Passing lowercase HTTP method "post" is deprecated. Use uppercase HTTP method like "POST".', 16384)
 2 ROOTPATH/Modules/Templates/Config/Routes.php(7): CodeIgniter\Router\RouteCollection->match([...], '/', 'Templates::index')
 3 SYSTEMPATH/Router/RouteCollection.php(799): CodeIgniter\Router\RouteCollection->{closure}(Object(CodeIgniter\Router\RouteCollection))
 4 ROOTPATH/Modules/Templates/Config/Routes.php(4): CodeIgniter\Router\RouteCollection->group('templates', [...], Object(Closure))
 5 SYSTEMPATH/Router/RouteCollection.php(372): include('/Users/alanmartin/Sites/localhost/hmvc-master/Ci4/Modules/Templates/Config/Routes.php')
 6 SYSTEMPATH/Router/RouteCollection.php(342): CodeIgniter\Router\RouteCollection->discoverRoutes()
 7 SYSTEMPATH/CodeIgniter.php(821): CodeIgniter\Router\RouteCollection->loadRoutes()
 8 SYSTEMPATH/CodeIgniter.php(455): CodeIgniter\CodeIgniter->tryToRouteIt(null)
 9 SYSTEMPATH/CodeIgniter.php(354): CodeIgniter\CodeIgniter->handleRequest(null, Object(Config\Cache), false)
10 SYSTEMPATH/Boot.php(334): CodeIgniter\CodeIgniter->run()
11 SYSTEMPATH/Boot.php(67): CodeIgniter\Boot::runCodeIgniter(Object(CodeIgniter\CodeIgniter))
12 FCPATH/index.php(56): CodeIgniter\Boot::bootWeb(Object(Config\Paths))
DEBUG - 2025-02-06 10:51:29 --> Session: Class initialized using 'CodeIgniter\Session\Handlers\FileHandler' driver.
WARNING - 2025-02-06 12:10:42 --> [DEPRECATED] Passing lowercase HTTP method "get" is deprecated. Use uppercase HTTP method like "GET". in SYSTEMPATH/Router/RouteCollection.php on line 1026.
 1 SYSTEMPATH/Router/RouteCollection.php(1026): trigger_error('Passing lowercase HTTP method "get" is deprecated. Use uppercase HTTP method like "GET".', 16384)
 2 ROOTPATH/Modules/Templates/Config/Routes.php(7): CodeIgniter\Router\RouteCollection->match([...], '/', 'Templates::index')
 3 SYSTEMPATH/Router/RouteCollection.php(799): CodeIgniter\Router\RouteCollection->{closure}(Object(CodeIgniter\Router\RouteCollection))
 4 ROOTPATH/Modules/Templates/Config/Routes.php(4): CodeIgniter\Router\RouteCollection->group('templates', [...], Object(Closure))
 5 SYSTEMPATH/Router/RouteCollection.php(372): include('/Users/alanmartin/Sites/localhost/hmvc-master/Ci4/Modules/Templates/Config/Routes.php')
 6 SYSTEMPATH/Router/RouteCollection.php(342): CodeIgniter\Router\RouteCollection->discoverRoutes()
 7 SYSTEMPATH/CodeIgniter.php(821): CodeIgniter\Router\RouteCollection->loadRoutes()
 8 SYSTEMPATH/CodeIgniter.php(455): CodeIgniter\CodeIgniter->tryToRouteIt(null)
 9 SYSTEMPATH/CodeIgniter.php(354): CodeIgniter\CodeIgniter->handleRequest(null, Object(Config\Cache), false)
10 SYSTEMPATH/Boot.php(334): CodeIgniter\CodeIgniter->run()
11 SYSTEMPATH/Boot.php(67): CodeIgniter\Boot::runCodeIgniter(Object(CodeIgniter\CodeIgniter))
12 FCPATH/index.php(56): CodeIgniter\Boot::bootWeb(Object(Config\Paths))
WARNING - 2025-02-06 12:10:42 --> [DEPRECATED] Passing lowercase HTTP method "post" is deprecated. Use uppercase HTTP method like "POST". in SYSTEMPATH/Router/RouteCollection.php on line 1026.
 1 SYSTEMPATH/Router/RouteCollection.php(1026): trigger_error('Passing lowercase HTTP method "post" is deprecated. Use uppercase HTTP method like "POST".', 16384)
 2 ROOTPATH/Modules/Templates/Config/Routes.php(7): CodeIgniter\Router\RouteCollection->match([...], '/', 'Templates::index')
 3 SYSTEMPATH/Router/RouteCollection.php(799): CodeIgniter\Router\RouteCollection->{closure}(Object(CodeIgniter\Router\RouteCollection))
 4 ROOTPATH/Modules/Templates/Config/Routes.php(4): CodeIgniter\Router\RouteCollection->group('templates', [...], Object(Closure))
 5 SYSTEMPATH/Router/RouteCollection.php(372): include('/Users/alanmartin/Sites/localhost/hmvc-master/Ci4/Modules/Templates/Config/Routes.php')
 6 SYSTEMPATH/Router/RouteCollection.php(342): CodeIgniter\Router\RouteCollection->discoverRoutes()
 7 SYSTEMPATH/CodeIgniter.php(821): CodeIgniter\Router\RouteCollection->loadRoutes()
 8 SYSTEMPATH/CodeIgniter.php(455): CodeIgniter\CodeIgniter->tryToRouteIt(null)
 9 SYSTEMPATH/CodeIgniter.php(354): CodeIgniter\CodeIgniter->handleRequest(null, Object(Config\Cache), false)
10 SYSTEMPATH/Boot.php(334): CodeIgniter\CodeIgniter->run()
11 SYSTEMPATH/Boot.php(67): CodeIgniter\Boot::runCodeIgniter(Object(CodeIgniter\CodeIgniter))
12 FCPATH/index.php(56): CodeIgniter\Boot::bootWeb(Object(Config\Paths))
DEBUG - 2025-02-06 12:10:42 --> Session: Class initialized using 'CodeIgniter\Session\Handlers\FileHandler' driver.
WARNING - 2025-02-06 12:10:42 --> [DEPRECATED] Passing lowercase HTTP method "get" is deprecated. Use uppercase HTTP method like "GET". in SYSTEMPATH/Router/RouteCollection.php on line 1026.
 1 SYSTEMPATH/Router/RouteCollection.php(1026): trigger_error('Passing lowercase HTTP method "get" is deprecated. Use uppercase HTTP method like "GET".', 16384)
 2 ROOTPATH/Modules/Templates/Config/Routes.php(7): CodeIgniter\Router\RouteCollection->match([...], '/', 'Templates::index')
 3 SYSTEMPATH/Router/RouteCollection.php(799): CodeIgniter\Router\RouteCollection->{closure}(Object(CodeIgniter\Router\RouteCollection))
 4 ROOTPATH/Modules/Templates/Config/Routes.php(4): CodeIgniter\Router\RouteCollection->group('templates', [...], Object(Closure))
 5 SYSTEMPATH/Router/RouteCollection.php(372): include('/Users/alanmartin/Sites/localhost/hmvc-master/Ci4/Modules/Templates/Config/Routes.php')
 6 SYSTEMPATH/Router/RouteCollection.php(342): CodeIgniter\Router\RouteCollection->discoverRoutes()
 7 SYSTEMPATH/CodeIgniter.php(821): CodeIgniter\Router\RouteCollection->loadRoutes()
 8 SYSTEMPATH/CodeIgniter.php(455): CodeIgniter\CodeIgniter->tryToRouteIt(null)
 9 SYSTEMPATH/CodeIgniter.php(354): CodeIgniter\CodeIgniter->handleRequest(null, Object(Config\Cache), false)
10 SYSTEMPATH/Boot.php(334): CodeIgniter\CodeIgniter->run()
11 SYSTEMPATH/Boot.php(67): CodeIgniter\Boot::runCodeIgniter(Object(CodeIgniter\CodeIgniter))
12 FCPATH/index.php(56): CodeIgniter\Boot::bootWeb(Object(Config\Paths))
WARNING - 2025-02-06 12:10:42 --> [DEPRECATED] Passing lowercase HTTP method "get" is deprecated. Use uppercase HTTP method like "GET". in SYSTEMPATH/Router/RouteCollection.php on line 1026.
 1 SYSTEMPATH/Router/RouteCollection.php(1026): trigger_error('Passing lowercase HTTP method "get" is deprecated. Use uppercase HTTP method like "GET".', 16384)
 2 ROOTPATH/Modules/Templates/Config/Routes.php(7): CodeIgniter\Router\RouteCollection->match([...], '/', 'Templates::index')
 3 SYSTEMPATH/Router/RouteCollection.php(799): CodeIgniter\Router\RouteCollection->{closure}(Object(CodeIgniter\Router\RouteCollection))
 4 ROOTPATH/Modules/Templates/Config/Routes.php(4): CodeIgniter\Router\RouteCollection->group('templates', [...], Object(Closure))
 5 SYSTEMPATH/Router/RouteCollection.php(372): include('/Users/alanmartin/Sites/localhost/hmvc-master/Ci4/Modules/Templates/Config/Routes.php')
 6 SYSTEMPATH/Router/RouteCollection.php(342): CodeIgniter\Router\RouteCollection->discoverRoutes()
 7 SYSTEMPATH/CodeIgniter.php(821): CodeIgniter\Router\RouteCollection->loadRoutes()
 8 SYSTEMPATH/CodeIgniter.php(455): CodeIgniter\CodeIgniter->tryToRouteIt(null)
 9 SYSTEMPATH/CodeIgniter.php(354): CodeIgniter\CodeIgniter->handleRequest(null, Object(Config\Cache), false)
10 SYSTEMPATH/Boot.php(334): CodeIgniter\CodeIgniter->run()
11 SYSTEMPATH/Boot.php(67): CodeIgniter\Boot::runCodeIgniter(Object(CodeIgniter\CodeIgniter))
12 FCPATH/index.php(56): CodeIgniter\Boot::bootWeb(Object(Config\Paths))
WARNING - 2025-02-06 12:10:42 --> [DEPRECATED] Passing lowercase HTTP method "post" is deprecated. Use uppercase HTTP method like "POST". in SYSTEMPATH/Router/RouteCollection.php on line 1026.
 1 SYSTEMPATH/Router/RouteCollection.php(1026): trigger_error('Passing lowercase HTTP method "post" is deprecated. Use uppercase HTTP method like "POST".', 16384)
 2 ROOTPATH/Modules/Templates/Config/Routes.php(7): CodeIgniter\Router\RouteCollection->match([...], '/', 'Templates::index')
 3 SYSTEMPATH/Router/RouteCollection.php(799): CodeIgniter\Router\RouteCollection->{closure}(Object(CodeIgniter\Router\RouteCollection))
 4 ROOTPATH/Modules/Templates/Config/Routes.php(4): CodeIgniter\Router\RouteCollection->group('templates', [...], Object(Closure))
 5 SYSTEMPATH/Router/RouteCollection.php(372): include('/Users/alanmartin/Sites/localhost/hmvc-master/Ci4/Modules/Templates/Config/Routes.php')
 6 SYSTEMPATH/Router/RouteCollection.php(342): CodeIgniter\Router\RouteCollection->discoverRoutes()
 7 SYSTEMPATH/CodeIgniter.php(821): CodeIgniter\Router\RouteCollection->loadRoutes()
 8 SYSTEMPATH/CodeIgniter.php(455): CodeIgniter\CodeIgniter->tryToRouteIt(null)
 9 SYSTEMPATH/CodeIgniter.php(354): CodeIgniter\CodeIgniter->handleRequest(null, Object(Config\Cache), false)
10 SYSTEMPATH/Boot.php(334): CodeIgniter\CodeIgniter->run()
11 SYSTEMPATH/Boot.php(67): CodeIgniter\Boot::runCodeIgniter(Object(CodeIgniter\CodeIgniter))
12 FCPATH/index.php(56): CodeIgniter\Boot::bootWeb(Object(Config\Paths))
WARNING - 2025-02-06 12:10:42 --> [DEPRECATED] Passing lowercase HTTP method "post" is deprecated. Use uppercase HTTP method like "POST". in SYSTEMPATH/Router/RouteCollection.php on line 1026.
 1 SYSTEMPATH/Router/RouteCollection.php(1026): trigger_error('Passing lowercase HTTP method "post" is deprecated. Use uppercase HTTP method like "POST".', 16384)
 2 ROOTPATH/Modules/Templates/Config/Routes.php(7): CodeIgniter\Router\RouteCollection->match([...], '/', 'Templates::index')
 3 SYSTEMPATH/Router/RouteCollection.php(799): CodeIgniter\Router\RouteCollection->{closure}(Object(CodeIgniter\Router\RouteCollection))
 4 ROOTPATH/Modules/Templates/Config/Routes.php(4): CodeIgniter\Router\RouteCollection->group('templates', [...], Object(Closure))
 5 SYSTEMPATH/Router/RouteCollection.php(372): include('/Users/alanmartin/Sites/localhost/hmvc-master/Ci4/Modules/Templates/Config/Routes.php')
 6 SYSTEMPATH/Router/RouteCollection.php(342): CodeIgniter\Router\RouteCollection->discoverRoutes()
 7 SYSTEMPATH/CodeIgniter.php(821): CodeIgniter\Router\RouteCollection->loadRoutes()
 8 SYSTEMPATH/CodeIgniter.php(455): CodeIgniter\CodeIgniter->tryToRouteIt(null)
 9 SYSTEMPATH/CodeIgniter.php(354): CodeIgniter\CodeIgniter->handleRequest(null, Object(Config\Cache), false)
10 SYSTEMPATH/Boot.php(334): CodeIgniter\CodeIgniter->run()
11 SYSTEMPATH/Boot.php(67): CodeIgniter\Boot::runCodeIgniter(Object(CodeIgniter\CodeIgniter))
12 FCPATH/index.php(56): CodeIgniter\Boot::bootWeb(Object(Config\Paths))
DEBUG - 2025-02-06 12:10:42 --> Session: Class initialized using 'CodeIgniter\Session\Handlers\FileHandler' driver.
WARNING - 2025-02-06 12:11:39 --> [DEPRECATED] Passing lowercase HTTP method "get" is deprecated. Use uppercase HTTP method like "GET". in SYSTEMPATH/Router/RouteCollection.php on line 1026.
 1 SYSTEMPATH/Router/RouteCollection.php(1026): trigger_error('Passing lowercase HTTP method "get" is deprecated. Use uppercase HTTP method like "GET".', 16384)
 2 ROOTPATH/Modules/Templates/Config/Routes.php(7): CodeIgniter\Router\RouteCollection->match([...], '/', 'Templates::index')
 3 SYSTEMPATH/Router/RouteCollection.php(799): CodeIgniter\Router\RouteCollection->{closure}(Object(CodeIgniter\Router\RouteCollection))
 4 ROOTPATH/Modules/Templates/Config/Routes.php(4): CodeIgniter\Router\RouteCollection->group('templates', [...], Object(Closure))
 5 SYSTEMPATH/Router/RouteCollection.php(372): include('/Users/alanmartin/Sites/localhost/hmvc-master/Ci4/Modules/Templates/Config/Routes.php')
 6 SYSTEMPATH/Router/RouteCollection.php(342): CodeIgniter\Router\RouteCollection->discoverRoutes()
 7 SYSTEMPATH/CodeIgniter.php(821): CodeIgniter\Router\RouteCollection->loadRoutes()
 8 SYSTEMPATH/CodeIgniter.php(455): CodeIgniter\CodeIgniter->tryToRouteIt(null)
 9 SYSTEMPATH/CodeIgniter.php(354): CodeIgniter\CodeIgniter->handleRequest(null, Object(Config\Cache), false)
10 SYSTEMPATH/Boot.php(334): CodeIgniter\CodeIgniter->run()
11 SYSTEMPATH/Boot.php(67): CodeIgniter\Boot::runCodeIgniter(Object(CodeIgniter\CodeIgniter))
12 FCPATH/index.php(56): CodeIgniter\Boot::bootWeb(Object(Config\Paths))
WARNING - 2025-02-06 12:11:39 --> [DEPRECATED] Passing lowercase HTTP method "post" is deprecated. Use uppercase HTTP method like "POST". in SYSTEMPATH/Router/RouteCollection.php on line 1026.
 1 SYSTEMPATH/Router/RouteCollection.php(1026): trigger_error('Passing lowercase HTTP method "post" is deprecated. Use uppercase HTTP method like "POST".', 16384)
 2 ROOTPATH/Modules/Templates/Config/Routes.php(7): CodeIgniter\Router\RouteCollection->match([...], '/', 'Templates::index')
 3 SYSTEMPATH/Router/RouteCollection.php(799): CodeIgniter\Router\RouteCollection->{closure}(Object(CodeIgniter\Router\RouteCollection))
 4 ROOTPATH/Modules/Templates/Config/Routes.php(4): CodeIgniter\Router\RouteCollection->group('templates', [...], Object(Closure))
 5 SYSTEMPATH/Router/RouteCollection.php(372): include('/Users/alanmartin/Sites/localhost/hmvc-master/Ci4/Modules/Templates/Config/Routes.php')
 6 SYSTEMPATH/Router/RouteCollection.php(342): CodeIgniter\Router\RouteCollection->discoverRoutes()
 7 SYSTEMPATH/CodeIgniter.php(821): CodeIgniter\Router\RouteCollection->loadRoutes()
 8 SYSTEMPATH/CodeIgniter.php(455): CodeIgniter\CodeIgniter->tryToRouteIt(null)
 9 SYSTEMPATH/CodeIgniter.php(354): CodeIgniter\CodeIgniter->handleRequest(null, Object(Config\Cache), false)
10 SYSTEMPATH/Boot.php(334): CodeIgniter\CodeIgniter->run()
11 SYSTEMPATH/Boot.php(67): CodeIgniter\Boot::runCodeIgniter(Object(CodeIgniter\CodeIgniter))
12 FCPATH/index.php(56): CodeIgniter\Boot::bootWeb(Object(Config\Paths))
DEBUG - 2025-02-06 12:11:39 --> Session: Class initialized using 'CodeIgniter\Session\Handlers\FileHandler' driver.
WARNING - 2025-02-06 12:11:39 --> [DEPRECATED] Passing lowercase HTTP method "get" is deprecated. Use uppercase HTTP method like "GET". in SYSTEMPATH/Router/RouteCollection.php on line 1026.
 1 SYSTEMPATH/Router/RouteCollection.php(1026): trigger_error('Passing lowercase HTTP method "get" is deprecated. Use uppercase HTTP method like "GET".', 16384)
 2 ROOTPATH/Modules/Templates/Config/Routes.php(7): CodeIgniter\Router\RouteCollection->match([...], '/', 'Templates::index')
 3 SYSTEMPATH/Router/RouteCollection.php(799): CodeIgniter\Router\RouteCollection->{closure}(Object(CodeIgniter\Router\RouteCollection))
 4 ROOTPATH/Modules/Templates/Config/Routes.php(4): CodeIgniter\Router\RouteCollection->group('templates', [...], Object(Closure))
 5 SYSTEMPATH/Router/RouteCollection.php(372): include('/Users/alanmartin/Sites/localhost/hmvc-master/Ci4/Modules/Templates/Config/Routes.php')
 6 SYSTEMPATH/Router/RouteCollection.php(342): CodeIgniter\Router\RouteCollection->discoverRoutes()
 7 SYSTEMPATH/CodeIgniter.php(821): CodeIgniter\Router\RouteCollection->loadRoutes()
 8 SYSTEMPATH/CodeIgniter.php(455): CodeIgniter\CodeIgniter->tryToRouteIt(null)
 9 SYSTEMPATH/CodeIgniter.php(354): CodeIgniter\CodeIgniter->handleRequest(null, Object(Config\Cache), false)
10 SYSTEMPATH/Boot.php(334): CodeIgniter\CodeIgniter->run()
11 SYSTEMPATH/Boot.php(67): CodeIgniter\Boot::runCodeIgniter(Object(CodeIgniter\CodeIgniter))
12 FCPATH/index.php(56): CodeIgniter\Boot::bootWeb(Object(Config\Paths))
WARNING - 2025-02-06 12:11:39 --> [DEPRECATED] Passing lowercase HTTP method "get" is deprecated. Use uppercase HTTP method like "GET". in SYSTEMPATH/Router/RouteCollection.php on line 1026.
 1 SYSTEMPATH/Router/RouteCollection.php(1026): trigger_error('Passing lowercase HTTP method "get" is deprecated. Use uppercase HTTP method like "GET".', 16384)
 2 ROOTPATH/Modules/Templates/Config/Routes.php(7): CodeIgniter\Router\RouteCollection->match([...], '/', 'Templates::index')
 3 SYSTEMPATH/Router/RouteCollection.php(799): CodeIgniter\Router\RouteCollection->{closure}(Object(CodeIgniter\Router\RouteCollection))
 4 ROOTPATH/Modules/Templates/Config/Routes.php(4): CodeIgniter\Router\RouteCollection->group('templates', [...], Object(Closure))
 5 SYSTEMPATH/Router/RouteCollection.php(372): include('/Users/alanmartin/Sites/localhost/hmvc-master/Ci4/Modules/Templates/Config/Routes.php')
 6 SYSTEMPATH/Router/RouteCollection.php(342): CodeIgniter\Router\RouteCollection->discoverRoutes()
 7 SYSTEMPATH/CodeIgniter.php(821): CodeIgniter\Router\RouteCollection->loadRoutes()
 8 SYSTEMPATH/CodeIgniter.php(455): CodeIgniter\CodeIgniter->tryToRouteIt(null)
 9 SYSTEMPATH/CodeIgniter.php(354): CodeIgniter\CodeIgniter->handleRequest(null, Object(Config\Cache), false)
10 SYSTEMPATH/Boot.php(334): CodeIgniter\CodeIgniter->run()
11 SYSTEMPATH/Boot.php(67): CodeIgniter\Boot::runCodeIgniter(Object(CodeIgniter\CodeIgniter))
12 FCPATH/index.php(56): CodeIgniter\Boot::bootWeb(Object(Config\Paths))
WARNING - 2025-02-06 12:11:39 --> [DEPRECATED] Passing lowercase HTTP method "post" is deprecated. Use uppercase HTTP method like "POST". in SYSTEMPATH/Router/RouteCollection.php on line 1026.
 1 SYSTEMPATH/Router/RouteCollection.php(1026): trigger_error('Passing lowercase HTTP method "post" is deprecated. Use uppercase HTTP method like "POST".', 16384)
 2 ROOTPATH/Modules/Templates/Config/Routes.php(7): CodeIgniter\Router\RouteCollection->match([...], '/', 'Templates::index')
 3 SYSTEMPATH/Router/RouteCollection.php(799): CodeIgniter\Router\RouteCollection->{closure}(Object(CodeIgniter\Router\RouteCollection))
 4 ROOTPATH/Modules/Templates/Config/Routes.php(4): CodeIgniter\Router\RouteCollection->group('templates', [...], Object(Closure))
 5 SYSTEMPATH/Router/RouteCollection.php(372): include('/Users/alanmartin/Sites/localhost/hmvc-master/Ci4/Modules/Templates/Config/Routes.php')
 6 SYSTEMPATH/Router/RouteCollection.php(342): CodeIgniter\Router\RouteCollection->discoverRoutes()
 7 SYSTEMPATH/CodeIgniter.php(821): CodeIgniter\Router\RouteCollection->loadRoutes()
 8 SYSTEMPATH/CodeIgniter.php(455): CodeIgniter\CodeIgniter->tryToRouteIt(null)
 9 SYSTEMPATH/CodeIgniter.php(354): CodeIgniter\CodeIgniter->handleRequest(null, Object(Config\Cache), false)
10 SYSTEMPATH/Boot.php(334): CodeIgniter\CodeIgniter->run()
11 SYSTEMPATH/Boot.php(67): CodeIgniter\Boot::runCodeIgniter(Object(CodeIgniter\CodeIgniter))
12 FCPATH/index.php(56): CodeIgniter\Boot::bootWeb(Object(Config\Paths))
WARNING - 2025-02-06 12:11:39 --> [DEPRECATED] Passing lowercase HTTP method "post" is deprecated. Use uppercase HTTP method like "POST". in SYSTEMPATH/Router/RouteCollection.php on line 1026.
 1 SYSTEMPATH/Router/RouteCollection.php(1026): trigger_error('Passing lowercase HTTP method "post" is deprecated. Use uppercase HTTP method like "POST".', 16384)
 2 ROOTPATH/Modules/Templates/Config/Routes.php(7): CodeIgniter\Router\RouteCollection->match([...], '/', 'Templates::index')
 3 SYSTEMPATH/Router/RouteCollection.php(799): CodeIgniter\Router\RouteCollection->{closure}(Object(CodeIgniter\Router\RouteCollection))
 4 ROOTPATH/Modules/Templates/Config/Routes.php(4): CodeIgniter\Router\RouteCollection->group('templates', [...], Object(Closure))
 5 SYSTEMPATH/Router/RouteCollection.php(372): include('/Users/alanmartin/Sites/localhost/hmvc-master/Ci4/Modules/Templates/Config/Routes.php')
 6 SYSTEMPATH/Router/RouteCollection.php(342): CodeIgniter\Router\RouteCollection->discoverRoutes()
 7 SYSTEMPATH/CodeIgniter.php(821): CodeIgniter\Router\RouteCollection->loadRoutes()
 8 SYSTEMPATH/CodeIgniter.php(455): CodeIgniter\CodeIgniter->tryToRouteIt(null)
 9 SYSTEMPATH/CodeIgniter.php(354): CodeIgniter\CodeIgniter->handleRequest(null, Object(Config\Cache), false)
10 SYSTEMPATH/Boot.php(334): CodeIgniter\CodeIgniter->run()
11 SYSTEMPATH/Boot.php(67): CodeIgniter\Boot::runCodeIgniter(Object(CodeIgniter\CodeIgniter))
12 FCPATH/index.php(56): CodeIgniter\Boot::bootWeb(Object(Config\Paths))
DEBUG - 2025-02-06 12:11:39 --> Session: Class initialized using 'CodeIgniter\Session\Handlers\FileHandler' driver.
WARNING - 2025-02-06 12:12:06 --> [DEPRECATED] Passing lowercase HTTP method "get" is deprecated. Use uppercase HTTP method like "GET". in SYSTEMPATH/Router/RouteCollection.php on line 1026.
 1 SYSTEMPATH/Router/RouteCollection.php(1026): trigger_error('Passing lowercase HTTP method "get" is deprecated. Use uppercase HTTP method like "GET".', 16384)
 2 ROOTPATH/Modules/Templates/Config/Routes.php(7): CodeIgniter\Router\RouteCollection->match([...], '/', 'Templates::index')
 3 SYSTEMPATH/Router/RouteCollection.php(799): CodeIgniter\Router\RouteCollection->{closure}(Object(CodeIgniter\Router\RouteCollection))
 4 ROOTPATH/Modules/Templates/Config/Routes.php(4): CodeIgniter\Router\RouteCollection->group('templates', [...], Object(Closure))
 5 SYSTEMPATH/Router/RouteCollection.php(372): include('/Users/alanmartin/Sites/localhost/hmvc-master/Ci4/Modules/Templates/Config/Routes.php')
 6 SYSTEMPATH/Router/RouteCollection.php(342): CodeIgniter\Router\RouteCollection->discoverRoutes()
 7 SYSTEMPATH/CodeIgniter.php(821): CodeIgniter\Router\RouteCollection->loadRoutes()
 8 SYSTEMPATH/CodeIgniter.php(455): CodeIgniter\CodeIgniter->tryToRouteIt(null)
 9 SYSTEMPATH/CodeIgniter.php(354): CodeIgniter\CodeIgniter->handleRequest(null, Object(Config\Cache), false)
10 SYSTEMPATH/Boot.php(334): CodeIgniter\CodeIgniter->run()
11 SYSTEMPATH/Boot.php(67): CodeIgniter\Boot::runCodeIgniter(Object(CodeIgniter\CodeIgniter))
12 FCPATH/index.php(56): CodeIgniter\Boot::bootWeb(Object(Config\Paths))
WARNING - 2025-02-06 12:12:06 --> [DEPRECATED] Passing lowercase HTTP method "post" is deprecated. Use uppercase HTTP method like "POST". in SYSTEMPATH/Router/RouteCollection.php on line 1026.
 1 SYSTEMPATH/Router/RouteCollection.php(1026): trigger_error('Passing lowercase HTTP method "post" is deprecated. Use uppercase HTTP method like "POST".', 16384)
 2 ROOTPATH/Modules/Templates/Config/Routes.php(7): CodeIgniter\Router\RouteCollection->match([...], '/', 'Templates::index')
 3 SYSTEMPATH/Router/RouteCollection.php(799): CodeIgniter\Router\RouteCollection->{closure}(Object(CodeIgniter\Router\RouteCollection))
 4 ROOTPATH/Modules/Templates/Config/Routes.php(4): CodeIgniter\Router\RouteCollection->group('templates', [...], Object(Closure))
 5 SYSTEMPATH/Router/RouteCollection.php(372): include('/Users/alanmartin/Sites/localhost/hmvc-master/Ci4/Modules/Templates/Config/Routes.php')
 6 SYSTEMPATH/Router/RouteCollection.php(342): CodeIgniter\Router\RouteCollection->discoverRoutes()
 7 SYSTEMPATH/CodeIgniter.php(821): CodeIgniter\Router\RouteCollection->loadRoutes()
 8 SYSTEMPATH/CodeIgniter.php(455): CodeIgniter\CodeIgniter->tryToRouteIt(null)
 9 SYSTEMPATH/CodeIgniter.php(354): CodeIgniter\CodeIgniter->handleRequest(null, Object(Config\Cache), false)
10 SYSTEMPATH/Boot.php(334): CodeIgniter\CodeIgniter->run()
11 SYSTEMPATH/Boot.php(67): CodeIgniter\Boot::runCodeIgniter(Object(CodeIgniter\CodeIgniter))
12 FCPATH/index.php(56): CodeIgniter\Boot::bootWeb(Object(Config\Paths))
DEBUG - 2025-02-06 12:12:06 --> Session: Class initialized using 'CodeIgniter\Session\Handlers\FileHandler' driver.
WARNING - 2025-02-06 12:12:06 --> [DEPRECATED] Passing lowercase HTTP method "get" is deprecated. Use uppercase HTTP method like "GET". in SYSTEMPATH/Router/RouteCollection.php on line 1026.
 1 SYSTEMPATH/Router/RouteCollection.php(1026): trigger_error('Passing lowercase HTTP method "get" is deprecated. Use uppercase HTTP method like "GET".', 16384)
 2 ROOTPATH/Modules/Templates/Config/Routes.php(7): CodeIgniter\Router\RouteCollection->match([...], '/', 'Templates::index')
 3 SYSTEMPATH/Router/RouteCollection.php(799): CodeIgniter\Router\RouteCollection->{closure}(Object(CodeIgniter\Router\RouteCollection))
 4 ROOTPATH/Modules/Templates/Config/Routes.php(4): CodeIgniter\Router\RouteCollection->group('templates', [...], Object(Closure))
 5 SYSTEMPATH/Router/RouteCollection.php(372): include('/Users/alanmartin/Sites/localhost/hmvc-master/Ci4/Modules/Templates/Config/Routes.php')
 6 SYSTEMPATH/Router/RouteCollection.php(342): CodeIgniter\Router\RouteCollection->discoverRoutes()
 7 SYSTEMPATH/CodeIgniter.php(821): CodeIgniter\Router\RouteCollection->loadRoutes()
 8 SYSTEMPATH/CodeIgniter.php(455): CodeIgniter\CodeIgniter->tryToRouteIt(null)
 9 SYSTEMPATH/CodeIgniter.php(354): CodeIgniter\CodeIgniter->handleRequest(null, Object(Config\Cache), false)
10 SYSTEMPATH/Boot.php(334): CodeIgniter\CodeIgniter->run()
11 SYSTEMPATH/Boot.php(67): CodeIgniter\Boot::runCodeIgniter(Object(CodeIgniter\CodeIgniter))
12 FCPATH/index.php(56): CodeIgniter\Boot::bootWeb(Object(Config\Paths))
WARNING - 2025-02-06 12:12:06 --> [DEPRECATED] Passing lowercase HTTP method "post" is deprecated. Use uppercase HTTP method like "POST". in SYSTEMPATH/Router/RouteCollection.php on line 1026.
 1 SYSTEMPATH/Router/RouteCollection.php(1026): trigger_error('Passing lowercase HTTP method "post" is deprecated. Use uppercase HTTP method like "POST".', 16384)
 2 ROOTPATH/Modules/Templates/Config/Routes.php(7): CodeIgniter\Router\RouteCollection->match([...], '/', 'Templates::index')
 3 SYSTEMPATH/Router/RouteCollection.php(799): CodeIgniter\Router\RouteCollection->{closure}(Object(CodeIgniter\Router\RouteCollection))
 4 ROOTPATH/Modules/Templates/Config/Routes.php(4): CodeIgniter\Router\RouteCollection->group('templates', [...], Object(Closure))
 5 SYSTEMPATH/Router/RouteCollection.php(372): include('/Users/alanmartin/Sites/localhost/hmvc-master/Ci4/Modules/Templates/Config/Routes.php')
 6 SYSTEMPATH/Router/RouteCollection.php(342): CodeIgniter\Router\RouteCollection->discoverRoutes()
 7 SYSTEMPATH/CodeIgniter.php(821): CodeIgniter\Router\RouteCollection->loadRoutes()
 8 SYSTEMPATH/CodeIgniter.php(455): CodeIgniter\CodeIgniter->tryToRouteIt(null)
 9 SYSTEMPATH/CodeIgniter.php(354): CodeIgniter\CodeIgniter->handleRequest(null, Object(Config\Cache), false)
10 SYSTEMPATH/Boot.php(334): CodeIgniter\CodeIgniter->run()
11 SYSTEMPATH/Boot.php(67): CodeIgniter\Boot::runCodeIgniter(Object(CodeIgniter\CodeIgniter))
12 FCPATH/index.php(56): CodeIgniter\Boot::bootWeb(Object(Config\Paths))
DEBUG - 2025-02-06 12:12:06 --> Session: Class initialized using 'CodeIgniter\Session\Handlers\FileHandler' driver.
WARNING - 2025-02-06 12:12:32 --> [DEPRECATED] Passing lowercase HTTP method "get" is deprecated. Use uppercase HTTP method like "GET". in SYSTEMPATH/Router/RouteCollection.php on line 1026.
 1 SYSTEMPATH/Router/RouteCollection.php(1026): trigger_error('Passing lowercase HTTP method "get" is deprecated. Use uppercase HTTP method like "GET".', 16384)
 2 ROOTPATH/Modules/Templates/Config/Routes.php(7): CodeIgniter\Router\RouteCollection->match([...], '/', 'Templates::index')
 3 SYSTEMPATH/Router/RouteCollection.php(799): CodeIgniter\Router\RouteCollection->{closure}(Object(CodeIgniter\Router\RouteCollection))
 4 ROOTPATH/Modules/Templates/Config/Routes.php(4): CodeIgniter\Router\RouteCollection->group('templates', [...], Object(Closure))
 5 SYSTEMPATH/Router/RouteCollection.php(372): include('/Users/alanmartin/Sites/localhost/hmvc-master/Ci4/Modules/Templates/Config/Routes.php')
 6 SYSTEMPATH/Router/RouteCollection.php(342): CodeIgniter\Router\RouteCollection->discoverRoutes()
 7 SYSTEMPATH/CodeIgniter.php(821): CodeIgniter\Router\RouteCollection->loadRoutes()
 8 SYSTEMPATH/CodeIgniter.php(455): CodeIgniter\CodeIgniter->tryToRouteIt(null)
 9 SYSTEMPATH/CodeIgniter.php(354): CodeIgniter\CodeIgniter->handleRequest(null, Object(Config\Cache), false)
10 SYSTEMPATH/Boot.php(334): CodeIgniter\CodeIgniter->run()
11 SYSTEMPATH/Boot.php(67): CodeIgniter\Boot::runCodeIgniter(Object(CodeIgniter\CodeIgniter))
12 FCPATH/index.php(56): CodeIgniter\Boot::bootWeb(Object(Config\Paths))
WARNING - 2025-02-06 12:12:32 --> [DEPRECATED] Passing lowercase HTTP method "post" is deprecated. Use uppercase HTTP method like "POST". in SYSTEMPATH/Router/RouteCollection.php on line 1026.
 1 SYSTEMPATH/Router/RouteCollection.php(1026): trigger_error('Passing lowercase HTTP method "post" is deprecated. Use uppercase HTTP method like "POST".', 16384)
 2 ROOTPATH/Modules/Templates/Config/Routes.php(7): CodeIgniter\Router\RouteCollection->match([...], '/', 'Templates::index')
 3 SYSTEMPATH/Router/RouteCollection.php(799): CodeIgniter\Router\RouteCollection->{closure}(Object(CodeIgniter\Router\RouteCollection))
 4 ROOTPATH/Modules/Templates/Config/Routes.php(4): CodeIgniter\Router\RouteCollection->group('templates', [...], Object(Closure))
 5 SYSTEMPATH/Router/RouteCollection.php(372): include('/Users/alanmartin/Sites/localhost/hmvc-master/Ci4/Modules/Templates/Config/Routes.php')
 6 SYSTEMPATH/Router/RouteCollection.php(342): CodeIgniter\Router\RouteCollection->discoverRoutes()
 7 SYSTEMPATH/CodeIgniter.php(821): CodeIgniter\Router\RouteCollection->loadRoutes()
 8 SYSTEMPATH/CodeIgniter.php(455): CodeIgniter\CodeIgniter->tryToRouteIt(null)
 9 SYSTEMPATH/CodeIgniter.php(354): CodeIgniter\CodeIgniter->handleRequest(null, Object(Config\Cache), false)
10 SYSTEMPATH/Boot.php(334): CodeIgniter\CodeIgniter->run()
11 SYSTEMPATH/Boot.php(67): CodeIgniter\Boot::runCodeIgniter(Object(CodeIgniter\CodeIgniter))
12 FCPATH/index.php(56): CodeIgniter\Boot::bootWeb(Object(Config\Paths))
DEBUG - 2025-02-06 12:12:32 --> Session: Class initialized using 'CodeIgniter\Session\Handlers\FileHandler' driver.
WARNING - 2025-02-06 12:12:32 --> [DEPRECATED] Passing lowercase HTTP method "get" is deprecated. Use uppercase HTTP method like "GET". in SYSTEMPATH/Router/RouteCollection.php on line 1026.
 1 SYSTEMPATH/Router/RouteCollection.php(1026): trigger_error('Passing lowercase HTTP method "get" is deprecated. Use uppercase HTTP method like "GET".', 16384)
 2 ROOTPATH/Modules/Templates/Config/Routes.php(7): CodeIgniter\Router\RouteCollection->match([...], '/', 'Templates::index')
 3 SYSTEMPATH/Router/RouteCollection.php(799): CodeIgniter\Router\RouteCollection->{closure}(Object(CodeIgniter\Router\RouteCollection))
 4 ROOTPATH/Modules/Templates/Config/Routes.php(4): CodeIgniter\Router\RouteCollection->group('templates', [...], Object(Closure))
 5 SYSTEMPATH/Router/RouteCollection.php(372): include('/Users/alanmartin/Sites/localhost/hmvc-master/Ci4/Modules/Templates/Config/Routes.php')
 6 SYSTEMPATH/Router/RouteCollection.php(342): CodeIgniter\Router\RouteCollection->discoverRoutes()
 7 SYSTEMPATH/CodeIgniter.php(821): CodeIgniter\Router\RouteCollection->loadRoutes()
 8 SYSTEMPATH/CodeIgniter.php(455): CodeIgniter\CodeIgniter->tryToRouteIt(null)
 9 SYSTEMPATH/CodeIgniter.php(354): CodeIgniter\CodeIgniter->handleRequest(null, Object(Config\Cache), false)
10 SYSTEMPATH/Boot.php(334): CodeIgniter\CodeIgniter->run()
11 SYSTEMPATH/Boot.php(67): CodeIgniter\Boot::runCodeIgniter(Object(CodeIgniter\CodeIgniter))
12 FCPATH/index.php(56): CodeIgniter\Boot::bootWeb(Object(Config\Paths))
WARNING - 2025-02-06 12:12:32 --> [DEPRECATED] Passing lowercase HTTP method "post" is deprecated. Use uppercase HTTP method like "POST". in SYSTEMPATH/Router/RouteCollection.php on line 1026.
 1 SYSTEMPATH/Router/RouteCollection.php(1026): trigger_error('Passing lowercase HTTP method "post" is deprecated. Use uppercase HTTP method like "POST".', 16384)
 2 ROOTPATH/Modules/Templates/Config/Routes.php(7): CodeIgniter\Router\RouteCollection->match([...], '/', 'Templates::index')
 3 SYSTEMPATH/Router/RouteCollection.php(799): CodeIgniter\Router\RouteCollection->{closure}(Object(CodeIgniter\Router\RouteCollection))
 4 ROOTPATH/Modules/Templates/Config/Routes.php(4): CodeIgniter\Router\RouteCollection->group('templates', [...], Object(Closure))
 5 SYSTEMPATH/Router/RouteCollection.php(372): include('/Users/alanmartin/Sites/localhost/hmvc-master/Ci4/Modules/Templates/Config/Routes.php')
 6 SYSTEMPATH/Router/RouteCollection.php(342): CodeIgniter\Router\RouteCollection->discoverRoutes()
 7 SYSTEMPATH/CodeIgniter.php(821): CodeIgniter\Router\RouteCollection->loadRoutes()
 8 SYSTEMPATH/CodeIgniter.php(455): CodeIgniter\CodeIgniter->tryToRouteIt(null)
 9 SYSTEMPATH/CodeIgniter.php(354): CodeIgniter\CodeIgniter->handleRequest(null, Object(Config\Cache), false)
10 SYSTEMPATH/Boot.php(334): CodeIgniter\CodeIgniter->run()
11 SYSTEMPATH/Boot.php(67): CodeIgniter\Boot::runCodeIgniter(Object(CodeIgniter\CodeIgniter))
12 FCPATH/index.php(56): CodeIgniter\Boot::bootWeb(Object(Config\Paths))
DEBUG - 2025-02-06 12:12:32 --> Session: Class initialized using 'CodeIgniter\Session\Handlers\FileHandler' driver.
WARNING - 2025-02-06 12:13:43 --> [DEPRECATED] Passing lowercase HTTP method "get" is deprecated. Use uppercase HTTP method like "GET". in SYSTEMPATH/Router/RouteCollection.php on line 1026.
 1 SYSTEMPATH/Router/RouteCollection.php(1026): trigger_error('Passing lowercase HTTP method "get" is deprecated. Use uppercase HTTP method like "GET".', 16384)
 2 ROOTPATH/Modules/Templates/Config/Routes.php(7): CodeIgniter\Router\RouteCollection->match([...], '/', 'Templates::index')
 3 SYSTEMPATH/Router/RouteCollection.php(799): CodeIgniter\Router\RouteCollection->{closure}(Object(CodeIgniter\Router\RouteCollection))
 4 ROOTPATH/Modules/Templates/Config/Routes.php(4): CodeIgniter\Router\RouteCollection->group('templates', [...], Object(Closure))
 5 SYSTEMPATH/Router/RouteCollection.php(372): include('/Users/alanmartin/Sites/localhost/hmvc-master/Ci4/Modules/Templates/Config/Routes.php')
 6 SYSTEMPATH/Router/RouteCollection.php(342): CodeIgniter\Router\RouteCollection->discoverRoutes()
 7 SYSTEMPATH/CodeIgniter.php(821): CodeIgniter\Router\RouteCollection->loadRoutes()
 8 SYSTEMPATH/CodeIgniter.php(455): CodeIgniter\CodeIgniter->tryToRouteIt(null)
 9 SYSTEMPATH/CodeIgniter.php(354): CodeIgniter\CodeIgniter->handleRequest(null, Object(Config\Cache), false)
10 SYSTEMPATH/Boot.php(334): CodeIgniter\CodeIgniter->run()
11 SYSTEMPATH/Boot.php(67): CodeIgniter\Boot::runCodeIgniter(Object(CodeIgniter\CodeIgniter))
12 FCPATH/index.php(56): CodeIgniter\Boot::bootWeb(Object(Config\Paths))
WARNING - 2025-02-06 12:13:43 --> [DEPRECATED] Passing lowercase HTTP method "post" is deprecated. Use uppercase HTTP method like "POST". in SYSTEMPATH/Router/RouteCollection.php on line 1026.
 1 SYSTEMPATH/Router/RouteCollection.php(1026): trigger_error('Passing lowercase HTTP method "post" is deprecated. Use uppercase HTTP method like "POST".', 16384)
 2 ROOTPATH/Modules/Templates/Config/Routes.php(7): CodeIgniter\Router\RouteCollection->match([...], '/', 'Templates::index')
 3 SYSTEMPATH/Router/RouteCollection.php(799): CodeIgniter\Router\RouteCollection->{closure}(Object(CodeIgniter\Router\RouteCollection))
 4 ROOTPATH/Modules/Templates/Config/Routes.php(4): CodeIgniter\Router\RouteCollection->group('templates', [...], Object(Closure))
 5 SYSTEMPATH/Router/RouteCollection.php(372): include('/Users/alanmartin/Sites/localhost/hmvc-master/Ci4/Modules/Templates/Config/Routes.php')
 6 SYSTEMPATH/Router/RouteCollection.php(342): CodeIgniter\Router\RouteCollection->discoverRoutes()
 7 SYSTEMPATH/CodeIgniter.php(821): CodeIgniter\Router\RouteCollection->loadRoutes()
 8 SYSTEMPATH/CodeIgniter.php(455): CodeIgniter\CodeIgniter->tryToRouteIt(null)
 9 SYSTEMPATH/CodeIgniter.php(354): CodeIgniter\CodeIgniter->handleRequest(null, Object(Config\Cache), false)
10 SYSTEMPATH/Boot.php(334): CodeIgniter\CodeIgniter->run()
11 SYSTEMPATH/Boot.php(67): CodeIgniter\Boot::runCodeIgniter(Object(CodeIgniter\CodeIgniter))
12 FCPATH/index.php(56): CodeIgniter\Boot::bootWeb(Object(Config\Paths))
DEBUG - 2025-02-06 12:13:43 --> Session: Class initialized using 'CodeIgniter\Session\Handlers\FileHandler' driver.
WARNING - 2025-02-06 12:13:43 --> [DEPRECATED] Passing lowercase HTTP method "get" is deprecated. Use uppercase HTTP method like "GET". in SYSTEMPATH/Router/RouteCollection.php on line 1026.
 1 SYSTEMPATH/Router/RouteCollection.php(1026): trigger_error('Passing lowercase HTTP method "get" is deprecated. Use uppercase HTTP method like "GET".', 16384)
 2 ROOTPATH/Modules/Templates/Config/Routes.php(7): CodeIgniter\Router\RouteCollection->match([...], '/', 'Templates::index')
 3 SYSTEMPATH/Router/RouteCollection.php(799): CodeIgniter\Router\RouteCollection->{closure}(Object(CodeIgniter\Router\RouteCollection))
 4 ROOTPATH/Modules/Templates/Config/Routes.php(4): CodeIgniter\Router\RouteCollection->group('templates', [...], Object(Closure))
 5 SYSTEMPATH/Router/RouteCollection.php(372): include('/Users/alanmartin/Sites/localhost/hmvc-master/Ci4/Modules/Templates/Config/Routes.php')
 6 SYSTEMPATH/Router/RouteCollection.php(342): CodeIgniter\Router\RouteCollection->discoverRoutes()
 7 SYSTEMPATH/CodeIgniter.php(821): CodeIgniter\Router\RouteCollection->loadRoutes()
 8 SYSTEMPATH/CodeIgniter.php(455): CodeIgniter\CodeIgniter->tryToRouteIt(null)
 9 SYSTEMPATH/CodeIgniter.php(354): CodeIgniter\CodeIgniter->handleRequest(null, Object(Config\Cache), false)
10 SYSTEMPATH/Boot.php(334): CodeIgniter\CodeIgniter->run()
11 SYSTEMPATH/Boot.php(67): CodeIgniter\Boot::runCodeIgniter(Object(CodeIgniter\CodeIgniter))
12 FCPATH/index.php(56): CodeIgniter\Boot::bootWeb(Object(Config\Paths))
WARNING - 2025-02-06 12:13:43 --> [DEPRECATED] Passing lowercase HTTP method "post" is deprecated. Use uppercase HTTP method like "POST". in SYSTEMPATH/Router/RouteCollection.php on line 1026.
 1 SYSTEMPATH/Router/RouteCollection.php(1026): trigger_error('Passing lowercase HTTP method "post" is deprecated. Use uppercase HTTP method like "POST".', 16384)
 2 ROOTPATH/Modules/Templates/Config/Routes.php(7): CodeIgniter\Router\RouteCollection->match([...], '/', 'Templates::index')
 3 SYSTEMPATH/Router/RouteCollection.php(799): CodeIgniter\Router\RouteCollection->{closure}(Object(CodeIgniter\Router\RouteCollection))
 4 ROOTPATH/Modules/Templates/Config/Routes.php(4): CodeIgniter\Router\RouteCollection->group('templates', [...], Object(Closure))
 5 SYSTEMPATH/Router/RouteCollection.php(372): include('/Users/alanmartin/Sites/localhost/hmvc-master/Ci4/Modules/Templates/Config/Routes.php')
 6 SYSTEMPATH/Router/RouteCollection.php(342): CodeIgniter\Router\RouteCollection->discoverRoutes()
 7 SYSTEMPATH/CodeIgniter.php(821): CodeIgniter\Router\RouteCollection->loadRoutes()
 8 SYSTEMPATH/CodeIgniter.php(455): CodeIgniter\CodeIgniter->tryToRouteIt(null)
 9 SYSTEMPATH/CodeIgniter.php(354): CodeIgniter\CodeIgniter->handleRequest(null, Object(Config\Cache), false)
10 SYSTEMPATH/Boot.php(334): CodeIgniter\CodeIgniter->run()
11 SYSTEMPATH/Boot.php(67): CodeIgniter\Boot::runCodeIgniter(Object(CodeIgniter\CodeIgniter))
12 FCPATH/index.php(56): CodeIgniter\Boot::bootWeb(Object(Config\Paths))
DEBUG - 2025-02-06 12:13:43 --> Session: Class initialized using 'CodeIgniter\Session\Handlers\FileHandler' driver.
WARNING - 2025-02-06 12:14:20 --> [DEPRECATED] Passing lowercase HTTP method "get" is deprecated. Use uppercase HTTP method like "GET". in SYSTEMPATH/Router/RouteCollection.php on line 1026.
 1 SYSTEMPATH/Router/RouteCollection.php(1026): trigger_error('Passing lowercase HTTP method "get" is deprecated. Use uppercase HTTP method like "GET".', 16384)
 2 ROOTPATH/Modules/Templates/Config/Routes.php(7): CodeIgniter\Router\RouteCollection->match([...], '/', 'Templates::index')
 3 SYSTEMPATH/Router/RouteCollection.php(799): CodeIgniter\Router\RouteCollection->{closure}(Object(CodeIgniter\Router\RouteCollection))
 4 ROOTPATH/Modules/Templates/Config/Routes.php(4): CodeIgniter\Router\RouteCollection->group('templates', [...], Object(Closure))
 5 SYSTEMPATH/Router/RouteCollection.php(372): include('/Users/alanmartin/Sites/localhost/hmvc-master/Ci4/Modules/Templates/Config/Routes.php')
 6 SYSTEMPATH/Router/RouteCollection.php(342): CodeIgniter\Router\RouteCollection->discoverRoutes()
 7 SYSTEMPATH/CodeIgniter.php(821): CodeIgniter\Router\RouteCollection->loadRoutes()
 8 SYSTEMPATH/CodeIgniter.php(455): CodeIgniter\CodeIgniter->tryToRouteIt(null)
 9 SYSTEMPATH/CodeIgniter.php(354): CodeIgniter\CodeIgniter->handleRequest(null, Object(Config\Cache), false)
10 SYSTEMPATH/Boot.php(334): CodeIgniter\CodeIgniter->run()
11 SYSTEMPATH/Boot.php(67): CodeIgniter\Boot::runCodeIgniter(Object(CodeIgniter\CodeIgniter))
12 FCPATH/index.php(56): CodeIgniter\Boot::bootWeb(Object(Config\Paths))
WARNING - 2025-02-06 12:14:20 --> [DEPRECATED] Passing lowercase HTTP method "post" is deprecated. Use uppercase HTTP method like "POST". in SYSTEMPATH/Router/RouteCollection.php on line 1026.
 1 SYSTEMPATH/Router/RouteCollection.php(1026): trigger_error('Passing lowercase HTTP method "post" is deprecated. Use uppercase HTTP method like "POST".', 16384)
 2 ROOTPATH/Modules/Templates/Config/Routes.php(7): CodeIgniter\Router\RouteCollection->match([...], '/', 'Templates::index')
 3 SYSTEMPATH/Router/RouteCollection.php(799): CodeIgniter\Router\RouteCollection->{closure}(Object(CodeIgniter\Router\RouteCollection))
 4 ROOTPATH/Modules/Templates/Config/Routes.php(4): CodeIgniter\Router\RouteCollection->group('templates', [...], Object(Closure))
 5 SYSTEMPATH/Router/RouteCollection.php(372): include('/Users/alanmartin/Sites/localhost/hmvc-master/Ci4/Modules/Templates/Config/Routes.php')
 6 SYSTEMPATH/Router/RouteCollection.php(342): CodeIgniter\Router\RouteCollection->discoverRoutes()
 7 SYSTEMPATH/CodeIgniter.php(821): CodeIgniter\Router\RouteCollection->loadRoutes()
 8 SYSTEMPATH/CodeIgniter.php(455): CodeIgniter\CodeIgniter->tryToRouteIt(null)
 9 SYSTEMPATH/CodeIgniter.php(354): CodeIgniter\CodeIgniter->handleRequest(null, Object(Config\Cache), false)
10 SYSTEMPATH/Boot.php(334): CodeIgniter\CodeIgniter->run()
11 SYSTEMPATH/Boot.php(67): CodeIgniter\Boot::runCodeIgniter(Object(CodeIgniter\CodeIgniter))
12 FCPATH/index.php(56): CodeIgniter\Boot::bootWeb(Object(Config\Paths))
DEBUG - 2025-02-06 12:14:20 --> Session: Class initialized using 'CodeIgniter\Session\Handlers\FileHandler' driver.
WARNING - 2025-02-06 12:14:20 --> [DEPRECATED] Passing lowercase HTTP method "get" is deprecated. Use uppercase HTTP method like "GET". in SYSTEMPATH/Router/RouteCollection.php on line 1026.
 1 SYSTEMPATH/Router/RouteCollection.php(1026): trigger_error('Passing lowercase HTTP method "get" is deprecated. Use uppercase HTTP method like "GET".', 16384)
 2 ROOTPATH/Modules/Templates/Config/Routes.php(7): CodeIgniter\Router\RouteCollection->match([...], '/', 'Templates::index')
 3 SYSTEMPATH/Router/RouteCollection.php(799): CodeIgniter\Router\RouteCollection->{closure}(Object(CodeIgniter\Router\RouteCollection))
 4 ROOTPATH/Modules/Templates/Config/Routes.php(4): CodeIgniter\Router\RouteCollection->group('templates', [...], Object(Closure))
 5 SYSTEMPATH/Router/RouteCollection.php(372): include('/Users/alanmartin/Sites/localhost/hmvc-master/Ci4/Modules/Templates/Config/Routes.php')
 6 SYSTEMPATH/Router/RouteCollection.php(342): CodeIgniter\Router\RouteCollection->discoverRoutes()
 7 SYSTEMPATH/CodeIgniter.php(821): CodeIgniter\Router\RouteCollection->loadRoutes()
 8 SYSTEMPATH/CodeIgniter.php(455): CodeIgniter\CodeIgniter->tryToRouteIt(null)
 9 SYSTEMPATH/CodeIgniter.php(354): CodeIgniter\CodeIgniter->handleRequest(null, Object(Config\Cache), false)
10 SYSTEMPATH/Boot.php(334): CodeIgniter\CodeIgniter->run()
11 SYSTEMPATH/Boot.php(67): CodeIgniter\Boot::runCodeIgniter(Object(CodeIgniter\CodeIgniter))
12 FCPATH/index.php(56): CodeIgniter\Boot::bootWeb(Object(Config\Paths))
WARNING - 2025-02-06 12:14:20 --> [DEPRECATED] Passing lowercase HTTP method "post" is deprecated. Use uppercase HTTP method like "POST". in SYSTEMPATH/Router/RouteCollection.php on line 1026.
 1 SYSTEMPATH/Router/RouteCollection.php(1026): trigger_error('Passing lowercase HTTP method "post" is deprecated. Use uppercase HTTP method like "POST".', 16384)
 2 ROOTPATH/Modules/Templates/Config/Routes.php(7): CodeIgniter\Router\RouteCollection->match([...], '/', 'Templates::index')
 3 SYSTEMPATH/Router/RouteCollection.php(799): CodeIgniter\Router\RouteCollection->{closure}(Object(CodeIgniter\Router\RouteCollection))
 4 ROOTPATH/Modules/Templates/Config/Routes.php(4): CodeIgniter\Router\RouteCollection->group('templates', [...], Object(Closure))
 5 SYSTEMPATH/Router/RouteCollection.php(372): include('/Users/alanmartin/Sites/localhost/hmvc-master/Ci4/Modules/Templates/Config/Routes.php')
 6 SYSTEMPATH/Router/RouteCollection.php(342): CodeIgniter\Router\RouteCollection->discoverRoutes()
 7 SYSTEMPATH/CodeIgniter.php(821): CodeIgniter\Router\RouteCollection->loadRoutes()
 8 SYSTEMPATH/CodeIgniter.php(455): CodeIgniter\CodeIgniter->tryToRouteIt(null)
 9 SYSTEMPATH/CodeIgniter.php(354): CodeIgniter\CodeIgniter->handleRequest(null, Object(Config\Cache), false)
10 SYSTEMPATH/Boot.php(334): CodeIgniter\CodeIgniter->run()
11 SYSTEMPATH/Boot.php(67): CodeIgniter\Boot::runCodeIgniter(Object(CodeIgniter\CodeIgniter))
12 FCPATH/index.php(56): CodeIgniter\Boot::bootWeb(Object(Config\Paths))
DEBUG - 2025-02-06 12:14:20 --> Session: Class initialized using 'CodeIgniter\Session\Handlers\FileHandler' driver.
WARNING - 2025-02-06 12:14:26 --> [DEPRECATED] Passing lowercase HTTP method "get" is deprecated. Use uppercase HTTP method like "GET". in SYSTEMPATH/Router/RouteCollection.php on line 1026.
 1 SYSTEMPATH/Router/RouteCollection.php(1026): trigger_error('Passing lowercase HTTP method "get" is deprecated. Use uppercase HTTP method like "GET".', 16384)
 2 ROOTPATH/Modules/Templates/Config/Routes.php(7): CodeIgniter\Router\RouteCollection->match([...], '/', 'Templates::index')
 3 SYSTEMPATH/Router/RouteCollection.php(799): CodeIgniter\Router\RouteCollection->{closure}(Object(CodeIgniter\Router\RouteCollection))
 4 ROOTPATH/Modules/Templates/Config/Routes.php(4): CodeIgniter\Router\RouteCollection->group('templates', [...], Object(Closure))
 5 SYSTEMPATH/Router/RouteCollection.php(372): include('/Users/alanmartin/Sites/localhost/hmvc-master/Ci4/Modules/Templates/Config/Routes.php')
 6 SYSTEMPATH/Router/RouteCollection.php(342): CodeIgniter\Router\RouteCollection->discoverRoutes()
 7 SYSTEMPATH/CodeIgniter.php(821): CodeIgniter\Router\RouteCollection->loadRoutes()
 8 SYSTEMPATH/CodeIgniter.php(455): CodeIgniter\CodeIgniter->tryToRouteIt(null)
 9 SYSTEMPATH/CodeIgniter.php(354): CodeIgniter\CodeIgniter->handleRequest(null, Object(Config\Cache), false)
10 SYSTEMPATH/Boot.php(334): CodeIgniter\CodeIgniter->run()
11 SYSTEMPATH/Boot.php(67): CodeIgniter\Boot::runCodeIgniter(Object(CodeIgniter\CodeIgniter))
12 FCPATH/index.php(56): CodeIgniter\Boot::bootWeb(Object(Config\Paths))
WARNING - 2025-02-06 12:14:26 --> [DEPRECATED] Passing lowercase HTTP method "post" is deprecated. Use uppercase HTTP method like "POST". in SYSTEMPATH/Router/RouteCollection.php on line 1026.
 1 SYSTEMPATH/Router/RouteCollection.php(1026): trigger_error('Passing lowercase HTTP method "post" is deprecated. Use uppercase HTTP method like "POST".', 16384)
 2 ROOTPATH/Modules/Templates/Config/Routes.php(7): CodeIgniter\Router\RouteCollection->match([...], '/', 'Templates::index')
 3 SYSTEMPATH/Router/RouteCollection.php(799): CodeIgniter\Router\RouteCollection->{closure}(Object(CodeIgniter\Router\RouteCollection))
 4 ROOTPATH/Modules/Templates/Config/Routes.php(4): CodeIgniter\Router\RouteCollection->group('templates', [...], Object(Closure))
 5 SYSTEMPATH/Router/RouteCollection.php(372): include('/Users/alanmartin/Sites/localhost/hmvc-master/Ci4/Modules/Templates/Config/Routes.php')
 6 SYSTEMPATH/Router/RouteCollection.php(342): CodeIgniter\Router\RouteCollection->discoverRoutes()
 7 SYSTEMPATH/CodeIgniter.php(821): CodeIgniter\Router\RouteCollection->loadRoutes()
 8 SYSTEMPATH/CodeIgniter.php(455): CodeIgniter\CodeIgniter->tryToRouteIt(null)
 9 SYSTEMPATH/CodeIgniter.php(354): CodeIgniter\CodeIgniter->handleRequest(null, Object(Config\Cache), false)
10 SYSTEMPATH/Boot.php(334): CodeIgniter\CodeIgniter->run()
11 SYSTEMPATH/Boot.php(67): CodeIgniter\Boot::runCodeIgniter(Object(CodeIgniter\CodeIgniter))
12 FCPATH/index.php(56): CodeIgniter\Boot::bootWeb(Object(Config\Paths))
DEBUG - 2025-02-06 12:14:26 --> Session: Class initialized using 'CodeIgniter\Session\Handlers\FileHandler' driver.
DEBUG - 2025-02-06 12:14:26 --> Session: Class initialized using 'CodeIgniter\Session\Handlers\FileHandler' driver.
WARNING - 2025-02-06 12:14:37 --> [DEPRECATED] Passing lowercase HTTP method "get" is deprecated. Use uppercase HTTP method like "GET". in SYSTEMPATH/Router/RouteCollection.php on line 1026.
 1 SYSTEMPATH/Router/RouteCollection.php(1026): trigger_error('Passing lowercase HTTP method "get" is deprecated. Use uppercase HTTP method like "GET".', 16384)
 2 ROOTPATH/Modules/Templates/Config/Routes.php(7): CodeIgniter\Router\RouteCollection->match([...], '/', 'Templates::index')
 3 SYSTEMPATH/Router/RouteCollection.php(799): CodeIgniter\Router\RouteCollection->{closure}(Object(CodeIgniter\Router\RouteCollection))
 4 ROOTPATH/Modules/Templates/Config/Routes.php(4): CodeIgniter\Router\RouteCollection->group('templates', [...], Object(Closure))
 5 SYSTEMPATH/Router/RouteCollection.php(372): include('/Users/alanmartin/Sites/localhost/hmvc-master/Ci4/Modules/Templates/Config/Routes.php')
 6 SYSTEMPATH/Router/RouteCollection.php(342): CodeIgniter\Router\RouteCollection->discoverRoutes()
 7 SYSTEMPATH/CodeIgniter.php(821): CodeIgniter\Router\RouteCollection->loadRoutes()
 8 SYSTEMPATH/CodeIgniter.php(455): CodeIgniter\CodeIgniter->tryToRouteIt(null)
 9 SYSTEMPATH/CodeIgniter.php(354): CodeIgniter\CodeIgniter->handleRequest(null, Object(Config\Cache), false)
10 SYSTEMPATH/Boot.php(334): CodeIgniter\CodeIgniter->run()
11 SYSTEMPATH/Boot.php(67): CodeIgniter\Boot::runCodeIgniter(Object(CodeIgniter\CodeIgniter))
12 FCPATH/index.php(56): CodeIgniter\Boot::bootWeb(Object(Config\Paths))
WARNING - 2025-02-06 12:14:37 --> [DEPRECATED] Passing lowercase HTTP method "post" is deprecated. Use uppercase HTTP method like "POST". in SYSTEMPATH/Router/RouteCollection.php on line 1026.
 1 SYSTEMPATH/Router/RouteCollection.php(1026): trigger_error('Passing lowercase HTTP method "post" is deprecated. Use uppercase HTTP method like "POST".', 16384)
 2 ROOTPATH/Modules/Templates/Config/Routes.php(7): CodeIgniter\Router\RouteCollection->match([...], '/', 'Templates::index')
 3 SYSTEMPATH/Router/RouteCollection.php(799): CodeIgniter\Router\RouteCollection->{closure}(Object(CodeIgniter\Router\RouteCollection))
 4 ROOTPATH/Modules/Templates/Config/Routes.php(4): CodeIgniter\Router\RouteCollection->group('templates', [...], Object(Closure))
 5 SYSTEMPATH/Router/RouteCollection.php(372): include('/Users/alanmartin/Sites/localhost/hmvc-master/Ci4/Modules/Templates/Config/Routes.php')
 6 SYSTEMPATH/Router/RouteCollection.php(342): CodeIgniter\Router\RouteCollection->discoverRoutes()
 7 SYSTEMPATH/CodeIgniter.php(821): CodeIgniter\Router\RouteCollection->loadRoutes()
 8 SYSTEMPATH/CodeIgniter.php(455): CodeIgniter\CodeIgniter->tryToRouteIt(null)
 9 SYSTEMPATH/CodeIgniter.php(354): CodeIgniter\CodeIgniter->handleRequest(null, Object(Config\Cache), false)
10 SYSTEMPATH/Boot.php(334): CodeIgniter\CodeIgniter->run()
11 SYSTEMPATH/Boot.php(67): CodeIgniter\Boot::runCodeIgniter(Object(CodeIgniter\CodeIgniter))
12 FCPATH/index.php(56): CodeIgniter\Boot::bootWeb(Object(Config\Paths))
DEBUG - 2025-02-06 12:14:37 --> Session: Class initialized using 'CodeIgniter\Session\Handlers\FileHandler' driver.
DEBUG - 2025-02-06 12:14:37 --> Session: Class initialized using 'CodeIgniter\Session\Handlers\FileHandler' driver.
WARNING - 2025-02-06 12:15:16 --> [DEPRECATED] Passing lowercase HTTP method "get" is deprecated. Use uppercase HTTP method like "GET". in SYSTEMPATH/Router/RouteCollection.php on line 1026.
 1 SYSTEMPATH/Router/RouteCollection.php(1026): trigger_error('Passing lowercase HTTP method "get" is deprecated. Use uppercase HTTP method like "GET".', 16384)
 2 ROOTPATH/Modules/Templates/Config/Routes.php(7): CodeIgniter\Router\RouteCollection->match([...], '/', 'Templates::index')
 3 SYSTEMPATH/Router/RouteCollection.php(799): CodeIgniter\Router\RouteCollection->{closure}(Object(CodeIgniter\Router\RouteCollection))
 4 ROOTPATH/Modules/Templates/Config/Routes.php(4): CodeIgniter\Router\RouteCollection->group('templates', [...], Object(Closure))
 5 SYSTEMPATH/Router/RouteCollection.php(372): include('/Users/alanmartin/Sites/localhost/hmvc-master/Ci4/Modules/Templates/Config/Routes.php')
 6 SYSTEMPATH/Router/RouteCollection.php(342): CodeIgniter\Router\RouteCollection->discoverRoutes()
 7 SYSTEMPATH/CodeIgniter.php(821): CodeIgniter\Router\RouteCollection->loadRoutes()
 8 SYSTEMPATH/CodeIgniter.php(455): CodeIgniter\CodeIgniter->tryToRouteIt(null)
 9 SYSTEMPATH/CodeIgniter.php(354): CodeIgniter\CodeIgniter->handleRequest(null, Object(Config\Cache), false)
10 SYSTEMPATH/Boot.php(334): CodeIgniter\CodeIgniter->run()
11 SYSTEMPATH/Boot.php(67): CodeIgniter\Boot::runCodeIgniter(Object(CodeIgniter\CodeIgniter))
12 FCPATH/index.php(56): CodeIgniter\Boot::bootWeb(Object(Config\Paths))
WARNING - 2025-02-06 12:15:16 --> [DEPRECATED] Passing lowercase HTTP method "post" is deprecated. Use uppercase HTTP method like "POST". in SYSTEMPATH/Router/RouteCollection.php on line 1026.
 1 SYSTEMPATH/Router/RouteCollection.php(1026): trigger_error('Passing lowercase HTTP method "post" is deprecated. Use uppercase HTTP method like "POST".', 16384)
 2 ROOTPATH/Modules/Templates/Config/Routes.php(7): CodeIgniter\Router\RouteCollection->match([...], '/', 'Templates::index')
 3 SYSTEMPATH/Router/RouteCollection.php(799): CodeIgniter\Router\RouteCollection->{closure}(Object(CodeIgniter\Router\RouteCollection))
 4 ROOTPATH/Modules/Templates/Config/Routes.php(4): CodeIgniter\Router\RouteCollection->group('templates', [...], Object(Closure))
 5 SYSTEMPATH/Router/RouteCollection.php(372): include('/Users/alanmartin/Sites/localhost/hmvc-master/Ci4/Modules/Templates/Config/Routes.php')
 6 SYSTEMPATH/Router/RouteCollection.php(342): CodeIgniter\Router\RouteCollection->discoverRoutes()
 7 SYSTEMPATH/CodeIgniter.php(821): CodeIgniter\Router\RouteCollection->loadRoutes()
 8 SYSTEMPATH/CodeIgniter.php(455): CodeIgniter\CodeIgniter->tryToRouteIt(null)
 9 SYSTEMPATH/CodeIgniter.php(354): CodeIgniter\CodeIgniter->handleRequest(null, Object(Config\Cache), false)
10 SYSTEMPATH/Boot.php(334): CodeIgniter\CodeIgniter->run()
11 SYSTEMPATH/Boot.php(67): CodeIgniter\Boot::runCodeIgniter(Object(CodeIgniter\CodeIgniter))
12 FCPATH/index.php(56): CodeIgniter\Boot::bootWeb(Object(Config\Paths))
DEBUG - 2025-02-06 12:15:16 --> Session: Class initialized using 'CodeIgniter\Session\Handlers\FileHandler' driver.
WARNING - 2025-02-06 12:15:18 --> [DEPRECATED] Passing lowercase HTTP method "get" is deprecated. Use uppercase HTTP method like "GET". in SYSTEMPATH/Router/RouteCollection.php on line 1026.
 1 SYSTEMPATH/Router/RouteCollection.php(1026): trigger_error('Passing lowercase HTTP method "get" is deprecated. Use uppercase HTTP method like "GET".', 16384)
 2 ROOTPATH/Modules/Templates/Config/Routes.php(7): CodeIgniter\Router\RouteCollection->match([...], '/', 'Templates::index')
 3 SYSTEMPATH/Router/RouteCollection.php(799): CodeIgniter\Router\RouteCollection->{closure}(Object(CodeIgniter\Router\RouteCollection))
 4 ROOTPATH/Modules/Templates/Config/Routes.php(4): CodeIgniter\Router\RouteCollection->group('templates', [...], Object(Closure))
 5 SYSTEMPATH/Router/RouteCollection.php(372): include('/Users/alanmartin/Sites/localhost/hmvc-master/Ci4/Modules/Templates/Config/Routes.php')
 6 SYSTEMPATH/Router/RouteCollection.php(342): CodeIgniter\Router\RouteCollection->discoverRoutes()
 7 SYSTEMPATH/CodeIgniter.php(821): CodeIgniter\Router\RouteCollection->loadRoutes()
 8 SYSTEMPATH/CodeIgniter.php(455): CodeIgniter\CodeIgniter->tryToRouteIt(null)
 9 SYSTEMPATH/CodeIgniter.php(354): CodeIgniter\CodeIgniter->handleRequest(null, Object(Config\Cache), false)
10 SYSTEMPATH/Boot.php(334): CodeIgniter\CodeIgniter->run()
11 SYSTEMPATH/Boot.php(67): CodeIgniter\Boot::runCodeIgniter(Object(CodeIgniter\CodeIgniter))
12 FCPATH/index.php(56): CodeIgniter\Boot::bootWeb(Object(Config\Paths))
WARNING - 2025-02-06 12:15:18 --> [DEPRECATED] Passing lowercase HTTP method "post" is deprecated. Use uppercase HTTP method like "POST". in SYSTEMPATH/Router/RouteCollection.php on line 1026.
 1 SYSTEMPATH/Router/RouteCollection.php(1026): trigger_error('Passing lowercase HTTP method "post" is deprecated. Use uppercase HTTP method like "POST".', 16384)
 2 ROOTPATH/Modules/Templates/Config/Routes.php(7): CodeIgniter\Router\RouteCollection->match([...], '/', 'Templates::index')
 3 SYSTEMPATH/Router/RouteCollection.php(799): CodeIgniter\Router\RouteCollection->{closure}(Object(CodeIgniter\Router\RouteCollection))
 4 ROOTPATH/Modules/Templates/Config/Routes.php(4): CodeIgniter\Router\RouteCollection->group('templates', [...], Object(Closure))
 5 SYSTEMPATH/Router/RouteCollection.php(372): include('/Users/alanmartin/Sites/localhost/hmvc-master/Ci4/Modules/Templates/Config/Routes.php')
 6 SYSTEMPATH/Router/RouteCollection.php(342): CodeIgniter\Router\RouteCollection->discoverRoutes()
 7 SYSTEMPATH/CodeIgniter.php(821): CodeIgniter\Router\RouteCollection->loadRoutes()
 8 SYSTEMPATH/CodeIgniter.php(455): CodeIgniter\CodeIgniter->tryToRouteIt(null)
 9 SYSTEMPATH/CodeIgniter.php(354): CodeIgniter\CodeIgniter->handleRequest(null, Object(Config\Cache), false)
10 SYSTEMPATH/Boot.php(334): CodeIgniter\CodeIgniter->run()
11 SYSTEMPATH/Boot.php(67): CodeIgniter\Boot::runCodeIgniter(Object(CodeIgniter\CodeIgniter))
12 FCPATH/index.php(56): CodeIgniter\Boot::bootWeb(Object(Config\Paths))
DEBUG - 2025-02-06 12:15:18 --> Session: Class initialized using 'CodeIgniter\Session\Handlers\FileHandler' driver.
WARNING - 2025-02-06 12:15:18 --> [DEPRECATED] Passing lowercase HTTP method "get" is deprecated. Use uppercase HTTP method like "GET". in SYSTEMPATH/Router/RouteCollection.php on line 1026.
 1 SYSTEMPATH/Router/RouteCollection.php(1026): trigger_error('Passing lowercase HTTP method "get" is deprecated. Use uppercase HTTP method like "GET".', 16384)
 2 ROOTPATH/Modules/Templates/Config/Routes.php(7): CodeIgniter\Router\RouteCollection->match([...], '/', 'Templates::index')
 3 SYSTEMPATH/Router/RouteCollection.php(799): CodeIgniter\Router\RouteCollection->{closure}(Object(CodeIgniter\Router\RouteCollection))
 4 ROOTPATH/Modules/Templates/Config/Routes.php(4): CodeIgniter\Router\RouteCollection->group('templates', [...], Object(Closure))
 5 SYSTEMPATH/Router/RouteCollection.php(372): include('/Users/alanmartin/Sites/localhost/hmvc-master/Ci4/Modules/Templates/Config/Routes.php')
 6 SYSTEMPATH/Router/RouteCollection.php(342): CodeIgniter\Router\RouteCollection->discoverRoutes()
 7 SYSTEMPATH/CodeIgniter.php(821): CodeIgniter\Router\RouteCollection->loadRoutes()
 8 SYSTEMPATH/CodeIgniter.php(455): CodeIgniter\CodeIgniter->tryToRouteIt(null)
 9 SYSTEMPATH/CodeIgniter.php(354): CodeIgniter\CodeIgniter->handleRequest(null, Object(Config\Cache), false)
10 SYSTEMPATH/Boot.php(334): CodeIgniter\CodeIgniter->run()
11 SYSTEMPATH/Boot.php(67): CodeIgniter\Boot::runCodeIgniter(Object(CodeIgniter\CodeIgniter))
12 FCPATH/index.php(56): CodeIgniter\Boot::bootWeb(Object(Config\Paths))
WARNING - 2025-02-06 12:15:18 --> [DEPRECATED] Passing lowercase HTTP method "post" is deprecated. Use uppercase HTTP method like "POST". in SYSTEMPATH/Router/RouteCollection.php on line 1026.
 1 SYSTEMPATH/Router/RouteCollection.php(1026): trigger_error('Passing lowercase HTTP method "post" is deprecated. Use uppercase HTTP method like "POST".', 16384)
 2 ROOTPATH/Modules/Templates/Config/Routes.php(7): CodeIgniter\Router\RouteCollection->match([...], '/', 'Templates::index')
 3 SYSTEMPATH/Router/RouteCollection.php(799): CodeIgniter\Router\RouteCollection->{closure}(Object(CodeIgniter\Router\RouteCollection))
 4 ROOTPATH/Modules/Templates/Config/Routes.php(4): CodeIgniter\Router\RouteCollection->group('templates', [...], Object(Closure))
 5 SYSTEMPATH/Router/RouteCollection.php(372): include('/Users/alanmartin/Sites/localhost/hmvc-master/Ci4/Modules/Templates/Config/Routes.php')
 6 SYSTEMPATH/Router/RouteCollection.php(342): CodeIgniter\Router\RouteCollection->discoverRoutes()
 7 SYSTEMPATH/CodeIgniter.php(821): CodeIgniter\Router\RouteCollection->loadRoutes()
 8 SYSTEMPATH/CodeIgniter.php(455): CodeIgniter\CodeIgniter->tryToRouteIt(null)
 9 SYSTEMPATH/CodeIgniter.php(354): CodeIgniter\CodeIgniter->handleRequest(null, Object(Config\Cache), false)
10 SYSTEMPATH/Boot.php(334): CodeIgniter\CodeIgniter->run()
11 SYSTEMPATH/Boot.php(67): CodeIgniter\Boot::runCodeIgniter(Object(CodeIgniter\CodeIgniter))
12 FCPATH/index.php(56): CodeIgniter\Boot::bootWeb(Object(Config\Paths))
DEBUG - 2025-02-06 12:15:18 --> Session: Class initialized using 'CodeIgniter\Session\Handlers\FileHandler' driver.
WARNING - 2025-02-06 12:15:28 --> [DEPRECATED] Passing lowercase HTTP method "get" is deprecated. Use uppercase HTTP method like "GET". in SYSTEMPATH/Router/RouteCollection.php on line 1026.
 1 SYSTEMPATH/Router/RouteCollection.php(1026): trigger_error('Passing lowercase HTTP method "get" is deprecated. Use uppercase HTTP method like "GET".', 16384)
 2 ROOTPATH/Modules/Templates/Config/Routes.php(7): CodeIgniter\Router\RouteCollection->match([...], '/', 'Templates::index')
 3 SYSTEMPATH/Router/RouteCollection.php(799): CodeIgniter\Router\RouteCollection->{closure}(Object(CodeIgniter\Router\RouteCollection))
 4 ROOTPATH/Modules/Templates/Config/Routes.php(4): CodeIgniter\Router\RouteCollection->group('templates', [...], Object(Closure))
 5 SYSTEMPATH/Router/RouteCollection.php(372): include('/Users/alanmartin/Sites/localhost/hmvc-master/Ci4/Modules/Templates/Config/Routes.php')
 6 SYSTEMPATH/Router/RouteCollection.php(342): CodeIgniter\Router\RouteCollection->discoverRoutes()
 7 SYSTEMPATH/CodeIgniter.php(821): CodeIgniter\Router\RouteCollection->loadRoutes()
 8 SYSTEMPATH/CodeIgniter.php(455): CodeIgniter\CodeIgniter->tryToRouteIt(null)
 9 SYSTEMPATH/CodeIgniter.php(354): CodeIgniter\CodeIgniter->handleRequest(null, Object(Config\Cache), false)
10 SYSTEMPATH/Boot.php(334): CodeIgniter\CodeIgniter->run()
11 SYSTEMPATH/Boot.php(67): CodeIgniter\Boot::runCodeIgniter(Object(CodeIgniter\CodeIgniter))
12 FCPATH/index.php(56): CodeIgniter\Boot::bootWeb(Object(Config\Paths))
WARNING - 2025-02-06 12:15:28 --> [DEPRECATED] Passing lowercase HTTP method "post" is deprecated. Use uppercase HTTP method like "POST". in SYSTEMPATH/Router/RouteCollection.php on line 1026.
 1 SYSTEMPATH/Router/RouteCollection.php(1026): trigger_error('Passing lowercase HTTP method "post" is deprecated. Use uppercase HTTP method like "POST".', 16384)
 2 ROOTPATH/Modules/Templates/Config/Routes.php(7): CodeIgniter\Router\RouteCollection->match([...], '/', 'Templates::index')
 3 SYSTEMPATH/Router/RouteCollection.php(799): CodeIgniter\Router\RouteCollection->{closure}(Object(CodeIgniter\Router\RouteCollection))
 4 ROOTPATH/Modules/Templates/Config/Routes.php(4): CodeIgniter\Router\RouteCollection->group('templates', [...], Object(Closure))
 5 SYSTEMPATH/Router/RouteCollection.php(372): include('/Users/alanmartin/Sites/localhost/hmvc-master/Ci4/Modules/Templates/Config/Routes.php')
 6 SYSTEMPATH/Router/RouteCollection.php(342): CodeIgniter\Router\RouteCollection->discoverRoutes()
 7 SYSTEMPATH/CodeIgniter.php(821): CodeIgniter\Router\RouteCollection->loadRoutes()
 8 SYSTEMPATH/CodeIgniter.php(455): CodeIgniter\CodeIgniter->tryToRouteIt(null)
 9 SYSTEMPATH/CodeIgniter.php(354): CodeIgniter\CodeIgniter->handleRequest(null, Object(Config\Cache), false)
10 SYSTEMPATH/Boot.php(334): CodeIgniter\CodeIgniter->run()
11 SYSTEMPATH/Boot.php(67): CodeIgniter\Boot::runCodeIgniter(Object(CodeIgniter\CodeIgniter))
12 FCPATH/index.php(56): CodeIgniter\Boot::bootWeb(Object(Config\Paths))
DEBUG - 2025-02-06 12:15:28 --> Session: Class initialized using 'CodeIgniter\Session\Handlers\FileHandler' driver.
WARNING - 2025-02-06 12:15:28 --> [DEPRECATED] Passing lowercase HTTP method "get" is deprecated. Use uppercase HTTP method like "GET". in SYSTEMPATH/Router/RouteCollection.php on line 1026.
 1 SYSTEMPATH/Router/RouteCollection.php(1026): trigger_error('Passing lowercase HTTP method "get" is deprecated. Use uppercase HTTP method like "GET".', 16384)
 2 ROOTPATH/Modules/Templates/Config/Routes.php(7): CodeIgniter\Router\RouteCollection->match([...], '/', 'Templates::index')
 3 SYSTEMPATH/Router/RouteCollection.php(799): CodeIgniter\Router\RouteCollection->{closure}(Object(CodeIgniter\Router\RouteCollection))
 4 ROOTPATH/Modules/Templates/Config/Routes.php(4): CodeIgniter\Router\RouteCollection->group('templates', [...], Object(Closure))
 5 SYSTEMPATH/Router/RouteCollection.php(372): include('/Users/alanmartin/Sites/localhost/hmvc-master/Ci4/Modules/Templates/Config/Routes.php')
 6 SYSTEMPATH/Router/RouteCollection.php(342): CodeIgniter\Router\RouteCollection->discoverRoutes()
 7 SYSTEMPATH/CodeIgniter.php(821): CodeIgniter\Router\RouteCollection->loadRoutes()
 8 SYSTEMPATH/CodeIgniter.php(455): CodeIgniter\CodeIgniter->tryToRouteIt(null)
 9 SYSTEMPATH/CodeIgniter.php(354): CodeIgniter\CodeIgniter->handleRequest(null, Object(Config\Cache), false)
10 SYSTEMPATH/Boot.php(334): CodeIgniter\CodeIgniter->run()
11 SYSTEMPATH/Boot.php(67): CodeIgniter\Boot::runCodeIgniter(Object(CodeIgniter\CodeIgniter))
12 FCPATH/index.php(56): CodeIgniter\Boot::bootWeb(Object(Config\Paths))
WARNING - 2025-02-06 12:15:28 --> [DEPRECATED] Passing lowercase HTTP method "post" is deprecated. Use uppercase HTTP method like "POST". in SYSTEMPATH/Router/RouteCollection.php on line 1026.
 1 SYSTEMPATH/Router/RouteCollection.php(1026): trigger_error('Passing lowercase HTTP method "post" is deprecated. Use uppercase HTTP method like "POST".', 16384)
 2 ROOTPATH/Modules/Templates/Config/Routes.php(7): CodeIgniter\Router\RouteCollection->match([...], '/', 'Templates::index')
 3 SYSTEMPATH/Router/RouteCollection.php(799): CodeIgniter\Router\RouteCollection->{closure}(Object(CodeIgniter\Router\RouteCollection))
 4 ROOTPATH/Modules/Templates/Config/Routes.php(4): CodeIgniter\Router\RouteCollection->group('templates', [...], Object(Closure))
 5 SYSTEMPATH/Router/RouteCollection.php(372): include('/Users/alanmartin/Sites/localhost/hmvc-master/Ci4/Modules/Templates/Config/Routes.php')
 6 SYSTEMPATH/Router/RouteCollection.php(342): CodeIgniter\Router\RouteCollection->discoverRoutes()
 7 SYSTEMPATH/CodeIgniter.php(821): CodeIgniter\Router\RouteCollection->loadRoutes()
 8 SYSTEMPATH/CodeIgniter.php(455): CodeIgniter\CodeIgniter->tryToRouteIt(null)
 9 SYSTEMPATH/CodeIgniter.php(354): CodeIgniter\CodeIgniter->handleRequest(null, Object(Config\Cache), false)
10 SYSTEMPATH/Boot.php(334): CodeIgniter\CodeIgniter->run()
11 SYSTEMPATH/Boot.php(67): CodeIgniter\Boot::runCodeIgniter(Object(CodeIgniter\CodeIgniter))
12 FCPATH/index.php(56): CodeIgniter\Boot::bootWeb(Object(Config\Paths))
DEBUG - 2025-02-06 12:15:28 --> Session: Class initialized using 'CodeIgniter\Session\Handlers\FileHandler' driver.
WARNING - 2025-02-06 12:15:28 --> [DEPRECATED] Passing lowercase HTTP method "get" is deprecated. Use uppercase HTTP method like "GET". in SYSTEMPATH/Router/RouteCollection.php on line 1026.
 1 SYSTEMPATH/Router/RouteCollection.php(1026): trigger_error('Passing lowercase HTTP method "get" is deprecated. Use uppercase HTTP method like "GET".', 16384)
 2 ROOTPATH/Modules/Templates/Config/Routes.php(7): CodeIgniter\Router\RouteCollection->match([...], '/', 'Templates::index')
 3 SYSTEMPATH/Router/RouteCollection.php(799): CodeIgniter\Router\RouteCollection->{closure}(Object(CodeIgniter\Router\RouteCollection))
 4 ROOTPATH/Modules/Templates/Config/Routes.php(4): CodeIgniter\Router\RouteCollection->group('templates', [...], Object(Closure))
 5 SYSTEMPATH/Router/RouteCollection.php(372): include('/Users/alanmartin/Sites/localhost/hmvc-master/Ci4/Modules/Templates/Config/Routes.php')
 6 SYSTEMPATH/Router/RouteCollection.php(342): CodeIgniter\Router\RouteCollection->discoverRoutes()
 7 SYSTEMPATH/CodeIgniter.php(821): CodeIgniter\Router\RouteCollection->loadRoutes()
 8 SYSTEMPATH/CodeIgniter.php(455): CodeIgniter\CodeIgniter->tryToRouteIt(null)
 9 SYSTEMPATH/CodeIgniter.php(354): CodeIgniter\CodeIgniter->handleRequest(null, Object(Config\Cache), false)
10 SYSTEMPATH/Boot.php(334): CodeIgniter\CodeIgniter->run()
11 SYSTEMPATH/Boot.php(67): CodeIgniter\Boot::runCodeIgniter(Object(CodeIgniter\CodeIgniter))
12 FCPATH/index.php(56): CodeIgniter\Boot::bootWeb(Object(Config\Paths))
WARNING - 2025-02-06 12:15:28 --> [DEPRECATED] Passing lowercase HTTP method "post" is deprecated. Use uppercase HTTP method like "POST". in SYSTEMPATH/Router/RouteCollection.php on line 1026.
 1 SYSTEMPATH/Router/RouteCollection.php(1026): trigger_error('Passing lowercase HTTP method "post" is deprecated. Use uppercase HTTP method like "POST".', 16384)
 2 ROOTPATH/Modules/Templates/Config/Routes.php(7): CodeIgniter\Router\RouteCollection->match([...], '/', 'Templates::index')
 3 SYSTEMPATH/Router/RouteCollection.php(799): CodeIgniter\Router\RouteCollection->{closure}(Object(CodeIgniter\Router\RouteCollection))
 4 ROOTPATH/Modules/Templates/Config/Routes.php(4): CodeIgniter\Router\RouteCollection->group('templates', [...], Object(Closure))
 5 SYSTEMPATH/Router/RouteCollection.php(372): include('/Users/alanmartin/Sites/localhost/hmvc-master/Ci4/Modules/Templates/Config/Routes.php')
 6 SYSTEMPATH/Router/RouteCollection.php(342): CodeIgniter\Router\RouteCollection->discoverRoutes()
 7 SYSTEMPATH/CodeIgniter.php(821): CodeIgniter\Router\RouteCollection->loadRoutes()
 8 SYSTEMPATH/CodeIgniter.php(455): CodeIgniter\CodeIgniter->tryToRouteIt(null)
 9 SYSTEMPATH/CodeIgniter.php(354): CodeIgniter\CodeIgniter->handleRequest(null, Object(Config\Cache), false)
10 SYSTEMPATH/Boot.php(334): CodeIgniter\CodeIgniter->run()
11 SYSTEMPATH/Boot.php(67): CodeIgniter\Boot::runCodeIgniter(Object(CodeIgniter\CodeIgniter))
12 FCPATH/index.php(56): CodeIgniter\Boot::bootWeb(Object(Config\Paths))
DEBUG - 2025-02-06 12:15:28 --> Session: Class initialized using 'CodeIgniter\Session\Handlers\FileHandler' driver.
WARNING - 2025-02-06 12:15:34 --> [DEPRECATED] Passing lowercase HTTP method "get" is deprecated. Use uppercase HTTP method like "GET". in SYSTEMPATH/Router/RouteCollection.php on line 1026.
 1 SYSTEMPATH/Router/RouteCollection.php(1026): trigger_error('Passing lowercase HTTP method "get" is deprecated. Use uppercase HTTP method like "GET".', 16384)
 2 ROOTPATH/Modules/Templates/Config/Routes.php(7): CodeIgniter\Router\RouteCollection->match([...], '/', 'Templates::index')
 3 SYSTEMPATH/Router/RouteCollection.php(799): CodeIgniter\Router\RouteCollection->{closure}(Object(CodeIgniter\Router\RouteCollection))
 4 ROOTPATH/Modules/Templates/Config/Routes.php(4): CodeIgniter\Router\RouteCollection->group('templates', [...], Object(Closure))
 5 SYSTEMPATH/Router/RouteCollection.php(372): include('/Users/alanmartin/Sites/localhost/hmvc-master/Ci4/Modules/Templates/Config/Routes.php')
 6 SYSTEMPATH/Router/RouteCollection.php(342): CodeIgniter\Router\RouteCollection->discoverRoutes()
 7 SYSTEMPATH/CodeIgniter.php(821): CodeIgniter\Router\RouteCollection->loadRoutes()
 8 SYSTEMPATH/CodeIgniter.php(455): CodeIgniter\CodeIgniter->tryToRouteIt(null)
 9 SYSTEMPATH/CodeIgniter.php(354): CodeIgniter\CodeIgniter->handleRequest(null, Object(Config\Cache), false)
10 SYSTEMPATH/Boot.php(334): CodeIgniter\CodeIgniter->run()
11 SYSTEMPATH/Boot.php(67): CodeIgniter\Boot::runCodeIgniter(Object(CodeIgniter\CodeIgniter))
12 FCPATH/index.php(56): CodeIgniter\Boot::bootWeb(Object(Config\Paths))
WARNING - 2025-02-06 12:15:34 --> [DEPRECATED] Passing lowercase HTTP method "post" is deprecated. Use uppercase HTTP method like "POST". in SYSTEMPATH/Router/RouteCollection.php on line 1026.
 1 SYSTEMPATH/Router/RouteCollection.php(1026): trigger_error('Passing lowercase HTTP method "post" is deprecated. Use uppercase HTTP method like "POST".', 16384)
 2 ROOTPATH/Modules/Templates/Config/Routes.php(7): CodeIgniter\Router\RouteCollection->match([...], '/', 'Templates::index')
 3 SYSTEMPATH/Router/RouteCollection.php(799): CodeIgniter\Router\RouteCollection->{closure}(Object(CodeIgniter\Router\RouteCollection))
 4 ROOTPATH/Modules/Templates/Config/Routes.php(4): CodeIgniter\Router\RouteCollection->group('templates', [...], Object(Closure))
 5 SYSTEMPATH/Router/RouteCollection.php(372): include('/Users/alanmartin/Sites/localhost/hmvc-master/Ci4/Modules/Templates/Config/Routes.php')
 6 SYSTEMPATH/Router/RouteCollection.php(342): CodeIgniter\Router\RouteCollection->discoverRoutes()
 7 SYSTEMPATH/CodeIgniter.php(821): CodeIgniter\Router\RouteCollection->loadRoutes()
 8 SYSTEMPATH/CodeIgniter.php(455): CodeIgniter\CodeIgniter->tryToRouteIt(null)
 9 SYSTEMPATH/CodeIgniter.php(354): CodeIgniter\CodeIgniter->handleRequest(null, Object(Config\Cache), false)
10 SYSTEMPATH/Boot.php(334): CodeIgniter\CodeIgniter->run()
11 SYSTEMPATH/Boot.php(67): CodeIgniter\Boot::runCodeIgniter(Object(CodeIgniter\CodeIgniter))
12 FCPATH/index.php(56): CodeIgniter\Boot::bootWeb(Object(Config\Paths))
DEBUG - 2025-02-06 12:15:34 --> Session: Class initialized using 'CodeIgniter\Session\Handlers\FileHandler' driver.
WARNING - 2025-02-06 12:15:34 --> [DEPRECATED] Passing lowercase HTTP method "get" is deprecated. Use uppercase HTTP method like "GET". in SYSTEMPATH/Router/RouteCollection.php on line 1026.
 1 SYSTEMPATH/Router/RouteCollection.php(1026): trigger_error('Passing lowercase HTTP method "get" is deprecated. Use uppercase HTTP method like "GET".', 16384)
 2 ROOTPATH/Modules/Templates/Config/Routes.php(7): CodeIgniter\Router\RouteCollection->match([...], '/', 'Templates::index')
 3 SYSTEMPATH/Router/RouteCollection.php(799): CodeIgniter\Router\RouteCollection->{closure}(Object(CodeIgniter\Router\RouteCollection))
 4 ROOTPATH/Modules/Templates/Config/Routes.php(4): CodeIgniter\Router\RouteCollection->group('templates', [...], Object(Closure))
 5 SYSTEMPATH/Router/RouteCollection.php(372): include('/Users/alanmartin/Sites/localhost/hmvc-master/Ci4/Modules/Templates/Config/Routes.php')
 6 SYSTEMPATH/Router/RouteCollection.php(342): CodeIgniter\Router\RouteCollection->discoverRoutes()
 7 SYSTEMPATH/CodeIgniter.php(821): CodeIgniter\Router\RouteCollection->loadRoutes()
 8 SYSTEMPATH/CodeIgniter.php(455): CodeIgniter\CodeIgniter->tryToRouteIt(null)
 9 SYSTEMPATH/CodeIgniter.php(354): CodeIgniter\CodeIgniter->handleRequest(null, Object(Config\Cache), false)
10 SYSTEMPATH/Boot.php(334): CodeIgniter\CodeIgniter->run()
11 SYSTEMPATH/Boot.php(67): CodeIgniter\Boot::runCodeIgniter(Object(CodeIgniter\CodeIgniter))
12 FCPATH/index.php(56): CodeIgniter\Boot::bootWeb(Object(Config\Paths))
WARNING - 2025-02-06 12:15:34 --> [DEPRECATED] Passing lowercase HTTP method "post" is deprecated. Use uppercase HTTP method like "POST". in SYSTEMPATH/Router/RouteCollection.php on line 1026.
 1 SYSTEMPATH/Router/RouteCollection.php(1026): trigger_error('Passing lowercase HTTP method "post" is deprecated. Use uppercase HTTP method like "POST".', 16384)
 2 ROOTPATH/Modules/Templates/Config/Routes.php(7): CodeIgniter\Router\RouteCollection->match([...], '/', 'Templates::index')
 3 SYSTEMPATH/Router/RouteCollection.php(799): CodeIgniter\Router\RouteCollection->{closure}(Object(CodeIgniter\Router\RouteCollection))
 4 ROOTPATH/Modules/Templates/Config/Routes.php(4): CodeIgniter\Router\RouteCollection->group('templates', [...], Object(Closure))
 5 SYSTEMPATH/Router/RouteCollection.php(372): include('/Users/alanmartin/Sites/localhost/hmvc-master/Ci4/Modules/Templates/Config/Routes.php')
 6 SYSTEMPATH/Router/RouteCollection.php(342): CodeIgniter\Router\RouteCollection->discoverRoutes()
 7 SYSTEMPATH/CodeIgniter.php(821): CodeIgniter\Router\RouteCollection->loadRoutes()
 8 SYSTEMPATH/CodeIgniter.php(455): CodeIgniter\CodeIgniter->tryToRouteIt(null)
 9 SYSTEMPATH/CodeIgniter.php(354): CodeIgniter\CodeIgniter->handleRequest(null, Object(Config\Cache), false)
10 SYSTEMPATH/Boot.php(334): CodeIgniter\CodeIgniter->run()
11 SYSTEMPATH/Boot.php(67): CodeIgniter\Boot::runCodeIgniter(Object(CodeIgniter\CodeIgniter))
12 FCPATH/index.php(56): CodeIgniter\Boot::bootWeb(Object(Config\Paths))
DEBUG - 2025-02-06 12:15:34 --> Session: Class initialized using 'CodeIgniter\Session\Handlers\FileHandler' driver.
WARNING - 2025-02-06 12:15:34 --> [DEPRECATED] Passing lowercase HTTP method "get" is deprecated. Use uppercase HTTP method like "GET". in SYSTEMPATH/Router/RouteCollection.php on line 1026.
 1 SYSTEMPATH/Router/RouteCollection.php(1026): trigger_error('Passing lowercase HTTP method "get" is deprecated. Use uppercase HTTP method like "GET".', 16384)
 2 ROOTPATH/Modules/Templates/Config/Routes.php(7): CodeIgniter\Router\RouteCollection->match([...], '/', 'Templates::index')
 3 SYSTEMPATH/Router/RouteCollection.php(799): CodeIgniter\Router\RouteCollection->{closure}(Object(CodeIgniter\Router\RouteCollection))
 4 ROOTPATH/Modules/Templates/Config/Routes.php(4): CodeIgniter\Router\RouteCollection->group('templates', [...], Object(Closure))
 5 SYSTEMPATH/Router/RouteCollection.php(372): include('/Users/alanmartin/Sites/localhost/hmvc-master/Ci4/Modules/Templates/Config/Routes.php')
 6 SYSTEMPATH/Router/RouteCollection.php(342): CodeIgniter\Router\RouteCollection->discoverRoutes()
 7 SYSTEMPATH/CodeIgniter.php(821): CodeIgniter\Router\RouteCollection->loadRoutes()
 8 SYSTEMPATH/CodeIgniter.php(455): CodeIgniter\CodeIgniter->tryToRouteIt(null)
 9 SYSTEMPATH/CodeIgniter.php(354): CodeIgniter\CodeIgniter->handleRequest(null, Object(Config\Cache), false)
10 SYSTEMPATH/Boot.php(334): CodeIgniter\CodeIgniter->run()
11 SYSTEMPATH/Boot.php(67): CodeIgniter\Boot::runCodeIgniter(Object(CodeIgniter\CodeIgniter))
12 FCPATH/index.php(56): CodeIgniter\Boot::bootWeb(Object(Config\Paths))
WARNING - 2025-02-06 12:15:34 --> [DEPRECATED] Passing lowercase HTTP method "post" is deprecated. Use uppercase HTTP method like "POST". in SYSTEMPATH/Router/RouteCollection.php on line 1026.
 1 SYSTEMPATH/Router/RouteCollection.php(1026): trigger_error('Passing lowercase HTTP method "post" is deprecated. Use uppercase HTTP method like "POST".', 16384)
 2 ROOTPATH/Modules/Templates/Config/Routes.php(7): CodeIgniter\Router\RouteCollection->match([...], '/', 'Templates::index')
 3 SYSTEMPATH/Router/RouteCollection.php(799): CodeIgniter\Router\RouteCollection->{closure}(Object(CodeIgniter\Router\RouteCollection))
 4 ROOTPATH/Modules/Templates/Config/Routes.php(4): CodeIgniter\Router\RouteCollection->group('templates', [...], Object(Closure))
 5 SYSTEMPATH/Router/RouteCollection.php(372): include('/Users/alanmartin/Sites/localhost/hmvc-master/Ci4/Modules/Templates/Config/Routes.php')
 6 SYSTEMPATH/Router/RouteCollection.php(342): CodeIgniter\Router\RouteCollection->discoverRoutes()
 7 SYSTEMPATH/CodeIgniter.php(821): CodeIgniter\Router\RouteCollection->loadRoutes()
 8 SYSTEMPATH/CodeIgniter.php(455): CodeIgniter\CodeIgniter->tryToRouteIt(null)
 9 SYSTEMPATH/CodeIgniter.php(354): CodeIgniter\CodeIgniter->handleRequest(null, Object(Config\Cache), false)
10 SYSTEMPATH/Boot.php(334): CodeIgniter\CodeIgniter->run()
11 SYSTEMPATH/Boot.php(67): CodeIgniter\Boot::runCodeIgniter(Object(CodeIgniter\CodeIgniter))
12 FCPATH/index.php(56): CodeIgniter\Boot::bootWeb(Object(Config\Paths))
DEBUG - 2025-02-06 12:15:34 --> Session: Class initialized using 'CodeIgniter\Session\Handlers\FileHandler' driver.
WARNING - 2025-02-06 12:15:39 --> [DEPRECATED] Passing lowercase HTTP method "get" is deprecated. Use uppercase HTTP method like "GET". in SYSTEMPATH/Router/RouteCollection.php on line 1026.
 1 SYSTEMPATH/Router/RouteCollection.php(1026): trigger_error('Passing lowercase HTTP method "get" is deprecated. Use uppercase HTTP method like "GET".', 16384)
 2 ROOTPATH/Modules/Templates/Config/Routes.php(7): CodeIgniter\Router\RouteCollection->match([...], '/', 'Templates::index')
 3 SYSTEMPATH/Router/RouteCollection.php(799): CodeIgniter\Router\RouteCollection->{closure}(Object(CodeIgniter\Router\RouteCollection))
 4 ROOTPATH/Modules/Templates/Config/Routes.php(4): CodeIgniter\Router\RouteCollection->group('templates', [...], Object(Closure))
 5 SYSTEMPATH/Router/RouteCollection.php(372): include('/Users/alanmartin/Sites/localhost/hmvc-master/Ci4/Modules/Templates/Config/Routes.php')
 6 SYSTEMPATH/Router/RouteCollection.php(342): CodeIgniter\Router\RouteCollection->discoverRoutes()
 7 SYSTEMPATH/CodeIgniter.php(821): CodeIgniter\Router\RouteCollection->loadRoutes()
 8 SYSTEMPATH/CodeIgniter.php(455): CodeIgniter\CodeIgniter->tryToRouteIt(null)
 9 SYSTEMPATH/CodeIgniter.php(354): CodeIgniter\CodeIgniter->handleRequest(null, Object(Config\Cache), false)
10 SYSTEMPATH/Boot.php(334): CodeIgniter\CodeIgniter->run()
11 SYSTEMPATH/Boot.php(67): CodeIgniter\Boot::runCodeIgniter(Object(CodeIgniter\CodeIgniter))
12 FCPATH/index.php(56): CodeIgniter\Boot::bootWeb(Object(Config\Paths))
WARNING - 2025-02-06 12:15:39 --> [DEPRECATED] Passing lowercase HTTP method "post" is deprecated. Use uppercase HTTP method like "POST". in SYSTEMPATH/Router/RouteCollection.php on line 1026.
 1 SYSTEMPATH/Router/RouteCollection.php(1026): trigger_error('Passing lowercase HTTP method "post" is deprecated. Use uppercase HTTP method like "POST".', 16384)
 2 ROOTPATH/Modules/Templates/Config/Routes.php(7): CodeIgniter\Router\RouteCollection->match([...], '/', 'Templates::index')
 3 SYSTEMPATH/Router/RouteCollection.php(799): CodeIgniter\Router\RouteCollection->{closure}(Object(CodeIgniter\Router\RouteCollection))
 4 ROOTPATH/Modules/Templates/Config/Routes.php(4): CodeIgniter\Router\RouteCollection->group('templates', [...], Object(Closure))
 5 SYSTEMPATH/Router/RouteCollection.php(372): include('/Users/alanmartin/Sites/localhost/hmvc-master/Ci4/Modules/Templates/Config/Routes.php')
 6 SYSTEMPATH/Router/RouteCollection.php(342): CodeIgniter\Router\RouteCollection->discoverRoutes()
 7 SYSTEMPATH/CodeIgniter.php(821): CodeIgniter\Router\RouteCollection->loadRoutes()
 8 SYSTEMPATH/CodeIgniter.php(455): CodeIgniter\CodeIgniter->tryToRouteIt(null)
 9 SYSTEMPATH/CodeIgniter.php(354): CodeIgniter\CodeIgniter->handleRequest(null, Object(Config\Cache), false)
10 SYSTEMPATH/Boot.php(334): CodeIgniter\CodeIgniter->run()
11 SYSTEMPATH/Boot.php(67): CodeIgniter\Boot::runCodeIgniter(Object(CodeIgniter\CodeIgniter))
12 FCPATH/index.php(56): CodeIgniter\Boot::bootWeb(Object(Config\Paths))
DEBUG - 2025-02-06 12:15:39 --> Session: Class initialized using 'CodeIgniter\Session\Handlers\FileHandler' driver.
WARNING - 2025-02-06 12:15:39 --> [DEPRECATED] Passing lowercase HTTP method "get" is deprecated. Use uppercase HTTP method like "GET". in SYSTEMPATH/Router/RouteCollection.php on line 1026.
 1 SYSTEMPATH/Router/RouteCollection.php(1026): trigger_error('Passing lowercase HTTP method "get" is deprecated. Use uppercase HTTP method like "GET".', 16384)
 2 ROOTPATH/Modules/Templates/Config/Routes.php(7): CodeIgniter\Router\RouteCollection->match([...], '/', 'Templates::index')
 3 SYSTEMPATH/Router/RouteCollection.php(799): CodeIgniter\Router\RouteCollection->{closure}(Object(CodeIgniter\Router\RouteCollection))
 4 ROOTPATH/Modules/Templates/Config/Routes.php(4): CodeIgniter\Router\RouteCollection->group('templates', [...], Object(Closure))
 5 SYSTEMPATH/Router/RouteCollection.php(372): include('/Users/alanmartin/Sites/localhost/hmvc-master/Ci4/Modules/Templates/Config/Routes.php')
 6 SYSTEMPATH/Router/RouteCollection.php(342): CodeIgniter\Router\RouteCollection->discoverRoutes()
 7 SYSTEMPATH/CodeIgniter.php(821): CodeIgniter\Router\RouteCollection->loadRoutes()
 8 SYSTEMPATH/CodeIgniter.php(455): CodeIgniter\CodeIgniter->tryToRouteIt(null)
 9 SYSTEMPATH/CodeIgniter.php(354): CodeIgniter\CodeIgniter->handleRequest(null, Object(Config\Cache), false)
10 SYSTEMPATH/Boot.php(334): CodeIgniter\CodeIgniter->run()
11 SYSTEMPATH/Boot.php(67): CodeIgniter\Boot::runCodeIgniter(Object(CodeIgniter\CodeIgniter))
12 FCPATH/index.php(56): CodeIgniter\Boot::bootWeb(Object(Config\Paths))
WARNING - 2025-02-06 12:15:39 --> [DEPRECATED] Passing lowercase HTTP method "post" is deprecated. Use uppercase HTTP method like "POST". in SYSTEMPATH/Router/RouteCollection.php on line 1026.
 1 SYSTEMPATH/Router/RouteCollection.php(1026): trigger_error('Passing lowercase HTTP method "post" is deprecated. Use uppercase HTTP method like "POST".', 16384)
 2 ROOTPATH/Modules/Templates/Config/Routes.php(7): CodeIgniter\Router\RouteCollection->match([...], '/', 'Templates::index')
 3 SYSTEMPATH/Router/RouteCollection.php(799): CodeIgniter\Router\RouteCollection->{closure}(Object(CodeIgniter\Router\RouteCollection))
 4 ROOTPATH/Modules/Templates/Config/Routes.php(4): CodeIgniter\Router\RouteCollection->group('templates', [...], Object(Closure))
 5 SYSTEMPATH/Router/RouteCollection.php(372): include('/Users/alanmartin/Sites/localhost/hmvc-master/Ci4/Modules/Templates/Config/Routes.php')
 6 SYSTEMPATH/Router/RouteCollection.php(342): CodeIgniter\Router\RouteCollection->discoverRoutes()
 7 SYSTEMPATH/CodeIgniter.php(821): CodeIgniter\Router\RouteCollection->loadRoutes()
 8 SYSTEMPATH/CodeIgniter.php(455): CodeIgniter\CodeIgniter->tryToRouteIt(null)
 9 SYSTEMPATH/CodeIgniter.php(354): CodeIgniter\CodeIgniter->handleRequest(null, Object(Config\Cache), false)
10 SYSTEMPATH/Boot.php(334): CodeIgniter\CodeIgniter->run()
11 SYSTEMPATH/Boot.php(67): CodeIgniter\Boot::runCodeIgniter(Object(CodeIgniter\CodeIgniter))
12 FCPATH/index.php(56): CodeIgniter\Boot::bootWeb(Object(Config\Paths))
DEBUG - 2025-02-06 12:15:39 --> Session: Class initialized using 'CodeIgniter\Session\Handlers\FileHandler' driver.
DEBUG - 2025-02-06 12:15:39 --> Session: Class initialized using 'CodeIgniter\Session\Handlers\FileHandler' driver.
WARNING - 2025-02-06 12:16:00 --> [DEPRECATED] Passing lowercase HTTP method "get" is deprecated. Use uppercase HTTP method like "GET". in SYSTEMPATH/Router/RouteCollection.php on line 1026.
 1 SYSTEMPATH/Router/RouteCollection.php(1026): trigger_error('Passing lowercase HTTP method "get" is deprecated. Use uppercase HTTP method like "GET".', 16384)
 2 ROOTPATH/Modules/Templates/Config/Routes.php(7): CodeIgniter\Router\RouteCollection->match([...], '/', 'Templates::index')
 3 SYSTEMPATH/Router/RouteCollection.php(799): CodeIgniter\Router\RouteCollection->{closure}(Object(CodeIgniter\Router\RouteCollection))
 4 ROOTPATH/Modules/Templates/Config/Routes.php(4): CodeIgniter\Router\RouteCollection->group('templates', [...], Object(Closure))
 5 SYSTEMPATH/Router/RouteCollection.php(372): include('/Users/alanmartin/Sites/localhost/hmvc-master/Ci4/Modules/Templates/Config/Routes.php')
 6 SYSTEMPATH/Router/RouteCollection.php(342): CodeIgniter\Router\RouteCollection->discoverRoutes()
 7 SYSTEMPATH/CodeIgniter.php(821): CodeIgniter\Router\RouteCollection->loadRoutes()
 8 SYSTEMPATH/CodeIgniter.php(455): CodeIgniter\CodeIgniter->tryToRouteIt(null)
 9 SYSTEMPATH/CodeIgniter.php(354): CodeIgniter\CodeIgniter->handleRequest(null, Object(Config\Cache), false)
10 SYSTEMPATH/Boot.php(334): CodeIgniter\CodeIgniter->run()
11 SYSTEMPATH/Boot.php(67): CodeIgniter\Boot::runCodeIgniter(Object(CodeIgniter\CodeIgniter))
12 FCPATH/index.php(56): CodeIgniter\Boot::bootWeb(Object(Config\Paths))
WARNING - 2025-02-06 12:16:00 --> [DEPRECATED] Passing lowercase HTTP method "post" is deprecated. Use uppercase HTTP method like "POST". in SYSTEMPATH/Router/RouteCollection.php on line 1026.
 1 SYSTEMPATH/Router/RouteCollection.php(1026): trigger_error('Passing lowercase HTTP method "post" is deprecated. Use uppercase HTTP method like "POST".', 16384)
 2 ROOTPATH/Modules/Templates/Config/Routes.php(7): CodeIgniter\Router\RouteCollection->match([...], '/', 'Templates::index')
 3 SYSTEMPATH/Router/RouteCollection.php(799): CodeIgniter\Router\RouteCollection->{closure}(Object(CodeIgniter\Router\RouteCollection))
 4 ROOTPATH/Modules/Templates/Config/Routes.php(4): CodeIgniter\Router\RouteCollection->group('templates', [...], Object(Closure))
 5 SYSTEMPATH/Router/RouteCollection.php(372): include('/Users/alanmartin/Sites/localhost/hmvc-master/Ci4/Modules/Templates/Config/Routes.php')
 6 SYSTEMPATH/Router/RouteCollection.php(342): CodeIgniter\Router\RouteCollection->discoverRoutes()
 7 SYSTEMPATH/CodeIgniter.php(821): CodeIgniter\Router\RouteCollection->loadRoutes()
 8 SYSTEMPATH/CodeIgniter.php(455): CodeIgniter\CodeIgniter->tryToRouteIt(null)
 9 SYSTEMPATH/CodeIgniter.php(354): CodeIgniter\CodeIgniter->handleRequest(null, Object(Config\Cache), false)
10 SYSTEMPATH/Boot.php(334): CodeIgniter\CodeIgniter->run()
11 SYSTEMPATH/Boot.php(67): CodeIgniter\Boot::runCodeIgniter(Object(CodeIgniter\CodeIgniter))
12 FCPATH/index.php(56): CodeIgniter\Boot::bootWeb(Object(Config\Paths))
DEBUG - 2025-02-06 12:16:00 --> Session: Class initialized using 'CodeIgniter\Session\Handlers\FileHandler' driver.
WARNING - 2025-02-06 12:16:00 --> [DEPRECATED] Passing lowercase HTTP method "get" is deprecated. Use uppercase HTTP method like "GET". in SYSTEMPATH/Router/RouteCollection.php on line 1026.
 1 SYSTEMPATH/Router/RouteCollection.php(1026): trigger_error('Passing lowercase HTTP method "get" is deprecated. Use uppercase HTTP method like "GET".', 16384)
 2 ROOTPATH/Modules/Templates/Config/Routes.php(7): CodeIgniter\Router\RouteCollection->match([...], '/', 'Templates::index')
 3 SYSTEMPATH/Router/RouteCollection.php(799): CodeIgniter\Router\RouteCollection->{closure}(Object(CodeIgniter\Router\RouteCollection))
 4 ROOTPATH/Modules/Templates/Config/Routes.php(4): CodeIgniter\Router\RouteCollection->group('templates', [...], Object(Closure))
 5 SYSTEMPATH/Router/RouteCollection.php(372): include('/Users/alanmartin/Sites/localhost/hmvc-master/Ci4/Modules/Templates/Config/Routes.php')
 6 SYSTEMPATH/Router/RouteCollection.php(342): CodeIgniter\Router\RouteCollection->discoverRoutes()
 7 SYSTEMPATH/CodeIgniter.php(821): CodeIgniter\Router\RouteCollection->loadRoutes()
 8 SYSTEMPATH/CodeIgniter.php(455): CodeIgniter\CodeIgniter->tryToRouteIt(null)
 9 SYSTEMPATH/CodeIgniter.php(354): CodeIgniter\CodeIgniter->handleRequest(null, Object(Config\Cache), false)
10 SYSTEMPATH/Boot.php(334): CodeIgniter\CodeIgniter->run()
11 SYSTEMPATH/Boot.php(67): CodeIgniter\Boot::runCodeIgniter(Object(CodeIgniter\CodeIgniter))
12 FCPATH/index.php(56): CodeIgniter\Boot::bootWeb(Object(Config\Paths))
WARNING - 2025-02-06 12:16:00 --> [DEPRECATED] Passing lowercase HTTP method "post" is deprecated. Use uppercase HTTP method like "POST". in SYSTEMPATH/Router/RouteCollection.php on line 1026.
 1 SYSTEMPATH/Router/RouteCollection.php(1026): trigger_error('Passing lowercase HTTP method "post" is deprecated. Use uppercase HTTP method like "POST".', 16384)
 2 ROOTPATH/Modules/Templates/Config/Routes.php(7): CodeIgniter\Router\RouteCollection->match([...], '/', 'Templates::index')
 3 SYSTEMPATH/Router/RouteCollection.php(799): CodeIgniter\Router\RouteCollection->{closure}(Object(CodeIgniter\Router\RouteCollection))
 4 ROOTPATH/Modules/Templates/Config/Routes.php(4): CodeIgniter\Router\RouteCollection->group('templates', [...], Object(Closure))
 5 SYSTEMPATH/Router/RouteCollection.php(372): include('/Users/alanmartin/Sites/localhost/hmvc-master/Ci4/Modules/Templates/Config/Routes.php')
 6 SYSTEMPATH/Router/RouteCollection.php(342): CodeIgniter\Router\RouteCollection->discoverRoutes()
 7 SYSTEMPATH/CodeIgniter.php(821): CodeIgniter\Router\RouteCollection->loadRoutes()
 8 SYSTEMPATH/CodeIgniter.php(455): CodeIgniter\CodeIgniter->tryToRouteIt(null)
 9 SYSTEMPATH/CodeIgniter.php(354): CodeIgniter\CodeIgniter->handleRequest(null, Object(Config\Cache), false)
10 SYSTEMPATH/Boot.php(334): CodeIgniter\CodeIgniter->run()
11 SYSTEMPATH/Boot.php(67): CodeIgniter\Boot::runCodeIgniter(Object(CodeIgniter\CodeIgniter))
12 FCPATH/index.php(56): CodeIgniter\Boot::bootWeb(Object(Config\Paths))
DEBUG - 2025-02-06 12:16:00 --> Session: Class initialized using 'CodeIgniter\Session\Handlers\FileHandler' driver.
WARNING - 2025-02-06 12:16:00 --> [DEPRECATED] Passing lowercase HTTP method "get" is deprecated. Use uppercase HTTP method like "GET". in SYSTEMPATH/Router/RouteCollection.php on line 1026.
 1 SYSTEMPATH/Router/RouteCollection.php(1026): trigger_error('Passing lowercase HTTP method "get" is deprecated. Use uppercase HTTP method like "GET".', 16384)
 2 ROOTPATH/Modules/Templates/Config/Routes.php(7): CodeIgniter\Router\RouteCollection->match([...], '/', 'Templates::index')
 3 SYSTEMPATH/Router/RouteCollection.php(799): CodeIgniter\Router\RouteCollection->{closure}(Object(CodeIgniter\Router\RouteCollection))
 4 ROOTPATH/Modules/Templates/Config/Routes.php(4): CodeIgniter\Router\RouteCollection->group('templates', [...], Object(Closure))
 5 SYSTEMPATH/Router/RouteCollection.php(372): include('/Users/alanmartin/Sites/localhost/hmvc-master/Ci4/Modules/Templates/Config/Routes.php')
 6 SYSTEMPATH/Router/RouteCollection.php(342): CodeIgniter\Router\RouteCollection->discoverRoutes()
 7 SYSTEMPATH/CodeIgniter.php(821): CodeIgniter\Router\RouteCollection->loadRoutes()
 8 SYSTEMPATH/CodeIgniter.php(455): CodeIgniter\CodeIgniter->tryToRouteIt(null)
 9 SYSTEMPATH/CodeIgniter.php(354): CodeIgniter\CodeIgniter->handleRequest(null, Object(Config\Cache), false)
10 SYSTEMPATH/Boot.php(334): CodeIgniter\CodeIgniter->run()
11 SYSTEMPATH/Boot.php(67): CodeIgniter\Boot::runCodeIgniter(Object(CodeIgniter\CodeIgniter))
12 FCPATH/index.php(56): CodeIgniter\Boot::bootWeb(Object(Config\Paths))
WARNING - 2025-02-06 12:16:00 --> [DEPRECATED] Passing lowercase HTTP method "post" is deprecated. Use uppercase HTTP method like "POST". in SYSTEMPATH/Router/RouteCollection.php on line 1026.
 1 SYSTEMPATH/Router/RouteCollection.php(1026): trigger_error('Passing lowercase HTTP method "post" is deprecated. Use uppercase HTTP method like "POST".', 16384)
 2 ROOTPATH/Modules/Templates/Config/Routes.php(7): CodeIgniter\Router\RouteCollection->match([...], '/', 'Templates::index')
 3 SYSTEMPATH/Router/RouteCollection.php(799): CodeIgniter\Router\RouteCollection->{closure}(Object(CodeIgniter\Router\RouteCollection))
 4 ROOTPATH/Modules/Templates/Config/Routes.php(4): CodeIgniter\Router\RouteCollection->group('templates', [...], Object(Closure))
 5 SYSTEMPATH/Router/RouteCollection.php(372): include('/Users/alanmartin/Sites/localhost/hmvc-master/Ci4/Modules/Templates/Config/Routes.php')
 6 SYSTEMPATH/Router/RouteCollection.php(342): CodeIgniter\Router\RouteCollection->discoverRoutes()
 7 SYSTEMPATH/CodeIgniter.php(821): CodeIgniter\Router\RouteCollection->loadRoutes()
 8 SYSTEMPATH/CodeIgniter.php(455): CodeIgniter\CodeIgniter->tryToRouteIt(null)
 9 SYSTEMPATH/CodeIgniter.php(354): CodeIgniter\CodeIgniter->handleRequest(null, Object(Config\Cache), false)
10 SYSTEMPATH/Boot.php(334): CodeIgniter\CodeIgniter->run()
11 SYSTEMPATH/Boot.php(67): CodeIgniter\Boot::runCodeIgniter(Object(CodeIgniter\CodeIgniter))
12 FCPATH/index.php(56): CodeIgniter\Boot::bootWeb(Object(Config\Paths))
DEBUG - 2025-02-06 12:16:00 --> Session: Class initialized using 'CodeIgniter\Session\Handlers\FileHandler' driver.
WARNING - 2025-02-06 12:16:25 --> [DEPRECATED] Passing lowercase HTTP method "get" is deprecated. Use uppercase HTTP method like "GET". in SYSTEMPATH/Router/RouteCollection.php on line 1026.
 1 SYSTEMPATH/Router/RouteCollection.php(1026): trigger_error('Passing lowercase HTTP method "get" is deprecated. Use uppercase HTTP method like "GET".', 16384)
 2 ROOTPATH/Modules/Templates/Config/Routes.php(7): CodeIgniter\Router\RouteCollection->match([...], '/', 'Templates::index')
 3 SYSTEMPATH/Router/RouteCollection.php(799): CodeIgniter\Router\RouteCollection->{closure}(Object(CodeIgniter\Router\RouteCollection))
 4 ROOTPATH/Modules/Templates/Config/Routes.php(4): CodeIgniter\Router\RouteCollection->group('templates', [...], Object(Closure))
 5 SYSTEMPATH/Router/RouteCollection.php(372): include('/Users/alanmartin/Sites/localhost/hmvc-master/Ci4/Modules/Templates/Config/Routes.php')
 6 SYSTEMPATH/Router/RouteCollection.php(342): CodeIgniter\Router\RouteCollection->discoverRoutes()
 7 SYSTEMPATH/CodeIgniter.php(821): CodeIgniter\Router\RouteCollection->loadRoutes()
 8 SYSTEMPATH/CodeIgniter.php(455): CodeIgniter\CodeIgniter->tryToRouteIt(null)
 9 SYSTEMPATH/CodeIgniter.php(354): CodeIgniter\CodeIgniter->handleRequest(null, Object(Config\Cache), false)
10 SYSTEMPATH/Boot.php(334): CodeIgniter\CodeIgniter->run()
11 SYSTEMPATH/Boot.php(67): CodeIgniter\Boot::runCodeIgniter(Object(CodeIgniter\CodeIgniter))
12 FCPATH/index.php(56): CodeIgniter\Boot::bootWeb(Object(Config\Paths))
WARNING - 2025-02-06 12:16:25 --> [DEPRECATED] Passing lowercase HTTP method "post" is deprecated. Use uppercase HTTP method like "POST". in SYSTEMPATH/Router/RouteCollection.php on line 1026.
 1 SYSTEMPATH/Router/RouteCollection.php(1026): trigger_error('Passing lowercase HTTP method "post" is deprecated. Use uppercase HTTP method like "POST".', 16384)
 2 ROOTPATH/Modules/Templates/Config/Routes.php(7): CodeIgniter\Router\RouteCollection->match([...], '/', 'Templates::index')
 3 SYSTEMPATH/Router/RouteCollection.php(799): CodeIgniter\Router\RouteCollection->{closure}(Object(CodeIgniter\Router\RouteCollection))
 4 ROOTPATH/Modules/Templates/Config/Routes.php(4): CodeIgniter\Router\RouteCollection->group('templates', [...], Object(Closure))
 5 SYSTEMPATH/Router/RouteCollection.php(372): include('/Users/alanmartin/Sites/localhost/hmvc-master/Ci4/Modules/Templates/Config/Routes.php')
 6 SYSTEMPATH/Router/RouteCollection.php(342): CodeIgniter\Router\RouteCollection->discoverRoutes()
 7 SYSTEMPATH/CodeIgniter.php(821): CodeIgniter\Router\RouteCollection->loadRoutes()
 8 SYSTEMPATH/CodeIgniter.php(455): CodeIgniter\CodeIgniter->tryToRouteIt(null)
 9 SYSTEMPATH/CodeIgniter.php(354): CodeIgniter\CodeIgniter->handleRequest(null, Object(Config\Cache), false)
10 SYSTEMPATH/Boot.php(334): CodeIgniter\CodeIgniter->run()
11 SYSTEMPATH/Boot.php(67): CodeIgniter\Boot::runCodeIgniter(Object(CodeIgniter\CodeIgniter))
12 FCPATH/index.php(56): CodeIgniter\Boot::bootWeb(Object(Config\Paths))
DEBUG - 2025-02-06 12:16:25 --> Session: Class initialized using 'CodeIgniter\Session\Handlers\FileHandler' driver.
WARNING - 2025-02-06 12:16:25 --> [DEPRECATED] Passing lowercase HTTP method "get" is deprecated. Use uppercase HTTP method like "GET". in SYSTEMPATH/Router/RouteCollection.php on line 1026.
 1 SYSTEMPATH/Router/RouteCollection.php(1026): trigger_error('Passing lowercase HTTP method "get" is deprecated. Use uppercase HTTP method like "GET".', 16384)
 2 ROOTPATH/Modules/Templates/Config/Routes.php(7): CodeIgniter\Router\RouteCollection->match([...], '/', 'Templates::index')
 3 SYSTEMPATH/Router/RouteCollection.php(799): CodeIgniter\Router\RouteCollection->{closure}(Object(CodeIgniter\Router\RouteCollection))
 4 ROOTPATH/Modules/Templates/Config/Routes.php(4): CodeIgniter\Router\RouteCollection->group('templates', [...], Object(Closure))
 5 SYSTEMPATH/Router/RouteCollection.php(372): include('/Users/alanmartin/Sites/localhost/hmvc-master/Ci4/Modules/Templates/Config/Routes.php')
 6 SYSTEMPATH/Router/RouteCollection.php(342): CodeIgniter\Router\RouteCollection->discoverRoutes()
 7 SYSTEMPATH/CodeIgniter.php(821): CodeIgniter\Router\RouteCollection->loadRoutes()
 8 SYSTEMPATH/CodeIgniter.php(455): CodeIgniter\CodeIgniter->tryToRouteIt(null)
 9 SYSTEMPATH/CodeIgniter.php(354): CodeIgniter\CodeIgniter->handleRequest(null, Object(Config\Cache), false)
10 SYSTEMPATH/Boot.php(334): CodeIgniter\CodeIgniter->run()
11 SYSTEMPATH/Boot.php(67): CodeIgniter\Boot::runCodeIgniter(Object(CodeIgniter\CodeIgniter))
12 FCPATH/index.php(56): CodeIgniter\Boot::bootWeb(Object(Config\Paths))
WARNING - 2025-02-06 12:16:25 --> [DEPRECATED] Passing lowercase HTTP method "post" is deprecated. Use uppercase HTTP method like "POST". in SYSTEMPATH/Router/RouteCollection.php on line 1026.
 1 SYSTEMPATH/Router/RouteCollection.php(1026): trigger_error('Passing lowercase HTTP method "post" is deprecated. Use uppercase HTTP method like "POST".', 16384)
 2 ROOTPATH/Modules/Templates/Config/Routes.php(7): CodeIgniter\Router\RouteCollection->match([...], '/', 'Templates::index')
 3 SYSTEMPATH/Router/RouteCollection.php(799): CodeIgniter\Router\RouteCollection->{closure}(Object(CodeIgniter\Router\RouteCollection))
 4 ROOTPATH/Modules/Templates/Config/Routes.php(4): CodeIgniter\Router\RouteCollection->group('templates', [...], Object(Closure))
 5 SYSTEMPATH/Router/RouteCollection.php(372): include('/Users/alanmartin/Sites/localhost/hmvc-master/Ci4/Modules/Templates/Config/Routes.php')
 6 SYSTEMPATH/Router/RouteCollection.php(342): CodeIgniter\Router\RouteCollection->discoverRoutes()
 7 SYSTEMPATH/CodeIgniter.php(821): CodeIgniter\Router\RouteCollection->loadRoutes()
 8 SYSTEMPATH/CodeIgniter.php(455): CodeIgniter\CodeIgniter->tryToRouteIt(null)
 9 SYSTEMPATH/CodeIgniter.php(354): CodeIgniter\CodeIgniter->handleRequest(null, Object(Config\Cache), false)
10 SYSTEMPATH/Boot.php(334): CodeIgniter\CodeIgniter->run()
11 SYSTEMPATH/Boot.php(67): CodeIgniter\Boot::runCodeIgniter(Object(CodeIgniter\CodeIgniter))
12 FCPATH/index.php(56): CodeIgniter\Boot::bootWeb(Object(Config\Paths))
DEBUG - 2025-02-06 12:16:25 --> Session: Class initialized using 'CodeIgniter\Session\Handlers\FileHandler' driver.
DEBUG - 2025-02-06 12:16:25 --> Session: Class initialized using 'CodeIgniter\Session\Handlers\FileHandler' driver.
WARNING - 2025-02-06 12:17:06 --> [DEPRECATED] Passing lowercase HTTP method "get" is deprecated. Use uppercase HTTP method like "GET". in SYSTEMPATH/Router/RouteCollection.php on line 1026.
 1 SYSTEMPATH/Router/RouteCollection.php(1026): trigger_error('Passing lowercase HTTP method "get" is deprecated. Use uppercase HTTP method like "GET".', 16384)
 2 ROOTPATH/Modules/Templates/Config/Routes.php(7): CodeIgniter\Router\RouteCollection->match([...], '/', 'Templates::index')
 3 SYSTEMPATH/Router/RouteCollection.php(799): CodeIgniter\Router\RouteCollection->{closure}(Object(CodeIgniter\Router\RouteCollection))
 4 ROOTPATH/Modules/Templates/Config/Routes.php(4): CodeIgniter\Router\RouteCollection->group('templates', [...], Object(Closure))
 5 SYSTEMPATH/Router/RouteCollection.php(372): include('/Users/alanmartin/Sites/localhost/hmvc-master/Ci4/Modules/Templates/Config/Routes.php')
 6 SYSTEMPATH/Router/RouteCollection.php(342): CodeIgniter\Router\RouteCollection->discoverRoutes()
 7 SYSTEMPATH/CodeIgniter.php(821): CodeIgniter\Router\RouteCollection->loadRoutes()
 8 SYSTEMPATH/CodeIgniter.php(455): CodeIgniter\CodeIgniter->tryToRouteIt(null)
 9 SYSTEMPATH/CodeIgniter.php(354): CodeIgniter\CodeIgniter->handleRequest(null, Object(Config\Cache), false)
10 SYSTEMPATH/Boot.php(334): CodeIgniter\CodeIgniter->run()
11 SYSTEMPATH/Boot.php(67): CodeIgniter\Boot::runCodeIgniter(Object(CodeIgniter\CodeIgniter))
12 FCPATH/index.php(56): CodeIgniter\Boot::bootWeb(Object(Config\Paths))
WARNING - 2025-02-06 12:17:06 --> [DEPRECATED] Passing lowercase HTTP method "post" is deprecated. Use uppercase HTTP method like "POST". in SYSTEMPATH/Router/RouteCollection.php on line 1026.
 1 SYSTEMPATH/Router/RouteCollection.php(1026): trigger_error('Passing lowercase HTTP method "post" is deprecated. Use uppercase HTTP method like "POST".', 16384)
 2 ROOTPATH/Modules/Templates/Config/Routes.php(7): CodeIgniter\Router\RouteCollection->match([...], '/', 'Templates::index')
 3 SYSTEMPATH/Router/RouteCollection.php(799): CodeIgniter\Router\RouteCollection->{closure}(Object(CodeIgniter\Router\RouteCollection))
 4 ROOTPATH/Modules/Templates/Config/Routes.php(4): CodeIgniter\Router\RouteCollection->group('templates', [...], Object(Closure))
 5 SYSTEMPATH/Router/RouteCollection.php(372): include('/Users/alanmartin/Sites/localhost/hmvc-master/Ci4/Modules/Templates/Config/Routes.php')
 6 SYSTEMPATH/Router/RouteCollection.php(342): CodeIgniter\Router\RouteCollection->discoverRoutes()
 7 SYSTEMPATH/CodeIgniter.php(821): CodeIgniter\Router\RouteCollection->loadRoutes()
 8 SYSTEMPATH/CodeIgniter.php(455): CodeIgniter\CodeIgniter->tryToRouteIt(null)
 9 SYSTEMPATH/CodeIgniter.php(354): CodeIgniter\CodeIgniter->handleRequest(null, Object(Config\Cache), false)
10 SYSTEMPATH/Boot.php(334): CodeIgniter\CodeIgniter->run()
11 SYSTEMPATH/Boot.php(67): CodeIgniter\Boot::runCodeIgniter(Object(CodeIgniter\CodeIgniter))
12 FCPATH/index.php(56): CodeIgniter\Boot::bootWeb(Object(Config\Paths))
DEBUG - 2025-02-06 12:17:06 --> Session: Class initialized using 'CodeIgniter\Session\Handlers\FileHandler' driver.
WARNING - 2025-02-06 12:17:06 --> [DEPRECATED] Passing lowercase HTTP method "get" is deprecated. Use uppercase HTTP method like "GET". in SYSTEMPATH/Router/RouteCollection.php on line 1026.
 1 SYSTEMPATH/Router/RouteCollection.php(1026): trigger_error('Passing lowercase HTTP method "get" is deprecated. Use uppercase HTTP method like "GET".', 16384)
 2 ROOTPATH/Modules/Templates/Config/Routes.php(7): CodeIgniter\Router\RouteCollection->match([...], '/', 'Templates::index')
 3 SYSTEMPATH/Router/RouteCollection.php(799): CodeIgniter\Router\RouteCollection->{closure}(Object(CodeIgniter\Router\RouteCollection))
 4 ROOTPATH/Modules/Templates/Config/Routes.php(4): CodeIgniter\Router\RouteCollection->group('templates', [...], Object(Closure))
 5 SYSTEMPATH/Router/RouteCollection.php(372): include('/Users/alanmartin/Sites/localhost/hmvc-master/Ci4/Modules/Templates/Config/Routes.php')
 6 SYSTEMPATH/Router/RouteCollection.php(342): CodeIgniter\Router\RouteCollection->discoverRoutes()
 7 SYSTEMPATH/CodeIgniter.php(821): CodeIgniter\Router\RouteCollection->loadRoutes()
 8 SYSTEMPATH/CodeIgniter.php(455): CodeIgniter\CodeIgniter->tryToRouteIt(null)
 9 SYSTEMPATH/CodeIgniter.php(354): CodeIgniter\CodeIgniter->handleRequest(null, Object(Config\Cache), false)
10 SYSTEMPATH/Boot.php(334): CodeIgniter\CodeIgniter->run()
11 SYSTEMPATH/Boot.php(67): CodeIgniter\Boot::runCodeIgniter(Object(CodeIgniter\CodeIgniter))
12 FCPATH/index.php(56): CodeIgniter\Boot::bootWeb(Object(Config\Paths))
WARNING - 2025-02-06 12:17:06 --> [DEPRECATED] Passing lowercase HTTP method "post" is deprecated. Use uppercase HTTP method like "POST". in SYSTEMPATH/Router/RouteCollection.php on line 1026.
 1 SYSTEMPATH/Router/RouteCollection.php(1026): trigger_error('Passing lowercase HTTP method "post" is deprecated. Use uppercase HTTP method like "POST".', 16384)
 2 ROOTPATH/Modules/Templates/Config/Routes.php(7): CodeIgniter\Router\RouteCollection->match([...], '/', 'Templates::index')
 3 SYSTEMPATH/Router/RouteCollection.php(799): CodeIgniter\Router\RouteCollection->{closure}(Object(CodeIgniter\Router\RouteCollection))
 4 ROOTPATH/Modules/Templates/Config/Routes.php(4): CodeIgniter\Router\RouteCollection->group('templates', [...], Object(Closure))
 5 SYSTEMPATH/Router/RouteCollection.php(372): include('/Users/alanmartin/Sites/localhost/hmvc-master/Ci4/Modules/Templates/Config/Routes.php')
 6 SYSTEMPATH/Router/RouteCollection.php(342): CodeIgniter\Router\RouteCollection->discoverRoutes()
 7 SYSTEMPATH/CodeIgniter.php(821): CodeIgniter\Router\RouteCollection->loadRoutes()
 8 SYSTEMPATH/CodeIgniter.php(455): CodeIgniter\CodeIgniter->tryToRouteIt(null)
 9 SYSTEMPATH/CodeIgniter.php(354): CodeIgniter\CodeIgniter->handleRequest(null, Object(Config\Cache), false)
10 SYSTEMPATH/Boot.php(334): CodeIgniter\CodeIgniter->run()
11 SYSTEMPATH/Boot.php(67): CodeIgniter\Boot::runCodeIgniter(Object(CodeIgniter\CodeIgniter))
12 FCPATH/index.php(56): CodeIgniter\Boot::bootWeb(Object(Config\Paths))
DEBUG - 2025-02-06 12:17:06 --> Session: Class initialized using 'CodeIgniter\Session\Handlers\FileHandler' driver.
WARNING - 2025-02-06 12:40:38 --> [DEPRECATED] Passing lowercase HTTP method "get" is deprecated. Use uppercase HTTP method like "GET". in SYSTEMPATH/Router/RouteCollection.php on line 1026.
 1 SYSTEMPATH/Router/RouteCollection.php(1026): trigger_error('Passing lowercase HTTP method "get" is deprecated. Use uppercase HTTP method like "GET".', 16384)
 2 ROOTPATH/Modules/Templates/Config/Routes.php(7): CodeIgniter\Router\RouteCollection->match([...], '/', 'Templates::index')
 3 SYSTEMPATH/Router/RouteCollection.php(799): CodeIgniter\Router\RouteCollection->{closure}(Object(CodeIgniter\Router\RouteCollection))
 4 ROOTPATH/Modules/Templates/Config/Routes.php(4): CodeIgniter\Router\RouteCollection->group('templates', [...], Object(Closure))
 5 SYSTEMPATH/Router/RouteCollection.php(372): include('/Users/alanmartin/Sites/localhost/hmvc-master/Ci4/Modules/Templates/Config/Routes.php')
 6 SYSTEMPATH/Router/RouteCollection.php(342): CodeIgniter\Router\RouteCollection->discoverRoutes()
 7 SYSTEMPATH/CodeIgniter.php(821): CodeIgniter\Router\RouteCollection->loadRoutes()
 8 SYSTEMPATH/CodeIgniter.php(455): CodeIgniter\CodeIgniter->tryToRouteIt(null)
 9 SYSTEMPATH/CodeIgniter.php(354): CodeIgniter\CodeIgniter->handleRequest(null, Object(Config\Cache), false)
10 SYSTEMPATH/Boot.php(334): CodeIgniter\CodeIgniter->run()
11 SYSTEMPATH/Boot.php(67): CodeIgniter\Boot::runCodeIgniter(Object(CodeIgniter\CodeIgniter))
12 FCPATH/index.php(56): CodeIgniter\Boot::bootWeb(Object(Config\Paths))
WARNING - 2025-02-06 12:40:38 --> [DEPRECATED] Passing lowercase HTTP method "post" is deprecated. Use uppercase HTTP method like "POST". in SYSTEMPATH/Router/RouteCollection.php on line 1026.
 1 SYSTEMPATH/Router/RouteCollection.php(1026): trigger_error('Passing lowercase HTTP method "post" is deprecated. Use uppercase HTTP method like "POST".', 16384)
 2 ROOTPATH/Modules/Templates/Config/Routes.php(7): CodeIgniter\Router\RouteCollection->match([...], '/', 'Templates::index')
 3 SYSTEMPATH/Router/RouteCollection.php(799): CodeIgniter\Router\RouteCollection->{closure}(Object(CodeIgniter\Router\RouteCollection))
 4 ROOTPATH/Modules/Templates/Config/Routes.php(4): CodeIgniter\Router\RouteCollection->group('templates', [...], Object(Closure))
 5 SYSTEMPATH/Router/RouteCollection.php(372): include('/Users/alanmartin/Sites/localhost/hmvc-master/Ci4/Modules/Templates/Config/Routes.php')
 6 SYSTEMPATH/Router/RouteCollection.php(342): CodeIgniter\Router\RouteCollection->discoverRoutes()
 7 SYSTEMPATH/CodeIgniter.php(821): CodeIgniter\Router\RouteCollection->loadRoutes()
 8 SYSTEMPATH/CodeIgniter.php(455): CodeIgniter\CodeIgniter->tryToRouteIt(null)
 9 SYSTEMPATH/CodeIgniter.php(354): CodeIgniter\CodeIgniter->handleRequest(null, Object(Config\Cache), false)
10 SYSTEMPATH/Boot.php(334): CodeIgniter\CodeIgniter->run()
11 SYSTEMPATH/Boot.php(67): CodeIgniter\Boot::runCodeIgniter(Object(CodeIgniter\CodeIgniter))
12 FCPATH/index.php(56): CodeIgniter\Boot::bootWeb(Object(Config\Paths))
CRITICAL - 2025-02-06 12:40:38 --> ParseError: syntax error, unexpected end of file, expecting "elseif" or "else" or "endif"
[Method: GET, Route: /]
in ROOTPATH/Modules/Home/Views/index.php on line 340.
 1 SYSTEMPATH/View/View.php(227): CodeIgniter\View\View->CodeIgniter\View\{closure}()
 2 SYSTEMPATH/Common.php(1173): CodeIgniter\View\View->render('\\Modules\\Home\\Views\\index', [], true)
 3 ROOTPATH/Modules/Home/Controllers/Home.php(42): view('\\Modules\\Home\\Views\\index')
 4 SYSTEMPATH/CodeIgniter.php(933): Modules\Home\Controllers\Home->index()
 5 SYSTEMPATH/CodeIgniter.php(507): CodeIgniter\CodeIgniter->runController(Object(Modules\Home\Controllers\Home))
 6 SYSTEMPATH/CodeIgniter.php(354): CodeIgniter\CodeIgniter->handleRequest(null, Object(Config\Cache), false)
 7 SYSTEMPATH/Boot.php(334): CodeIgniter\CodeIgniter->run()
 8 SYSTEMPATH/Boot.php(67): CodeIgniter\Boot::runCodeIgniter(Object(CodeIgniter\CodeIgniter))
 9 FCPATH/index.php(56): CodeIgniter\Boot::bootWeb(Object(Config\Paths))
WARNING - 2025-02-06 12:41:19 --> [DEPRECATED] Passing lowercase HTTP method "get" is deprecated. Use uppercase HTTP method like "GET". in SYSTEMPATH/Router/RouteCollection.php on line 1026.
 1 SYSTEMPATH/Router/RouteCollection.php(1026): trigger_error('Passing lowercase HTTP method "get" is deprecated. Use uppercase HTTP method like "GET".', 16384)
 2 ROOTPATH/Modules/Templates/Config/Routes.php(7): CodeIgniter\Router\RouteCollection->match([...], '/', 'Templates::index')
 3 SYSTEMPATH/Router/RouteCollection.php(799): CodeIgniter\Router\RouteCollection->{closure}(Object(CodeIgniter\Router\RouteCollection))
 4 ROOTPATH/Modules/Templates/Config/Routes.php(4): CodeIgniter\Router\RouteCollection->group('templates', [...], Object(Closure))
 5 SYSTEMPATH/Router/RouteCollection.php(372): include('/Users/alanmartin/Sites/localhost/hmvc-master/Ci4/Modules/Templates/Config/Routes.php')
 6 SYSTEMPATH/Router/RouteCollection.php(342): CodeIgniter\Router\RouteCollection->discoverRoutes()
 7 SYSTEMPATH/CodeIgniter.php(821): CodeIgniter\Router\RouteCollection->loadRoutes()
 8 SYSTEMPATH/CodeIgniter.php(455): CodeIgniter\CodeIgniter->tryToRouteIt(null)
 9 SYSTEMPATH/CodeIgniter.php(354): CodeIgniter\CodeIgniter->handleRequest(null, Object(Config\Cache), false)
10 SYSTEMPATH/Boot.php(334): CodeIgniter\CodeIgniter->run()
11 SYSTEMPATH/Boot.php(67): CodeIgniter\Boot::runCodeIgniter(Object(CodeIgniter\CodeIgniter))
12 FCPATH/index.php(56): CodeIgniter\Boot::bootWeb(Object(Config\Paths))
WARNING - 2025-02-06 12:41:19 --> [DEPRECATED] Passing lowercase HTTP method "post" is deprecated. Use uppercase HTTP method like "POST". in SYSTEMPATH/Router/RouteCollection.php on line 1026.
 1 SYSTEMPATH/Router/RouteCollection.php(1026): trigger_error('Passing lowercase HTTP method "post" is deprecated. Use uppercase HTTP method like "POST".', 16384)
 2 ROOTPATH/Modules/Templates/Config/Routes.php(7): CodeIgniter\Router\RouteCollection->match([...], '/', 'Templates::index')
 3 SYSTEMPATH/Router/RouteCollection.php(799): CodeIgniter\Router\RouteCollection->{closure}(Object(CodeIgniter\Router\RouteCollection))
 4 ROOTPATH/Modules/Templates/Config/Routes.php(4): CodeIgniter\Router\RouteCollection->group('templates', [...], Object(Closure))
 5 SYSTEMPATH/Router/RouteCollection.php(372): include('/Users/alanmartin/Sites/localhost/hmvc-master/Ci4/Modules/Templates/Config/Routes.php')
 6 SYSTEMPATH/Router/RouteCollection.php(342): CodeIgniter\Router\RouteCollection->discoverRoutes()
 7 SYSTEMPATH/CodeIgniter.php(821): CodeIgniter\Router\RouteCollection->loadRoutes()
 8 SYSTEMPATH/CodeIgniter.php(455): CodeIgniter\CodeIgniter->tryToRouteIt(null)
 9 SYSTEMPATH/CodeIgniter.php(354): CodeIgniter\CodeIgniter->handleRequest(null, Object(Config\Cache), false)
10 SYSTEMPATH/Boot.php(334): CodeIgniter\CodeIgniter->run()
11 SYSTEMPATH/Boot.php(67): CodeIgniter\Boot::runCodeIgniter(Object(CodeIgniter\CodeIgniter))
12 FCPATH/index.php(56): CodeIgniter\Boot::bootWeb(Object(Config\Paths))
CRITICAL - 2025-02-06 12:41:19 --> ParseError: syntax error, unexpected end of file, expecting "elseif" or "else" or "endif"
[Method: GET, Route: /]
in ROOTPATH/Modules/Home/Views/index.php on line 340.
 1 SYSTEMPATH/View/View.php(227): CodeIgniter\View\View->CodeIgniter\View\{closure}()
 2 SYSTEMPATH/Common.php(1173): CodeIgniter\View\View->render('\\Modules\\Home\\Views\\index', [], true)
 3 ROOTPATH/Modules/Home/Controllers/Home.php(42): view('\\Modules\\Home\\Views\\index')
 4 SYSTEMPATH/CodeIgniter.php(933): Modules\Home\Controllers\Home->index()
 5 SYSTEMPATH/CodeIgniter.php(507): CodeIgniter\CodeIgniter->runController(Object(Modules\Home\Controllers\Home))
 6 SYSTEMPATH/CodeIgniter.php(354): CodeIgniter\CodeIgniter->handleRequest(null, Object(Config\Cache), false)
 7 SYSTEMPATH/Boot.php(334): CodeIgniter\CodeIgniter->run()
 8 SYSTEMPATH/Boot.php(67): CodeIgniter\Boot::runCodeIgniter(Object(CodeIgniter\CodeIgniter))
 9 FCPATH/index.php(56): CodeIgniter\Boot::bootWeb(Object(Config\Paths))
WARNING - 2025-02-06 12:41:20 --> [DEPRECATED] Passing lowercase HTTP method "get" is deprecated. Use uppercase HTTP method like "GET". in SYSTEMPATH/Router/RouteCollection.php on line 1026.
 1 SYSTEMPATH/Router/RouteCollection.php(1026): trigger_error('Passing lowercase HTTP method "get" is deprecated. Use uppercase HTTP method like "GET".', 16384)
 2 ROOTPATH/Modules/Templates/Config/Routes.php(7): CodeIgniter\Router\RouteCollection->match([...], '/', 'Templates::index')
 3 SYSTEMPATH/Router/RouteCollection.php(799): CodeIgniter\Router\RouteCollection->{closure}(Object(CodeIgniter\Router\RouteCollection))
 4 ROOTPATH/Modules/Templates/Config/Routes.php(4): CodeIgniter\Router\RouteCollection->group('templates', [...], Object(Closure))
 5 SYSTEMPATH/Router/RouteCollection.php(372): include('/Users/alanmartin/Sites/localhost/hmvc-master/Ci4/Modules/Templates/Config/Routes.php')
 6 SYSTEMPATH/Router/RouteCollection.php(342): CodeIgniter\Router\RouteCollection->discoverRoutes()
 7 SYSTEMPATH/CodeIgniter.php(821): CodeIgniter\Router\RouteCollection->loadRoutes()
 8 SYSTEMPATH/CodeIgniter.php(455): CodeIgniter\CodeIgniter->tryToRouteIt(null)
 9 SYSTEMPATH/CodeIgniter.php(354): CodeIgniter\CodeIgniter->handleRequest(null, Object(Config\Cache), false)
10 SYSTEMPATH/Boot.php(334): CodeIgniter\CodeIgniter->run()
11 SYSTEMPATH/Boot.php(67): CodeIgniter\Boot::runCodeIgniter(Object(CodeIgniter\CodeIgniter))
12 FCPATH/index.php(56): CodeIgniter\Boot::bootWeb(Object(Config\Paths))
WARNING - 2025-02-06 12:41:20 --> [DEPRECATED] Passing lowercase HTTP method "post" is deprecated. Use uppercase HTTP method like "POST". in SYSTEMPATH/Router/RouteCollection.php on line 1026.
 1 SYSTEMPATH/Router/RouteCollection.php(1026): trigger_error('Passing lowercase HTTP method "post" is deprecated. Use uppercase HTTP method like "POST".', 16384)
 2 ROOTPATH/Modules/Templates/Config/Routes.php(7): CodeIgniter\Router\RouteCollection->match([...], '/', 'Templates::index')
 3 SYSTEMPATH/Router/RouteCollection.php(799): CodeIgniter\Router\RouteCollection->{closure}(Object(CodeIgniter\Router\RouteCollection))
 4 ROOTPATH/Modules/Templates/Config/Routes.php(4): CodeIgniter\Router\RouteCollection->group('templates', [...], Object(Closure))
 5 SYSTEMPATH/Router/RouteCollection.php(372): include('/Users/alanmartin/Sites/localhost/hmvc-master/Ci4/Modules/Templates/Config/Routes.php')
 6 SYSTEMPATH/Router/RouteCollection.php(342): CodeIgniter\Router\RouteCollection->discoverRoutes()
 7 SYSTEMPATH/CodeIgniter.php(821): CodeIgniter\Router\RouteCollection->loadRoutes()
 8 SYSTEMPATH/CodeIgniter.php(455): CodeIgniter\CodeIgniter->tryToRouteIt(null)
 9 SYSTEMPATH/CodeIgniter.php(354): CodeIgniter\CodeIgniter->handleRequest(null, Object(Config\Cache), false)
10 SYSTEMPATH/Boot.php(334): CodeIgniter\CodeIgniter->run()
11 SYSTEMPATH/Boot.php(67): CodeIgniter\Boot::runCodeIgniter(Object(CodeIgniter\CodeIgniter))
12 FCPATH/index.php(56): CodeIgniter\Boot::bootWeb(Object(Config\Paths))
CRITICAL - 2025-02-06 12:41:20 --> ParseError: syntax error, unexpected end of file, expecting "elseif" or "else" or "endif"
[Method: GET, Route: /]
in ROOTPATH/Modules/Home/Views/index.php on line 340.
 1 SYSTEMPATH/View/View.php(227): CodeIgniter\View\View->CodeIgniter\View\{closure}()
 2 SYSTEMPATH/Common.php(1173): CodeIgniter\View\View->render('\\Modules\\Home\\Views\\index', [], true)
 3 ROOTPATH/Modules/Home/Controllers/Home.php(42): view('\\Modules\\Home\\Views\\index')
 4 SYSTEMPATH/CodeIgniter.php(933): Modules\Home\Controllers\Home->index()
 5 SYSTEMPATH/CodeIgniter.php(507): CodeIgniter\CodeIgniter->runController(Object(Modules\Home\Controllers\Home))
 6 SYSTEMPATH/CodeIgniter.php(354): CodeIgniter\CodeIgniter->handleRequest(null, Object(Config\Cache), false)
 7 SYSTEMPATH/Boot.php(334): CodeIgniter\CodeIgniter->run()
 8 SYSTEMPATH/Boot.php(67): CodeIgniter\Boot::runCodeIgniter(Object(CodeIgniter\CodeIgniter))
 9 FCPATH/index.php(56): CodeIgniter\Boot::bootWeb(Object(Config\Paths))
WARNING - 2025-02-06 12:44:08 --> [DEPRECATED] Passing lowercase HTTP method "get" is deprecated. Use uppercase HTTP method like "GET". in SYSTEMPATH/Router/RouteCollection.php on line 1026.
 1 SYSTEMPATH/Router/RouteCollection.php(1026): trigger_error('Passing lowercase HTTP method "get" is deprecated. Use uppercase HTTP method like "GET".', 16384)
 2 ROOTPATH/Modules/Templates/Config/Routes.php(7): CodeIgniter\Router\RouteCollection->match([...], '/', 'Templates::index')
 3 SYSTEMPATH/Router/RouteCollection.php(799): CodeIgniter\Router\RouteCollection->{closure}(Object(CodeIgniter\Router\RouteCollection))
 4 ROOTPATH/Modules/Templates/Config/Routes.php(4): CodeIgniter\Router\RouteCollection->group('templates', [...], Object(Closure))
 5 SYSTEMPATH/Router/RouteCollection.php(372): include('/Users/alanmartin/Sites/localhost/hmvc-master/Ci4/Modules/Templates/Config/Routes.php')
 6 SYSTEMPATH/Router/RouteCollection.php(342): CodeIgniter\Router\RouteCollection->discoverRoutes()
 7 SYSTEMPATH/CodeIgniter.php(821): CodeIgniter\Router\RouteCollection->loadRoutes()
 8 SYSTEMPATH/CodeIgniter.php(455): CodeIgniter\CodeIgniter->tryToRouteIt(null)
 9 SYSTEMPATH/CodeIgniter.php(354): CodeIgniter\CodeIgniter->handleRequest(null, Object(Config\Cache), false)
10 SYSTEMPATH/Boot.php(334): CodeIgniter\CodeIgniter->run()
11 SYSTEMPATH/Boot.php(67): CodeIgniter\Boot::runCodeIgniter(Object(CodeIgniter\CodeIgniter))
12 FCPATH/index.php(56): CodeIgniter\Boot::bootWeb(Object(Config\Paths))
WARNING - 2025-02-06 12:44:08 --> [DEPRECATED] Passing lowercase HTTP method "post" is deprecated. Use uppercase HTTP method like "POST". in SYSTEMPATH/Router/RouteCollection.php on line 1026.
 1 SYSTEMPATH/Router/RouteCollection.php(1026): trigger_error('Passing lowercase HTTP method "post" is deprecated. Use uppercase HTTP method like "POST".', 16384)
 2 ROOTPATH/Modules/Templates/Config/Routes.php(7): CodeIgniter\Router\RouteCollection->match([...], '/', 'Templates::index')
 3 SYSTEMPATH/Router/RouteCollection.php(799): CodeIgniter\Router\RouteCollection->{closure}(Object(CodeIgniter\Router\RouteCollection))
 4 ROOTPATH/Modules/Templates/Config/Routes.php(4): CodeIgniter\Router\RouteCollection->group('templates', [...], Object(Closure))
 5 SYSTEMPATH/Router/RouteCollection.php(372): include('/Users/alanmartin/Sites/localhost/hmvc-master/Ci4/Modules/Templates/Config/Routes.php')
 6 SYSTEMPATH/Router/RouteCollection.php(342): CodeIgniter\Router\RouteCollection->discoverRoutes()
 7 SYSTEMPATH/CodeIgniter.php(821): CodeIgniter\Router\RouteCollection->loadRoutes()
 8 SYSTEMPATH/CodeIgniter.php(455): CodeIgniter\CodeIgniter->tryToRouteIt(null)
 9 SYSTEMPATH/CodeIgniter.php(354): CodeIgniter\CodeIgniter->handleRequest(null, Object(Config\Cache), false)
10 SYSTEMPATH/Boot.php(334): CodeIgniter\CodeIgniter->run()
11 SYSTEMPATH/Boot.php(67): CodeIgniter\Boot::runCodeIgniter(Object(CodeIgniter\CodeIgniter))
12 FCPATH/index.php(56): CodeIgniter\Boot::bootWeb(Object(Config\Paths))
DEBUG - 2025-02-06 12:44:08 --> Session: Class initialized using 'CodeIgniter\Session\Handlers\FileHandler' driver.
WARNING - 2025-02-06 12:44:08 --> [DEPRECATED] Passing lowercase HTTP method "get" is deprecated. Use uppercase HTTP method like "GET". in SYSTEMPATH/Router/RouteCollection.php on line 1026.
 1 SYSTEMPATH/Router/RouteCollection.php(1026): trigger_error('Passing lowercase HTTP method "get" is deprecated. Use uppercase HTTP method like "GET".', 16384)
 2 ROOTPATH/Modules/Templates/Config/Routes.php(7): CodeIgniter\Router\RouteCollection->match([...], '/', 'Templates::index')
 3 SYSTEMPATH/Router/RouteCollection.php(799): CodeIgniter\Router\RouteCollection->{closure}(Object(CodeIgniter\Router\RouteCollection))
 4 ROOTPATH/Modules/Templates/Config/Routes.php(4): CodeIgniter\Router\RouteCollection->group('templates', [...], Object(Closure))
 5 SYSTEMPATH/Router/RouteCollection.php(372): include('/Users/alanmartin/Sites/localhost/hmvc-master/Ci4/Modules/Templates/Config/Routes.php')
 6 SYSTEMPATH/Router/RouteCollection.php(342): CodeIgniter\Router\RouteCollection->discoverRoutes()
 7 SYSTEMPATH/CodeIgniter.php(821): CodeIgniter\Router\RouteCollection->loadRoutes()
 8 SYSTEMPATH/CodeIgniter.php(455): CodeIgniter\CodeIgniter->tryToRouteIt(null)
 9 SYSTEMPATH/CodeIgniter.php(354): CodeIgniter\CodeIgniter->handleRequest(null, Object(Config\Cache), false)
10 SYSTEMPATH/Boot.php(334): CodeIgniter\CodeIgniter->run()
11 SYSTEMPATH/Boot.php(67): CodeIgniter\Boot::runCodeIgniter(Object(CodeIgniter\CodeIgniter))
12 FCPATH/index.php(56): CodeIgniter\Boot::bootWeb(Object(Config\Paths))
WARNING - 2025-02-06 12:44:08 --> [DEPRECATED] Passing lowercase HTTP method "post" is deprecated. Use uppercase HTTP method like "POST". in SYSTEMPATH/Router/RouteCollection.php on line 1026.
 1 SYSTEMPATH/Router/RouteCollection.php(1026): trigger_error('Passing lowercase HTTP method "post" is deprecated. Use uppercase HTTP method like "POST".', 16384)
 2 ROOTPATH/Modules/Templates/Config/Routes.php(7): CodeIgniter\Router\RouteCollection->match([...], '/', 'Templates::index')
 3 SYSTEMPATH/Router/RouteCollection.php(799): CodeIgniter\Router\RouteCollection->{closure}(Object(CodeIgniter\Router\RouteCollection))
 4 ROOTPATH/Modules/Templates/Config/Routes.php(4): CodeIgniter\Router\RouteCollection->group('templates', [...], Object(Closure))
 5 SYSTEMPATH/Router/RouteCollection.php(372): include('/Users/alanmartin/Sites/localhost/hmvc-master/Ci4/Modules/Templates/Config/Routes.php')
 6 SYSTEMPATH/Router/RouteCollection.php(342): CodeIgniter\Router\RouteCollection->discoverRoutes()
 7 SYSTEMPATH/CodeIgniter.php(821): CodeIgniter\Router\RouteCollection->loadRoutes()
 8 SYSTEMPATH/CodeIgniter.php(455): CodeIgniter\CodeIgniter->tryToRouteIt(null)
 9 SYSTEMPATH/CodeIgniter.php(354): CodeIgniter\CodeIgniter->handleRequest(null, Object(Config\Cache), false)
10 SYSTEMPATH/Boot.php(334): CodeIgniter\CodeIgniter->run()
11 SYSTEMPATH/Boot.php(67): CodeIgniter\Boot::runCodeIgniter(Object(CodeIgniter\CodeIgniter))
12 FCPATH/index.php(56): CodeIgniter\Boot::bootWeb(Object(Config\Paths))
DEBUG - 2025-02-06 12:44:09 --> Session: Class initialized using 'CodeIgniter\Session\Handlers\FileHandler' driver.
WARNING - 2025-02-06 12:44:55 --> [DEPRECATED] Passing lowercase HTTP method "get" is deprecated. Use uppercase HTTP method like "GET". in SYSTEMPATH/Router/RouteCollection.php on line 1026.
 1 SYSTEMPATH/Router/RouteCollection.php(1026): trigger_error('Passing lowercase HTTP method "get" is deprecated. Use uppercase HTTP method like "GET".', 16384)
 2 ROOTPATH/Modules/Templates/Config/Routes.php(7): CodeIgniter\Router\RouteCollection->match([...], '/', 'Templates::index')
 3 SYSTEMPATH/Router/RouteCollection.php(799): CodeIgniter\Router\RouteCollection->{closure}(Object(CodeIgniter\Router\RouteCollection))
 4 ROOTPATH/Modules/Templates/Config/Routes.php(4): CodeIgniter\Router\RouteCollection->group('templates', [...], Object(Closure))
 5 SYSTEMPATH/Router/RouteCollection.php(372): include('/Users/alanmartin/Sites/localhost/hmvc-master/Ci4/Modules/Templates/Config/Routes.php')
 6 SYSTEMPATH/Router/RouteCollection.php(342): CodeIgniter\Router\RouteCollection->discoverRoutes()
 7 SYSTEMPATH/CodeIgniter.php(821): CodeIgniter\Router\RouteCollection->loadRoutes()
 8 SYSTEMPATH/CodeIgniter.php(455): CodeIgniter\CodeIgniter->tryToRouteIt(null)
 9 SYSTEMPATH/CodeIgniter.php(354): CodeIgniter\CodeIgniter->handleRequest(null, Object(Config\Cache), false)
10 SYSTEMPATH/Boot.php(334): CodeIgniter\CodeIgniter->run()
11 SYSTEMPATH/Boot.php(67): CodeIgniter\Boot::runCodeIgniter(Object(CodeIgniter\CodeIgniter))
12 FCPATH/index.php(56): CodeIgniter\Boot::bootWeb(Object(Config\Paths))
WARNING - 2025-02-06 12:44:55 --> [DEPRECATED] Passing lowercase HTTP method "post" is deprecated. Use uppercase HTTP method like "POST". in SYSTEMPATH/Router/RouteCollection.php on line 1026.
 1 SYSTEMPATH/Router/RouteCollection.php(1026): trigger_error('Passing lowercase HTTP method "post" is deprecated. Use uppercase HTTP method like "POST".', 16384)
 2 ROOTPATH/Modules/Templates/Config/Routes.php(7): CodeIgniter\Router\RouteCollection->match([...], '/', 'Templates::index')
 3 SYSTEMPATH/Router/RouteCollection.php(799): CodeIgniter\Router\RouteCollection->{closure}(Object(CodeIgniter\Router\RouteCollection))
 4 ROOTPATH/Modules/Templates/Config/Routes.php(4): CodeIgniter\Router\RouteCollection->group('templates', [...], Object(Closure))
 5 SYSTEMPATH/Router/RouteCollection.php(372): include('/Users/alanmartin/Sites/localhost/hmvc-master/Ci4/Modules/Templates/Config/Routes.php')
 6 SYSTEMPATH/Router/RouteCollection.php(342): CodeIgniter\Router\RouteCollection->discoverRoutes()
 7 SYSTEMPATH/CodeIgniter.php(821): CodeIgniter\Router\RouteCollection->loadRoutes()
 8 SYSTEMPATH/CodeIgniter.php(455): CodeIgniter\CodeIgniter->tryToRouteIt(null)
 9 SYSTEMPATH/CodeIgniter.php(354): CodeIgniter\CodeIgniter->handleRequest(null, Object(Config\Cache), false)
10 SYSTEMPATH/Boot.php(334): CodeIgniter\CodeIgniter->run()
11 SYSTEMPATH/Boot.php(67): CodeIgniter\Boot::runCodeIgniter(Object(CodeIgniter\CodeIgniter))
12 FCPATH/index.php(56): CodeIgniter\Boot::bootWeb(Object(Config\Paths))
DEBUG - 2025-02-06 12:44:55 --> Session: Class initialized using 'CodeIgniter\Session\Handlers\FileHandler' driver.
WARNING - 2025-02-06 12:44:55 --> [DEPRECATED] Passing lowercase HTTP method "get" is deprecated. Use uppercase HTTP method like "GET". in SYSTEMPATH/Router/RouteCollection.php on line 1026.
 1 SYSTEMPATH/Router/RouteCollection.php(1026): trigger_error('Passing lowercase HTTP method "get" is deprecated. Use uppercase HTTP method like "GET".', 16384)
 2 ROOTPATH/Modules/Templates/Config/Routes.php(7): CodeIgniter\Router\RouteCollection->match([...], '/', 'Templates::index')
 3 SYSTEMPATH/Router/RouteCollection.php(799): CodeIgniter\Router\RouteCollection->{closure}(Object(CodeIgniter\Router\RouteCollection))
 4 ROOTPATH/Modules/Templates/Config/Routes.php(4): CodeIgniter\Router\RouteCollection->group('templates', [...], Object(Closure))
 5 SYSTEMPATH/Router/RouteCollection.php(372): include('/Users/alanmartin/Sites/localhost/hmvc-master/Ci4/Modules/Templates/Config/Routes.php')
 6 SYSTEMPATH/Router/RouteCollection.php(342): CodeIgniter\Router\RouteCollection->discoverRoutes()
 7 SYSTEMPATH/CodeIgniter.php(821): CodeIgniter\Router\RouteCollection->loadRoutes()
 8 SYSTEMPATH/CodeIgniter.php(455): CodeIgniter\CodeIgniter->tryToRouteIt(null)
 9 SYSTEMPATH/CodeIgniter.php(354): CodeIgniter\CodeIgniter->handleRequest(null, Object(Config\Cache), false)
10 SYSTEMPATH/Boot.php(334): CodeIgniter\CodeIgniter->run()
11 SYSTEMPATH/Boot.php(67): CodeIgniter\Boot::runCodeIgniter(Object(CodeIgniter\CodeIgniter))
12 FCPATH/index.php(56): CodeIgniter\Boot::bootWeb(Object(Config\Paths))
WARNING - 2025-02-06 12:44:55 --> [DEPRECATED] Passing lowercase HTTP method "post" is deprecated. Use uppercase HTTP method like "POST". in SYSTEMPATH/Router/RouteCollection.php on line 1026.
 1 SYSTEMPATH/Router/RouteCollection.php(1026): trigger_error('Passing lowercase HTTP method "post" is deprecated. Use uppercase HTTP method like "POST".', 16384)
 2 ROOTPATH/Modules/Templates/Config/Routes.php(7): CodeIgniter\Router\RouteCollection->match([...], '/', 'Templates::index')
 3 SYSTEMPATH/Router/RouteCollection.php(799): CodeIgniter\Router\RouteCollection->{closure}(Object(CodeIgniter\Router\RouteCollection))
 4 ROOTPATH/Modules/Templates/Config/Routes.php(4): CodeIgniter\Router\RouteCollection->group('templates', [...], Object(Closure))
 5 SYSTEMPATH/Router/RouteCollection.php(372): include('/Users/alanmartin/Sites/localhost/hmvc-master/Ci4/Modules/Templates/Config/Routes.php')
 6 SYSTEMPATH/Router/RouteCollection.php(342): CodeIgniter\Router\RouteCollection->discoverRoutes()
 7 SYSTEMPATH/CodeIgniter.php(821): CodeIgniter\Router\RouteCollection->loadRoutes()
 8 SYSTEMPATH/CodeIgniter.php(455): CodeIgniter\CodeIgniter->tryToRouteIt(null)
 9 SYSTEMPATH/CodeIgniter.php(354): CodeIgniter\CodeIgniter->handleRequest(null, Object(Config\Cache), false)
10 SYSTEMPATH/Boot.php(334): CodeIgniter\CodeIgniter->run()
11 SYSTEMPATH/Boot.php(67): CodeIgniter\Boot::runCodeIgniter(Object(CodeIgniter\CodeIgniter))
12 FCPATH/index.php(56): CodeIgniter\Boot::bootWeb(Object(Config\Paths))
DEBUG - 2025-02-06 12:44:55 --> Session: Class initialized using 'CodeIgniter\Session\Handlers\FileHandler' driver.
WARNING - 2025-02-06 12:45:26 --> [DEPRECATED] Passing lowercase HTTP method "get" is deprecated. Use uppercase HTTP method like "GET". in SYSTEMPATH/Router/RouteCollection.php on line 1026.
 1 SYSTEMPATH/Router/RouteCollection.php(1026): trigger_error('Passing lowercase HTTP method "get" is deprecated. Use uppercase HTTP method like "GET".', 16384)
 2 ROOTPATH/Modules/Templates/Config/Routes.php(7): CodeIgniter\Router\RouteCollection->match([...], '/', 'Templates::index')
 3 SYSTEMPATH/Router/RouteCollection.php(799): CodeIgniter\Router\RouteCollection->{closure}(Object(CodeIgniter\Router\RouteCollection))
 4 ROOTPATH/Modules/Templates/Config/Routes.php(4): CodeIgniter\Router\RouteCollection->group('templates', [...], Object(Closure))
 5 SYSTEMPATH/Router/RouteCollection.php(372): include('/Users/alanmartin/Sites/localhost/hmvc-master/Ci4/Modules/Templates/Config/Routes.php')
 6 SYSTEMPATH/Router/RouteCollection.php(342): CodeIgniter\Router\RouteCollection->discoverRoutes()
 7 SYSTEMPATH/CodeIgniter.php(821): CodeIgniter\Router\RouteCollection->loadRoutes()
 8 SYSTEMPATH/CodeIgniter.php(455): CodeIgniter\CodeIgniter->tryToRouteIt(null)
 9 SYSTEMPATH/CodeIgniter.php(354): CodeIgniter\CodeIgniter->handleRequest(null, Object(Config\Cache), false)
10 SYSTEMPATH/Boot.php(334): CodeIgniter\CodeIgniter->run()
11 SYSTEMPATH/Boot.php(67): CodeIgniter\Boot::runCodeIgniter(Object(CodeIgniter\CodeIgniter))
12 FCPATH/index.php(56): CodeIgniter\Boot::bootWeb(Object(Config\Paths))
WARNING - 2025-02-06 12:45:26 --> [DEPRECATED] Passing lowercase HTTP method "post" is deprecated. Use uppercase HTTP method like "POST". in SYSTEMPATH/Router/RouteCollection.php on line 1026.
 1 SYSTEMPATH/Router/RouteCollection.php(1026): trigger_error('Passing lowercase HTTP method "post" is deprecated. Use uppercase HTTP method like "POST".', 16384)
 2 ROOTPATH/Modules/Templates/Config/Routes.php(7): CodeIgniter\Router\RouteCollection->match([...], '/', 'Templates::index')
 3 SYSTEMPATH/Router/RouteCollection.php(799): CodeIgniter\Router\RouteCollection->{closure}(Object(CodeIgniter\Router\RouteCollection))
 4 ROOTPATH/Modules/Templates/Config/Routes.php(4): CodeIgniter\Router\RouteCollection->group('templates', [...], Object(Closure))
 5 SYSTEMPATH/Router/RouteCollection.php(372): include('/Users/alanmartin/Sites/localhost/hmvc-master/Ci4/Modules/Templates/Config/Routes.php')
 6 SYSTEMPATH/Router/RouteCollection.php(342): CodeIgniter\Router\RouteCollection->discoverRoutes()
 7 SYSTEMPATH/CodeIgniter.php(821): CodeIgniter\Router\RouteCollection->loadRoutes()
 8 SYSTEMPATH/CodeIgniter.php(455): CodeIgniter\CodeIgniter->tryToRouteIt(null)
 9 SYSTEMPATH/CodeIgniter.php(354): CodeIgniter\CodeIgniter->handleRequest(null, Object(Config\Cache), false)
10 SYSTEMPATH/Boot.php(334): CodeIgniter\CodeIgniter->run()
11 SYSTEMPATH/Boot.php(67): CodeIgniter\Boot::runCodeIgniter(Object(CodeIgniter\CodeIgniter))
12 FCPATH/index.php(56): CodeIgniter\Boot::bootWeb(Object(Config\Paths))
DEBUG - 2025-02-06 12:45:26 --> Session: Class initialized using 'CodeIgniter\Session\Handlers\FileHandler' driver.
WARNING - 2025-02-06 12:45:26 --> [DEPRECATED] Passing lowercase HTTP method "get" is deprecated. Use uppercase HTTP method like "GET". in SYSTEMPATH/Router/RouteCollection.php on line 1026.
 1 SYSTEMPATH/Router/RouteCollection.php(1026): trigger_error('Passing lowercase HTTP method "get" is deprecated. Use uppercase HTTP method like "GET".', 16384)
 2 ROOTPATH/Modules/Templates/Config/Routes.php(7): CodeIgniter\Router\RouteCollection->match([...], '/', 'Templates::index')
 3 SYSTEMPATH/Router/RouteCollection.php(799): CodeIgniter\Router\RouteCollection->{closure}(Object(CodeIgniter\Router\RouteCollection))
 4 ROOTPATH/Modules/Templates/Config/Routes.php(4): CodeIgniter\Router\RouteCollection->group('templates', [...], Object(Closure))
 5 SYSTEMPATH/Router/RouteCollection.php(372): include('/Users/alanmartin/Sites/localhost/hmvc-master/Ci4/Modules/Templates/Config/Routes.php')
 6 SYSTEMPATH/Router/RouteCollection.php(342): CodeIgniter\Router\RouteCollection->discoverRoutes()
 7 SYSTEMPATH/CodeIgniter.php(821): CodeIgniter\Router\RouteCollection->loadRoutes()
 8 SYSTEMPATH/CodeIgniter.php(455): CodeIgniter\CodeIgniter->tryToRouteIt(null)
 9 SYSTEMPATH/CodeIgniter.php(354): CodeIgniter\CodeIgniter->handleRequest(null, Object(Config\Cache), false)
10 SYSTEMPATH/Boot.php(334): CodeIgniter\CodeIgniter->run()
11 SYSTEMPATH/Boot.php(67): CodeIgniter\Boot::runCodeIgniter(Object(CodeIgniter\CodeIgniter))
12 FCPATH/index.php(56): CodeIgniter\Boot::bootWeb(Object(Config\Paths))
WARNING - 2025-02-06 12:45:26 --> [DEPRECATED] Passing lowercase HTTP method "post" is deprecated. Use uppercase HTTP method like "POST". in SYSTEMPATH/Router/RouteCollection.php on line 1026.
 1 SYSTEMPATH/Router/RouteCollection.php(1026): trigger_error('Passing lowercase HTTP method "post" is deprecated. Use uppercase HTTP method like "POST".', 16384)
 2 ROOTPATH/Modules/Templates/Config/Routes.php(7): CodeIgniter\Router\RouteCollection->match([...], '/', 'Templates::index')
 3 SYSTEMPATH/Router/RouteCollection.php(799): CodeIgniter\Router\RouteCollection->{closure}(Object(CodeIgniter\Router\RouteCollection))
 4 ROOTPATH/Modules/Templates/Config/Routes.php(4): CodeIgniter\Router\RouteCollection->group('templates', [...], Object(Closure))
 5 SYSTEMPATH/Router/RouteCollection.php(372): include('/Users/alanmartin/Sites/localhost/hmvc-master/Ci4/Modules/Templates/Config/Routes.php')
 6 SYSTEMPATH/Router/RouteCollection.php(342): CodeIgniter\Router\RouteCollection->discoverRoutes()
 7 SYSTEMPATH/CodeIgniter.php(821): CodeIgniter\Router\RouteCollection->loadRoutes()
 8 SYSTEMPATH/CodeIgniter.php(455): CodeIgniter\CodeIgniter->tryToRouteIt(null)
 9 SYSTEMPATH/CodeIgniter.php(354): CodeIgniter\CodeIgniter->handleRequest(null, Object(Config\Cache), false)
10 SYSTEMPATH/Boot.php(334): CodeIgniter\CodeIgniter->run()
11 SYSTEMPATH/Boot.php(67): CodeIgniter\Boot::runCodeIgniter(Object(CodeIgniter\CodeIgniter))
12 FCPATH/index.php(56): CodeIgniter\Boot::bootWeb(Object(Config\Paths))
DEBUG - 2025-02-06 12:45:27 --> Session: Class initialized using 'CodeIgniter\Session\Handlers\FileHandler' driver.
WARNING - 2025-02-06 12:45:59 --> [DEPRECATED] Passing lowercase HTTP method "get" is deprecated. Use uppercase HTTP method like "GET". in SYSTEMPATH/Router/RouteCollection.php on line 1026.
 1 SYSTEMPATH/Router/RouteCollection.php(1026): trigger_error('Passing lowercase HTTP method "get" is deprecated. Use uppercase HTTP method like "GET".', 16384)
 2 ROOTPATH/Modules/Templates/Config/Routes.php(7): CodeIgniter\Router\RouteCollection->match([...], '/', 'Templates::index')
 3 SYSTEMPATH/Router/RouteCollection.php(799): CodeIgniter\Router\RouteCollection->{closure}(Object(CodeIgniter\Router\RouteCollection))
 4 ROOTPATH/Modules/Templates/Config/Routes.php(4): CodeIgniter\Router\RouteCollection->group('templates', [...], Object(Closure))
 5 SYSTEMPATH/Router/RouteCollection.php(372): include('/Users/alanmartin/Sites/localhost/hmvc-master/Ci4/Modules/Templates/Config/Routes.php')
 6 SYSTEMPATH/Router/RouteCollection.php(342): CodeIgniter\Router\RouteCollection->discoverRoutes()
 7 SYSTEMPATH/CodeIgniter.php(821): CodeIgniter\Router\RouteCollection->loadRoutes()
 8 SYSTEMPATH/CodeIgniter.php(455): CodeIgniter\CodeIgniter->tryToRouteIt(null)
 9 SYSTEMPATH/CodeIgniter.php(354): CodeIgniter\CodeIgniter->handleRequest(null, Object(Config\Cache), false)
10 SYSTEMPATH/Boot.php(334): CodeIgniter\CodeIgniter->run()
11 SYSTEMPATH/Boot.php(67): CodeIgniter\Boot::runCodeIgniter(Object(CodeIgniter\CodeIgniter))
12 FCPATH/index.php(56): CodeIgniter\Boot::bootWeb(Object(Config\Paths))
WARNING - 2025-02-06 12:45:59 --> [DEPRECATED] Passing lowercase HTTP method "post" is deprecated. Use uppercase HTTP method like "POST". in SYSTEMPATH/Router/RouteCollection.php on line 1026.
 1 SYSTEMPATH/Router/RouteCollection.php(1026): trigger_error('Passing lowercase HTTP method "post" is deprecated. Use uppercase HTTP method like "POST".', 16384)
 2 ROOTPATH/Modules/Templates/Config/Routes.php(7): CodeIgniter\Router\RouteCollection->match([...], '/', 'Templates::index')
 3 SYSTEMPATH/Router/RouteCollection.php(799): CodeIgniter\Router\RouteCollection->{closure}(Object(CodeIgniter\Router\RouteCollection))
 4 ROOTPATH/Modules/Templates/Config/Routes.php(4): CodeIgniter\Router\RouteCollection->group('templates', [...], Object(Closure))
 5 SYSTEMPATH/Router/RouteCollection.php(372): include('/Users/alanmartin/Sites/localhost/hmvc-master/Ci4/Modules/Templates/Config/Routes.php')
 6 SYSTEMPATH/Router/RouteCollection.php(342): CodeIgniter\Router\RouteCollection->discoverRoutes()
 7 SYSTEMPATH/CodeIgniter.php(821): CodeIgniter\Router\RouteCollection->loadRoutes()
 8 SYSTEMPATH/CodeIgniter.php(455): CodeIgniter\CodeIgniter->tryToRouteIt(null)
 9 SYSTEMPATH/CodeIgniter.php(354): CodeIgniter\CodeIgniter->handleRequest(null, Object(Config\Cache), false)
10 SYSTEMPATH/Boot.php(334): CodeIgniter\CodeIgniter->run()
11 SYSTEMPATH/Boot.php(67): CodeIgniter\Boot::runCodeIgniter(Object(CodeIgniter\CodeIgniter))
12 FCPATH/index.php(56): CodeIgniter\Boot::bootWeb(Object(Config\Paths))
DEBUG - 2025-02-06 12:45:59 --> Session: Class initialized using 'CodeIgniter\Session\Handlers\FileHandler' driver.
WARNING - 2025-02-06 12:45:59 --> [DEPRECATED] Passing lowercase HTTP method "get" is deprecated. Use uppercase HTTP method like "GET". in SYSTEMPATH/Router/RouteCollection.php on line 1026.
 1 SYSTEMPATH/Router/RouteCollection.php(1026): trigger_error('Passing lowercase HTTP method "get" is deprecated. Use uppercase HTTP method like "GET".', 16384)
 2 ROOTPATH/Modules/Templates/Config/Routes.php(7): CodeIgniter\Router\RouteCollection->match([...], '/', 'Templates::index')
 3 SYSTEMPATH/Router/RouteCollection.php(799): CodeIgniter\Router\RouteCollection->{closure}(Object(CodeIgniter\Router\RouteCollection))
 4 ROOTPATH/Modules/Templates/Config/Routes.php(4): CodeIgniter\Router\RouteCollection->group('templates', [...], Object(Closure))
 5 SYSTEMPATH/Router/RouteCollection.php(372): include('/Users/alanmartin/Sites/localhost/hmvc-master/Ci4/Modules/Templates/Config/Routes.php')
 6 SYSTEMPATH/Router/RouteCollection.php(342): CodeIgniter\Router\RouteCollection->discoverRoutes()
 7 SYSTEMPATH/CodeIgniter.php(821): CodeIgniter\Router\RouteCollection->loadRoutes()
 8 SYSTEMPATH/CodeIgniter.php(455): CodeIgniter\CodeIgniter->tryToRouteIt(null)
 9 SYSTEMPATH/CodeIgniter.php(354): CodeIgniter\CodeIgniter->handleRequest(null, Object(Config\Cache), false)
10 SYSTEMPATH/Boot.php(334): CodeIgniter\CodeIgniter->run()
11 SYSTEMPATH/Boot.php(67): CodeIgniter\Boot::runCodeIgniter(Object(CodeIgniter\CodeIgniter))
12 FCPATH/index.php(56): CodeIgniter\Boot::bootWeb(Object(Config\Paths))
WARNING - 2025-02-06 12:45:59 --> [DEPRECATED] Passing lowercase HTTP method "post" is deprecated. Use uppercase HTTP method like "POST". in SYSTEMPATH/Router/RouteCollection.php on line 1026.
 1 SYSTEMPATH/Router/RouteCollection.php(1026): trigger_error('Passing lowercase HTTP method "post" is deprecated. Use uppercase HTTP method like "POST".', 16384)
 2 ROOTPATH/Modules/Templates/Config/Routes.php(7): CodeIgniter\Router\RouteCollection->match([...], '/', 'Templates::index')
 3 SYSTEMPATH/Router/RouteCollection.php(799): CodeIgniter\Router\RouteCollection->{closure}(Object(CodeIgniter\Router\RouteCollection))
 4 ROOTPATH/Modules/Templates/Config/Routes.php(4): CodeIgniter\Router\RouteCollection->group('templates', [...], Object(Closure))
 5 SYSTEMPATH/Router/RouteCollection.php(372): include('/Users/alanmartin/Sites/localhost/hmvc-master/Ci4/Modules/Templates/Config/Routes.php')
 6 SYSTEMPATH/Router/RouteCollection.php(342): CodeIgniter\Router\RouteCollection->discoverRoutes()
 7 SYSTEMPATH/CodeIgniter.php(821): CodeIgniter\Router\RouteCollection->loadRoutes()
 8 SYSTEMPATH/CodeIgniter.php(455): CodeIgniter\CodeIgniter->tryToRouteIt(null)
 9 SYSTEMPATH/CodeIgniter.php(354): CodeIgniter\CodeIgniter->handleRequest(null, Object(Config\Cache), false)
10 SYSTEMPATH/Boot.php(334): CodeIgniter\CodeIgniter->run()
11 SYSTEMPATH/Boot.php(67): CodeIgniter\Boot::runCodeIgniter(Object(CodeIgniter\CodeIgniter))
12 FCPATH/index.php(56): CodeIgniter\Boot::bootWeb(Object(Config\Paths))
DEBUG - 2025-02-06 12:45:59 --> Session: Class initialized using 'CodeIgniter\Session\Handlers\FileHandler' driver.
